doi,publisher,pdf_url,open_access,title,cited_by_count,publication_year,publication_date,openalex_id,benchmark_query,benchmark_year,benchmark_rank,benchmark_source,doi_resolution_method,doi_resolution_confidence,resolved_from_ssrn,resolved_from_repository,resolved_from_arxiv,original_source_type,original_openalex_id,resolved_target_openalex_id,original_doi,journal,journal_id,journal_type,journal_issn_l,journal_issn_json,work_type,citation_normalized_percentile,author_count,first_author,authors_display,authors_json
10.1016/j.commatsci.2025.113701,Elsevier BV,,False,Investigating charge transport layer flexibility for boosted performance in Lead-Free CsSnBr3-based perovskite solar cells,36,2025,2025-01-18,https://openalex.org/W4406569389,a-igzo,2025,1,openalex_title_and_abstract_cited_by_count_desc,none,0.0,False,False,False,journal,https://openalex.org/W4406569389,https://openalex.org/W4406569389,10.1016/j.commatsci.2025.113701,Computational Materials Science,https://openalex.org/S26018076,journal,0927-0256,"[""0927-0256"", ""1879-0801""]",article,0.99770188,6,Asadul Islam Shimul,Asadul Islam Shimul; Ashraful Islam; Avijit Ghosh; Md. Maruf Hossain; Safia Aktar Dipa; R. Jothi Ramalingam,"[{""display_name"": ""Asadul Islam Shimul"", ""id"": ""https://openalex.org/A5115931825"", ""orcid"": ""https://orcid.org/0009-0002-8540-4989"", ""author_position"": ""first"", ""is_corresponding"": false}, {""display_name"": ""Ashraful Islam"", ""id"": ""https://openalex.org/A5015079931"", ""orcid"": ""https://orcid.org/0000-0001-9527-4271"", ""author_position"": ""middle"", ""is_corresponding"": false}, {""display_name"": ""Avijit Ghosh"", ""id"": ""https://openalex.org/A5009665162"", ""orcid"": ""https://orcid.org/0009-0000-8044-7686"", ""author_position"": ""middle"", ""is_corresponding"": true}, {""display_name"": ""Md. Maruf Hossain"", ""id"": ""https://openalex.org/A5100702348"", ""orcid"": ""https://orcid.org/0000-0001-8340-1130"", ""author_position"": ""middle"", ""is_corresponding"": false}, {""display_name"": ""Safia Aktar Dipa"", ""id"": ""https://openalex.org/A5115931826"", ""orcid"": null, ""author_position"": ""middle"", ""is_corresponding"": false}, {""display_name"": ""R. Jothi Ramalingam"", ""id"": ""https://openalex.org/A5112262283"", ""orcid"": null, ""author_position"": ""last"", ""is_corresponding"": false}]"
10.1016/j.nanoen.2025.110837,Elsevier BV,,False,Temperature-driven co-optimization of IGZO/HZO ferroelectric field-effect transistors for optoelectronic neuromorphic computing,21,2025,2025-03-05,https://openalex.org/W4408259932,a-igzo,2025,2,openalex_title_and_abstract_cited_by_count_desc,none,0.0,False,False,False,journal,https://openalex.org/W4408259932,https://openalex.org/W4408259932,10.1016/j.nanoen.2025.110837,Nano Energy,https://openalex.org/S2497301991,journal,2211-2855,"[""2211-2855"", ""2211-3282""]",article,0.99262422,12,Deokjoon Eom,Deokjoon Eom; Hyunhee Kim; Woohui Lee; Changyu Park; Jinsung Park; Hee-Soo Lee; Tae-Kue Kim; San Nam; Yong‐Hoon Kim; Hyoungsub Kim; Hyoungsub Kim; Hyoungsub Kim,"[{""display_name"": ""Deokjoon Eom"", ""id"": ""https://openalex.org/A5054914693"", ""orcid"": null, ""author_position"": ""first"", ""is_corresponding"": false}, {""display_name"": ""Hyunhee Kim"", ""id"": ""https://openalex.org/A5107986697"", ""orcid"": ""https://orcid.org/0000-0003-3241-3638"", ""author_position"": ""middle"", ""is_corresponding"": false}, {""display_name"": ""Woohui Lee"", ""id"": ""https://openalex.org/A5033125209"", ""orcid"": null, ""author_position"": ""middle"", ""is_corresponding"": true}, {""display_name"": ""Changyu Park"", ""id"": ""https://openalex.org/A5081119554"", ""orcid"": null, ""author_position"": ""middle"", ""is_corresponding"": false}, {""display_name"": ""Jinsung Park"", ""id"": ""https://openalex.org/A5022748342"", ""orcid"": ""https://orcid.org/0000-0001-8096-7286"", ""author_position"": ""middle"", ""is_corresponding"": false}, {""display_name"": ""Hee-Soo Lee"", ""id"": ""https://openalex.org/A5103044280"", ""orcid"": ""https://orcid.org/0000-0002-4616-3900"", ""author_position"": ""middle"", ""is_corresponding"": false}, {""display_name"": ""Tae-Kue Kim"", ""id"": ""https://openalex.org/A5068560073"", ""orcid"": ""https://orcid.org/0000-0002-0995-9352"", ""author_position"": ""middle"", ""is_corresponding"": false}, {""display_name"": ""San Nam"", ""id"": ""https://openalex.org/A5083098982"", ""orcid"": null, ""author_position"": ""middle"", ""is_corresponding"": false}, {""display_name"": ""Yong‐Hoon Kim"", ""id"": ""https://openalex.org/A5101404638"", ""orcid"": ""https://orcid.org/0000-0003-0057-1893"", ""author_position"": ""middle"", ""is_corresponding"": false}, {""display_name"": ""Hyoungsub Kim"", ""id"": ""https://openalex.org/A5028907255"", ""orcid"": ""https://orcid.org/0000-0003-3549-4250"", ""author_position"": ""middle"", ""is_corresponding"": true}, {""display_name"": ""Hyoungsub Kim"", ""id"": null, ""orcid"": null, ""author_position"": ""middle"", ""is_corresponding"": true}, {""display_name"": ""Hyoungsub Kim"", ""id"": null, ""orcid"": null, ""author_position"": ""last"", ""is_corresponding"": false}]"
10.1002/adts.202500182,Wiley,https://onlinelibrary.wiley.com/doi/pdfdirect/10.1002/adts.202500182,True,Machine Learning‐Based Optimization and Performance Enhancement of CH<sub>3</sub>NH<sub>3</sub>SnBr<sub>3</sub> Perovskite Solar Cells with Different Charge Transport Materials Using SCAPS‐1D and wxAMPS,20,2025,2025-03-25,https://openalex.org/W4408913494,a-igzo,2025,3,openalex_title_and_abstract_cited_by_count_desc,none,0.0,False,False,False,journal,https://openalex.org/W4408913494,https://openalex.org/W4408913494,10.1002/adts.202500182,Advanced Theory and Simulations,https://openalex.org/S4210193742,journal,2513-0390,"[""2513-0390""]",article,0.99243058,4,Asadul Islam Shimul,Asadul Islam Shimul; Mahfuz Alam Khan; Abu Rayhan; Avijit Ghosh,"[{""display_name"": ""Asadul Islam Shimul"", ""id"": ""https://openalex.org/A5115931825"", ""orcid"": ""https://orcid.org/0009-0002-8540-4989"", ""author_position"": ""first"", ""is_corresponding"": true}, {""display_name"": ""Mahfuz Alam Khan"", ""id"": ""https://openalex.org/A5102840910"", ""orcid"": ""https://orcid.org/0009-0009-0961-4889"", ""author_position"": ""middle"", ""is_corresponding"": false}, {""display_name"": ""Abu Rayhan"", ""id"": ""https://openalex.org/A5103284171"", ""orcid"": ""https://orcid.org/0009-0008-7594-7270"", ""author_position"": ""middle"", ""is_corresponding"": false}, {""display_name"": ""Avijit Ghosh"", ""id"": ""https://openalex.org/A5009665162"", ""orcid"": ""https://orcid.org/0009-0000-8044-7686"", ""author_position"": ""last"", ""is_corresponding"": false}]"
10.1016/j.jmst.2024.12.052,Elsevier BV,,False,Exploitation of temporal dynamics and synaptic plasticity in multilayered ITO/ZnO/IGZO/ZnO/ITO memristor for energy-efficient reservoir computing,18,2025,2025-02-22,https://openalex.org/W4407852380,a-igzo,2025,4,openalex_title_and_abstract_cited_by_count_desc,none,0.0,False,False,False,journal,https://openalex.org/W4407852380,https://openalex.org/W4407852380,10.1016/j.jmst.2024.12.052,Journal of Material Science and Technology,https://openalex.org/S135187643,journal,1005-0302,"[""1005-0302"", ""1941-1162""]",article,0.9900843,5,Muhammad Ismail,Muhammad Ismail; Seung Jun Lee; Maria Rasheed; Chandreswar Mahata; Sungjun Kim,"[{""display_name"": ""Muhammad Ismail"", ""id"": ""https://openalex.org/A5100644891"", ""orcid"": ""https://orcid.org/0000-0002-8880-8164"", ""author_position"": ""first"", ""is_corresponding"": false}, {""display_name"": ""Seung Jun Lee"", ""id"": ""https://openalex.org/A5100757275"", ""orcid"": ""https://orcid.org/0000-0002-3735-4457"", ""author_position"": ""middle"", ""is_corresponding"": false}, {""display_name"": ""Maria Rasheed"", ""id"": ""https://openalex.org/A5066113045"", ""orcid"": null, ""author_position"": ""middle"", ""is_corresponding"": false}, {""display_name"": ""Chandreswar Mahata"", ""id"": ""https://openalex.org/A5002312407"", ""orcid"": ""https://orcid.org/0000-0001-5443-6561"", ""author_position"": ""middle"", ""is_corresponding"": false}, {""display_name"": ""Sungjun Kim"", ""id"": ""https://openalex.org/A5100647604"", ""orcid"": ""https://orcid.org/0000-0002-9873-2474"", ""author_position"": ""last"", ""is_corresponding"": true}]"
10.1088/2631-8695/ada721,IOP Publishing,,False,A comprehensive SCAPS-1D simulation study on the photovoltaic properties and efficiency enhancement of CH<sub>3</sub>NH<sub>3</sub>PbCl<sub>3</sub> perovskite solar cells,17,2025,2025-01-07,https://openalex.org/W4406136005,a-igzo,2025,5,openalex_title_and_abstract_cited_by_count_desc,none,0.0,False,False,False,journal,https://openalex.org/W4406136005,https://openalex.org/W4406136005,10.1088/2631-8695/ada721,Engineering Research Express,https://openalex.org/S4210221144,journal,2631-8695,"[""2631-8695""]",article,0.98863298,9,Md. Raihan Kabir,Md. Raihan Kabir; Mohammad Hasin Ishraq; Md. Tarekuzzaman; Nazmul Islam Nahid; Jibon Krishna Modak; Sohail Ahmad; Asif Mohammed Arfi; Md. Rasheduzzaman; Md. Zahid Hasan,"[{""display_name"": ""Md. Raihan Kabir"", ""id"": ""https://openalex.org/A5084983647"", ""orcid"": ""https://orcid.org/0000-0002-6219-2103"", ""author_position"": ""first"", ""is_corresponding"": true}, {""display_name"": ""Mohammad Hasin Ishraq"", ""id"": ""https://openalex.org/A5013672994"", ""orcid"": null, ""author_position"": ""middle"", ""is_corresponding"": false}, {""display_name"": ""Md. Tarekuzzaman"", ""id"": ""https://openalex.org/A5099393613"", ""orcid"": ""https://orcid.org/0009-0005-7821-1873"", ""author_position"": ""middle"", ""is_corresponding"": false}, {""display_name"": ""Nazmul Islam Nahid"", ""id"": ""https://openalex.org/A5099841017"", ""orcid"": null, ""author_position"": ""middle"", ""is_corresponding"": false}, {""display_name"": ""Jibon Krishna Modak"", ""id"": ""https://openalex.org/A5021823775"", ""orcid"": null, ""author_position"": ""middle"", ""is_corresponding"": false}, {""display_name"": ""Sohail Ahmad"", ""id"": ""https://openalex.org/A5067104493"", ""orcid"": ""https://orcid.org/0000-0001-7253-5686"", ""author_position"": ""middle"", ""is_corresponding"": false}, {""display_name"": ""Asif Mohammed Arfi"", ""id"": ""https://openalex.org/A5008357986"", ""orcid"": ""https://orcid.org/0009-0001-7520-3617"", ""author_position"": ""middle"", ""is_corresponding"": false}, {""display_name"": ""Md. Rasheduzzaman"", ""id"": ""https://openalex.org/A5077524421"", ""orcid"": ""https://orcid.org/0000-0003-1430-3654"", ""author_position"": ""middle"", ""is_corresponding"": false}, {""display_name"": ""Md. Zahid Hasan"", ""id"": ""https://openalex.org/A5064761111"", ""orcid"": ""https://orcid.org/0000-0001-8616-1830"", ""author_position"": ""last"", ""is_corresponding"": false}]"
10.1002/advs.202500568,Wiley,https://onlinelibrary.wiley.com/doi/pdfdirect/10.1002/advs.202500568,True,High‐Performance Synapse Arrays for Neuromorphic Computing via Floating Gate‐Engineered IGZO Synaptic Transistors,15,2025,2025-03-20,https://openalex.org/W4408724941,a-igzo,2025,6,openalex_title_and_abstract_cited_by_count_desc,none,0.0,False,False,False,journal,https://openalex.org/W4408724941,https://openalex.org/W4408724941,10.1002/advs.202500568,Advanced Science,https://openalex.org/S2737737698,journal,2198-3844,"[""2198-3844""]",article,0.98626248,6,Junhyeong Park,Junhyeong Park; Yumin Yun; Sung‐Soo Bae; Yuseong Jang; Seungyoon Shin; Soo‐Yeon Lee,"[{""display_name"": ""Junhyeong Park"", ""id"": ""https://openalex.org/A5001822348"", ""orcid"": ""https://orcid.org/0000-0002-4318-2882"", ""author_position"": ""first"", ""is_corresponding"": false}, {""display_name"": ""Yumin Yun"", ""id"": ""https://openalex.org/A5052046442"", ""orcid"": ""https://orcid.org/0009-0005-8758-6001"", ""author_position"": ""middle"", ""is_corresponding"": false}, {""display_name"": ""Sung‐Soo Bae"", ""id"": ""https://openalex.org/A5111548239"", ""orcid"": null, ""author_position"": ""middle"", ""is_corresponding"": false}, {""display_name"": ""Yuseong Jang"", ""id"": ""https://openalex.org/A5101495044"", ""orcid"": ""https://orcid.org/0000-0002-9057-482X"", ""author_position"": ""middle"", ""is_corresponding"": false}, {""display_name"": ""Seungyoon Shin"", ""id"": ""https://openalex.org/A5048428793"", ""orcid"": ""https://orcid.org/0009-0002-2104-1381"", ""author_position"": ""middle"", ""is_corresponding"": false}, {""display_name"": ""Soo‐Yeon Lee"", ""id"": ""https://openalex.org/A5100626495"", ""orcid"": ""https://orcid.org/0000-0002-9822-2570"", ""author_position"": ""last"", ""is_corresponding"": true}]"
10.1007/s10904-025-03629-3,Springer Science+Business Media,,False,"Hydrostatic Pressure-Driven Insights into Structural, Electronic, Optical, and Mechanical Properties of A3PCl3 (A = Sr, Ba) Cubic Perovskites for Advanced Solar Cell Applications",15,2025,2025-02-08,https://openalex.org/W4407277458,a-igzo,2025,7,openalex_title_and_abstract_cited_by_count_desc,none,0.0,False,False,False,journal,https://openalex.org/W4407277458,https://openalex.org/W4407277458,10.1007/s10904-025-03629-3,Journal of Inorganic and Organometallic Polymers and Materials,https://openalex.org/S22507861,journal,1574-1443,"[""1574-1443"", ""1574-1451""]",article,0.98646365,7,Asadul Islam Shimul,Asadul Islam Shimul; Md. Mahfuzul Haque; Avijit Ghosh; Mohammad Aman Ullah Sunny; Samar O. Aljazzar; Jehan Y. Al‐Humaidi; Yousef E. Mukhrish,"[{""display_name"": ""Asadul Islam Shimul"", ""id"": ""https://openalex.org/A5115931825"", ""orcid"": ""https://orcid.org/0009-0002-8540-4989"", ""author_position"": ""first"", ""is_corresponding"": true}, {""display_name"": ""Md. Mahfuzul Haque"", ""id"": ""https://openalex.org/A5085054154"", ""orcid"": ""https://orcid.org/0000-0001-5773-1435"", ""author_position"": ""middle"", ""is_corresponding"": false}, {""display_name"": ""Avijit Ghosh"", ""id"": ""https://openalex.org/A5009665162"", ""orcid"": ""https://orcid.org/0009-0000-8044-7686"", ""author_position"": ""middle"", ""is_corresponding"": false}, {""display_name"": ""Mohammad Aman Ullah Sunny"", ""id"": ""https://openalex.org/A5116199855"", ""orcid"": null, ""author_position"": ""middle"", ""is_corresponding"": false}, {""display_name"": ""Samar O. Aljazzar"", ""id"": ""https://openalex.org/A5046208877"", ""orcid"": null, ""author_position"": ""middle"", ""is_corresponding"": false}, {""display_name"": ""Jehan Y. Al‐Humaidi"", ""id"": ""https://openalex.org/A5044302609"", ""orcid"": ""https://orcid.org/0000-0002-4920-9791"", ""author_position"": ""middle"", ""is_corresponding"": false}, {""display_name"": ""Yousef E. Mukhrish"", ""id"": ""https://openalex.org/A5057774516"", ""orcid"": ""https://orcid.org/0000-0001-6268-0775"", ""author_position"": ""last"", ""is_corresponding"": false}]"
10.1021/acsaelm.5c00605,American Chemical Society,,False,"Advancements of Amorphous IGZO-Based Transistors: Materials, Processing, and Devices",14,2025,2025-05-19,https://openalex.org/W4410502418,a-igzo,2025,8,openalex_title_and_abstract_cited_by_count_desc,none,0.0,False,False,False,journal,https://openalex.org/W4410502418,https://openalex.org/W4410502418,10.1021/acsaelm.5c00605,ACS Applied Electronic Materials,https://openalex.org/S4210217399,journal,2637-6113,"[""2637-6113""]",article,0.98575241,4,Jae Young Kim,Jae Young Kim; Hyunseong Kim; D.H Kim; Ho Won Jang,"[{""display_name"": ""Jae Young Kim"", ""id"": ""https://openalex.org/A5100319275"", ""orcid"": ""https://orcid.org/0000-0002-2289-2025"", ""author_position"": ""first"", ""is_corresponding"": false}, {""display_name"": ""Hyunseong Kim"", ""id"": ""https://openalex.org/A5027643495"", ""orcid"": ""https://orcid.org/0009-0001-7067-3927"", ""author_position"": ""middle"", ""is_corresponding"": false}, {""display_name"": ""D.H Kim"", ""id"": ""https://openalex.org/A5038199057"", ""orcid"": null, ""author_position"": ""middle"", ""is_corresponding"": false}, {""display_name"": ""Ho Won Jang"", ""id"": ""https://openalex.org/A5017376744"", ""orcid"": ""https://orcid.org/0000-0002-6952-7359"", ""author_position"": ""last"", ""is_corresponding"": true}]"
10.1002/adom.202500634,Wiley,https://onlinelibrary.wiley.com/doi/pdfdirect/10.1002/adom.202500634,True,InGaZnO Optoelectronic Synaptic Transistor for Reservoir Computing and LSTM‐Based Prediction Model,12,2025,2025-05-12,https://openalex.org/W4410333992,a-igzo,2025,9,openalex_title_and_abstract_cited_by_count_desc,none,0.0,False,False,False,journal,https://openalex.org/W4410333992,https://openalex.org/W4410333992,10.1002/adom.202500634,Advanced Optical Materials,https://openalex.org/S108229257,journal,2195-1071,"[""2195-1071""]",article,0.98099392,9,Suyong Park,Suyong Park; Seong‐Min Kim; Sungjoon Kim; Kyungchul Park; Donghyun Ryu; Sungjun Kim; Donghyun Ryu; Sungjun Kim; Sungjun Kim,"[{""display_name"": ""Suyong Park"", ""id"": ""https://openalex.org/A5023567053"", ""orcid"": null, ""author_position"": ""first"", ""is_corresponding"": false}, {""display_name"": ""Seong‐Min Kim"", ""id"": ""https://openalex.org/A5100358160"", ""orcid"": ""https://orcid.org/0000-0002-1320-6898"", ""author_position"": ""middle"", ""is_corresponding"": true}, {""display_name"": ""Sungjoon Kim"", ""id"": ""https://openalex.org/A5111326098"", ""orcid"": null, ""author_position"": ""middle"", ""is_corresponding"": false}, {""display_name"": ""Kyungchul Park"", ""id"": ""https://openalex.org/A5079603105"", ""orcid"": null, ""author_position"": ""middle"", ""is_corresponding"": true}, {""display_name"": ""Donghyun Ryu"", ""id"": ""https://openalex.org/A5021576155"", ""orcid"": null, ""author_position"": ""middle"", ""is_corresponding"": false}, {""display_name"": ""Sungjun Kim"", ""id"": ""https://openalex.org/A5100647604"", ""orcid"": ""https://orcid.org/0000-0002-9873-2474"", ""author_position"": ""middle"", ""is_corresponding"": false}, {""display_name"": ""Donghyun Ryu"", ""id"": null, ""orcid"": null, ""author_position"": ""middle"", ""is_corresponding"": true}, {""display_name"": ""Sungjun Kim"", ""id"": null, ""orcid"": ""https://orcid.org/0000-0002-9873-2474"", ""author_position"": ""middle"", ""is_corresponding"": true}, {""display_name"": ""Sungjun Kim"", ""id"": null, ""orcid"": ""https://orcid.org/0000-0002-9873-2474"", ""author_position"": ""last"", ""is_corresponding"": false}]"
10.1016/j.jallcom.2025.179753,Elsevier BV,,False,Enhancing temperature stability of ALD-deposited IGZO thin-film transistor by optimizing composition ratio,12,2025,2025-03-19,https://openalex.org/W4408633425,a-igzo,2025,10,openalex_title_and_abstract_cited_by_count_desc,none,0.0,False,False,False,journal,https://openalex.org/W4408633425,https://openalex.org/W4408633425,10.1016/j.jallcom.2025.179753,Journal of Alloys and Compounds,https://openalex.org/S67716761,journal,0925-8388,"[""0925-8388"", ""1873-4669""]",article,0.98065908,7,Jianting Wu,Jianting Wu; Huajian Zheng; Min Guo; Yi‐Fu Huang; Xiaoci Liang; Qian Wu; Chuan Liu,"[{""display_name"": ""Jianting Wu"", ""id"": ""https://openalex.org/A5112512294"", ""orcid"": null, ""author_position"": ""first"", ""is_corresponding"": false}, {""display_name"": ""Huajian Zheng"", ""id"": ""https://openalex.org/A5114220256"", ""orcid"": null, ""author_position"": ""middle"", ""is_corresponding"": false}, {""display_name"": ""Min Guo"", ""id"": ""https://openalex.org/A5102764876"", ""orcid"": ""https://orcid.org/0000-0001-5259-7441"", ""author_position"": ""middle"", ""is_corresponding"": false}, {""display_name"": ""Yi‐Fu Huang"", ""id"": ""https://openalex.org/A5042717286"", ""orcid"": ""https://orcid.org/0000-0001-7790-7557"", ""author_position"": ""middle"", ""is_corresponding"": false}, {""display_name"": ""Xiaoci Liang"", ""id"": ""https://openalex.org/A5018402037"", ""orcid"": ""https://orcid.org/0000-0002-7421-0153"", ""author_position"": ""middle"", ""is_corresponding"": false}, {""display_name"": ""Qian Wu"", ""id"": ""https://openalex.org/A5101576906"", ""orcid"": ""https://orcid.org/0000-0003-0983-3095"", ""author_position"": ""middle"", ""is_corresponding"": true}, {""display_name"": ""Chuan Liu"", ""id"": ""https://openalex.org/A5100320813"", ""orcid"": ""https://orcid.org/0000-0002-0695-592X"", ""author_position"": ""last"", ""is_corresponding"": true}]"
10.1016/j.nantod.2025.102631,Elsevier BV,,False,Synergistic enhancement of long-term plasticity in solid-state electrolyte-gated synaptic transistors realized by introducing an ion-capturing layer,12,2025,2025-01-18,https://openalex.org/W4406555869,a-igzo,2025,11,openalex_title_and_abstract_cited_by_count_desc,none,0.0,False,False,False,journal,https://openalex.org/W4406555869,https://openalex.org/W4406555869,10.1016/j.nantod.2025.102631,Nano Today,https://openalex.org/S183222223,journal,1748-0132,"[""1748-0132"", ""1878-044X""]",article,0.9795884,8,Dong Hyun Choi,Dong Hyun Choi; Jong Bin An; Jusung Chung; Kyung-Ho Park; Hyun-Sik Lee; Junsik Jung; Byung Ha Kang; Hyun Jae Kim,"[{""display_name"": ""Dong Hyun Choi"", ""id"": ""https://openalex.org/A5028737851"", ""orcid"": ""https://orcid.org/0000-0001-6036-1404"", ""author_position"": ""first"", ""is_corresponding"": false}, {""display_name"": ""Jong Bin An"", ""id"": ""https://openalex.org/A5008726670"", ""orcid"": null, ""author_position"": ""middle"", ""is_corresponding"": false}, {""display_name"": ""Jusung Chung"", ""id"": ""https://openalex.org/A5003944898"", ""orcid"": null, ""author_position"": ""middle"", ""is_corresponding"": false}, {""display_name"": ""Kyung-Ho Park"", ""id"": ""https://openalex.org/A5103438700"", ""orcid"": ""https://orcid.org/0009-0000-5559-2961"", ""author_position"": ""middle"", ""is_corresponding"": false}, {""display_name"": ""Hyun-Sik Lee"", ""id"": ""https://openalex.org/A5111575035"", ""orcid"": null, ""author_position"": ""middle"", ""is_corresponding"": false}, {""display_name"": ""Junsik Jung"", ""id"": ""https://openalex.org/A5112097649"", ""orcid"": null, ""author_position"": ""middle"", ""is_corresponding"": false}, {""display_name"": ""Byung Ha Kang"", ""id"": ""https://openalex.org/A5102170807"", ""orcid"": ""https://orcid.org/0000-0002-6506-5118"", ""author_position"": ""middle"", ""is_corresponding"": false}, {""display_name"": ""Hyun Jae Kim"", ""id"": ""https://openalex.org/A5011866664"", ""orcid"": ""https://orcid.org/0000-0002-6879-9256"", ""author_position"": ""last"", ""is_corresponding"": true}]"
10.1126/sciadv.adu4323,American Association for the Advancement of Science,,True,3D stacked IGZO 2T0C DRAM array with multibit capability for computing in memory applications,12,2025,2025-05-23,https://openalex.org/W4410631568,a-igzo,2025,12,openalex_title_and_abstract_cited_by_count_desc,none,0.0,False,False,False,journal,https://openalex.org/W4410631568,https://openalex.org/W4410631568,10.1126/sciadv.adu4323,Science Advances,https://openalex.org/S2737427234,journal,2375-2548,"[""2375-2548""]",article,0.98101734,6,Qijun Li,Qijun Li; Qianlan Hu; Shenwu Zhu; Min Zeng; Wenjie Zhao; Yanqing Wu,"[{""display_name"": ""Qijun Li"", ""id"": ""https://openalex.org/A5055686847"", ""orcid"": ""https://orcid.org/0009-0007-0760-3962"", ""author_position"": ""first"", ""is_corresponding"": false}, {""display_name"": ""Qianlan Hu"", ""id"": ""https://openalex.org/A5086010002"", ""orcid"": ""https://orcid.org/0000-0002-5498-4135"", ""author_position"": ""middle"", ""is_corresponding"": true}, {""display_name"": ""Shenwu Zhu"", ""id"": ""https://openalex.org/A5055878176"", ""orcid"": ""https://orcid.org/0000-0003-2098-8864"", ""author_position"": ""middle"", ""is_corresponding"": false}, {""display_name"": ""Min Zeng"", ""id"": ""https://openalex.org/A5025959185"", ""orcid"": ""https://orcid.org/0000-0003-4930-0322"", ""author_position"": ""middle"", ""is_corresponding"": false}, {""display_name"": ""Wenjie Zhao"", ""id"": ""https://openalex.org/A5108722152"", ""orcid"": ""https://orcid.org/0000-0002-2081-6387"", ""author_position"": ""middle"", ""is_corresponding"": false}, {""display_name"": ""Yanqing Wu"", ""id"": ""https://openalex.org/A5054018432"", ""orcid"": ""https://orcid.org/0000-0003-2578-5214"", ""author_position"": ""last"", ""is_corresponding"": true}]"
10.1364/oe.563722,Optica Publishing Group,,True,Development and modeling of advanced systems Na<sub>2</sub>SnBr<sub>6</sub>-based perovskite solar cells: a comprehensive study on electron transport layers,12,2025,2025-04-17,https://openalex.org/W4409527106,a-igzo,2025,13,openalex_title_and_abstract_cited_by_count_desc,none,0.0,False,False,False,journal,https://openalex.org/W4409527106,https://openalex.org/W4409527106,10.1364/oe.563722,Optics Express,https://openalex.org/S178776955,journal,1094-4087,"[""1094-4087""]",article,0.98062966,8,Durba Roy,Durba Roy; Md. Selim Reza; Avijit Ghosh; Anup Roy; Badrul A. Chowdhury; Md. Aktarujjaman; H.A. Alrafai; Abeer A. Hassan,"[{""display_name"": ""Durba Roy"", ""id"": ""https://openalex.org/A5085868314"", ""orcid"": ""https://orcid.org/0000-0003-3281-6349"", ""author_position"": ""first"", ""is_corresponding"": true}, {""display_name"": ""Md. Selim Reza"", ""id"": ""https://openalex.org/A5059266112"", ""orcid"": ""https://orcid.org/0009-0007-1937-1951"", ""author_position"": ""middle"", ""is_corresponding"": false}, {""display_name"": ""Avijit Ghosh"", ""id"": ""https://openalex.org/A5009665162"", ""orcid"": ""https://orcid.org/0009-0000-8044-7686"", ""author_position"": ""middle"", ""is_corresponding"": false}, {""display_name"": ""Anup Roy"", ""id"": ""https://openalex.org/A5077206543"", ""orcid"": ""https://orcid.org/0000-0002-2264-0944"", ""author_position"": ""middle"", ""is_corresponding"": false}, {""display_name"": ""Badrul A. Chowdhury"", ""id"": ""https://openalex.org/A5111445259"", ""orcid"": null, ""author_position"": ""middle"", ""is_corresponding"": false}, {""display_name"": ""Md. Aktarujjaman"", ""id"": ""https://openalex.org/A5116482111"", ""orcid"": null, ""author_position"": ""middle"", ""is_corresponding"": false}, {""display_name"": ""H.A. Alrafai"", ""id"": ""https://openalex.org/A5018101455"", ""orcid"": null, ""author_position"": ""middle"", ""is_corresponding"": false}, {""display_name"": ""Abeer A. Hassan"", ""id"": ""https://openalex.org/A5009827536"", ""orcid"": ""https://orcid.org/0000-0001-9057-6190"", ""author_position"": ""last"", ""is_corresponding"": false}]"
10.1016/j.jpcs.2025.112744,Elsevier BV,,False,Optimization of buffer layers for CZTSSe solar cells through advanced numerical modelling,11,2025,2025-04-04,https://openalex.org/W4409126775,a-igzo,2025,14,openalex_title_and_abstract_cited_by_count_desc,none,0.0,False,False,False,journal,https://openalex.org/W4409126775,https://openalex.org/W4409126775,10.1016/j.jpcs.2025.112744,Journal of Physics and Chemistry of Solids,https://openalex.org/S171512606,journal,0022-3697,"[""0022-3697"", ""1879-2553""]",article,0.97800534,7,Tanzir Ahamed,Tanzir Ahamed; Fozlur Rayhan; Imteaz Rahaman; M. Hamidur Rahman; Md. Mehedi Hasan Bappy; Tanvir Ahammed; Sampad Ghosh,"[{""display_name"": ""Tanzir Ahamed"", ""id"": ""https://openalex.org/A5049019683"", ""orcid"": ""https://orcid.org/0000-0002-7763-0460"", ""author_position"": ""first"", ""is_corresponding"": true}, {""display_name"": ""Fozlur Rayhan"", ""id"": ""https://openalex.org/A5116890844"", ""orcid"": null, ""author_position"": ""middle"", ""is_corresponding"": false}, {""display_name"": ""Imteaz Rahaman"", ""id"": ""https://openalex.org/A5037121347"", ""orcid"": ""https://orcid.org/0000-0002-2567-0559"", ""author_position"": ""middle"", ""is_corresponding"": false}, {""display_name"": ""M. Hamidur Rahman"", ""id"": ""https://openalex.org/A5087007351"", ""orcid"": ""https://orcid.org/0000-0003-0628-6890"", ""author_position"": ""middle"", ""is_corresponding"": false}, {""display_name"": ""Md. Mehedi Hasan Bappy"", ""id"": ""https://openalex.org/A5104621264"", ""orcid"": null, ""author_position"": ""middle"", ""is_corresponding"": false}, {""display_name"": ""Tanvir Ahammed"", ""id"": ""https://openalex.org/A5006320453"", ""orcid"": ""https://orcid.org/0000-0002-6472-1726"", ""author_position"": ""middle"", ""is_corresponding"": false}, {""display_name"": ""Sampad Ghosh"", ""id"": ""https://openalex.org/A5055566833"", ""orcid"": ""https://orcid.org/0000-0002-5344-3425"", ""author_position"": ""last"", ""is_corresponding"": false}]"
10.1016/j.nexus.2025.100417,Elsevier BV,,True,Design and efficiency improvement of eco-conscious Sr3PBr3 and Sr3NCl3 double perovskite solar cells with IGZO and Cu2O as ETL and HTL,11,2025,2025-03-17,https://openalex.org/W4408518673,a-igzo,2025,15,openalex_title_and_abstract_cited_by_count_desc,none,0.0,False,False,False,journal,https://openalex.org/W4408518673,https://openalex.org/W4408518673,10.1016/j.nexus.2025.100417,Energy Nexus,https://openalex.org/S4210238917,journal,2772-4271,"[""2772-4271""]",article,0.97716294,5,Md. Shamim Reza,Md. Shamim Reza; Avijit Ghosh; Md. Selim Reza; Shafaiet Newaz Wornob; Sabina Sultana,"[{""display_name"": ""Md. Shamim Reza"", ""id"": ""https://openalex.org/A5012221370"", ""orcid"": ""https://orcid.org/0000-0002-1560-3846"", ""author_position"": ""first"", ""is_corresponding"": false}, {""display_name"": ""Avijit Ghosh"", ""id"": ""https://openalex.org/A5009665162"", ""orcid"": ""https://orcid.org/0009-0000-8044-7686"", ""author_position"": ""middle"", ""is_corresponding"": true}, {""display_name"": ""Md. Selim Reza"", ""id"": ""https://openalex.org/A5100692297"", ""orcid"": ""https://orcid.org/0000-0002-7340-1978"", ""author_position"": ""middle"", ""is_corresponding"": false}, {""display_name"": ""Shafaiet Newaz Wornob"", ""id"": ""https://openalex.org/A5106318212"", ""orcid"": null, ""author_position"": ""middle"", ""is_corresponding"": false}, {""display_name"": ""Sabina Sultana"", ""id"": ""https://openalex.org/A5016447814"", ""orcid"": null, ""author_position"": ""last"", ""is_corresponding"": false}]"
10.1021/acs.langmuir.5c00499,American Chemical Society,,False,Optimizing Charge Transport Layers to Enhance the Performance of Lead-Free RbGeI<sub>3</sub> Perovskite Solar Cells: A Comprehensive Analysis of ETL and HTL Engineering,11,2025,2025-03-14,https://openalex.org/W4408425333,a-igzo,2025,16,openalex_title_and_abstract_cited_by_count_desc,none,0.0,False,False,False,journal,https://openalex.org/W4408425333,https://openalex.org/W4408425333,10.1021/acs.langmuir.5c00499,Langmuir,https://openalex.org/S75741262,journal,0743-7463,"[""0743-7463"", ""1520-5827""]",article,0.97689257,8,Md. Selim Reza,Md. Selim Reza; Avijit Ghosh; Hala A. Ibrahium; Md. Mahfuzul Islam; Mehedi Hasan Apu; Md. Shamim Reza; Muhammad Abdur Rahim; Mahmuda Akter,"[{""display_name"": ""Md. Selim Reza"", ""id"": ""https://openalex.org/A5100692297"", ""orcid"": ""https://orcid.org/0000-0002-7340-1978"", ""author_position"": ""first"", ""is_corresponding"": false}, {""display_name"": ""Avijit Ghosh"", ""id"": ""https://openalex.org/A5009665162"", ""orcid"": ""https://orcid.org/0009-0000-8044-7686"", ""author_position"": ""middle"", ""is_corresponding"": true}, {""display_name"": ""Hala A. Ibrahium"", ""id"": ""https://openalex.org/A5061201872"", ""orcid"": null, ""author_position"": ""middle"", ""is_corresponding"": false}, {""display_name"": ""Md. Mahfuzul Islam"", ""id"": ""https://openalex.org/A5101294992"", ""orcid"": null, ""author_position"": ""middle"", ""is_corresponding"": false}, {""display_name"": ""Mehedi Hasan Apu"", ""id"": ""https://openalex.org/A5116617191"", ""orcid"": null, ""author_position"": ""middle"", ""is_corresponding"": false}, {""display_name"": ""Md. Shamim Reza"", ""id"": ""https://openalex.org/A5012221370"", ""orcid"": ""https://orcid.org/0000-0002-1560-3846"", ""author_position"": ""middle"", ""is_corresponding"": false}, {""display_name"": ""Muhammad Abdur Rahim"", ""id"": ""https://openalex.org/A5040869590"", ""orcid"": ""https://orcid.org/0000-0002-1280-9144"", ""author_position"": ""middle"", ""is_corresponding"": false}, {""display_name"": ""Mahmuda Akter"", ""id"": ""https://openalex.org/A5007390167"", ""orcid"": ""https://orcid.org/0000-0003-2575-942X"", ""author_position"": ""last"", ""is_corresponding"": false}]"
10.1021/acsami.4c20827,American Chemical Society,,False,Enhanced Reliability of High-Quality <i>a</i>-IGZO TFTs for Micro-LED Backplanes: Mitigating <i>V</i><sub>TH</sub> Instability at Elevated Temperatures,11,2025,2025-02-20,https://openalex.org/W4407793078,a-igzo,2025,17,openalex_title_and_abstract_cited_by_count_desc,none,0.0,False,False,False,journal,https://openalex.org/W4407793078,https://openalex.org/W4407793078,10.1021/acsami.4c20827,ACS Applied Materials & Interfaces,https://openalex.org/S164001016,journal,1944-8244,"[""1944-8244"", ""1944-8252""]",article,0.97617475,5,Tae Yong Moon,Tae Yong Moon; Seong Hun Yoon; Ui Jin Chung; Sang Yoon Park; Jae Kyeong Jeong,"[{""display_name"": ""Tae Yong Moon"", ""id"": ""https://openalex.org/A5049107674"", ""orcid"": null, ""author_position"": ""first"", ""is_corresponding"": false}, {""display_name"": ""Seong Hun Yoon"", ""id"": ""https://openalex.org/A5042684817"", ""orcid"": ""https://orcid.org/0009-0000-7269-840X"", ""author_position"": ""middle"", ""is_corresponding"": false}, {""display_name"": ""Ui Jin Chung"", ""id"": ""https://openalex.org/A5041289679"", ""orcid"": null, ""author_position"": ""middle"", ""is_corresponding"": false}, {""display_name"": ""Sang Yoon Park"", ""id"": ""https://openalex.org/A5100447406"", ""orcid"": ""https://orcid.org/0000-0002-5530-3178"", ""author_position"": ""middle"", ""is_corresponding"": false}, {""display_name"": ""Jae Kyeong Jeong"", ""id"": ""https://openalex.org/A5005183857"", ""orcid"": ""https://orcid.org/0000-0003-3857-1039"", ""author_position"": ""last"", ""is_corresponding"": true}]"
10.1007/s12596-025-02510-3,Springer Nature,,False,Performance optimization of CsSnI3-based perovskite solar cells using SCAPS-1D and machine learning analysis,10,2025,2025-02-01,https://openalex.org/W4407057261,a-igzo,2025,18,openalex_title_and_abstract_cited_by_count_desc,none,0.0,False,False,False,journal,https://openalex.org/W4407057261,https://openalex.org/W4407057261,10.1007/s12596-025-02510-3,Journal of Optics,https://openalex.org/S4210192958,journal,0972-8821,"[""0972-8821"", ""0974-6900""]",article,0.9730726,2,Rahul Kundara,Rahul Kundara; Sarita Baghel,"[{""display_name"": ""Rahul Kundara"", ""id"": ""https://openalex.org/A5092821321"", ""orcid"": ""https://orcid.org/0000-0002-9186-8803"", ""author_position"": ""first"", ""is_corresponding"": true}, {""display_name"": ""Sarita Baghel"", ""id"": ""https://openalex.org/A5050949005"", ""orcid"": null, ""author_position"": ""last"", ""is_corresponding"": false}]"
10.1016/j.mee.2025.112327,Elsevier BV,,False,Amorphous indium gallium zinc oxide thin film transistors (a-IGZO-TFTs): Exciting prospects and fabrication challenges,10,2025,2025-02-08,https://openalex.org/W4407278847,a-igzo,2025,19,openalex_title_and_abstract_cited_by_count_desc,none,0.0,False,False,False,journal,https://openalex.org/W4407278847,https://openalex.org/W4407278847,10.1016/j.mee.2025.112327,Microelectronic Engineering,https://openalex.org/S158028765,journal,0167-9317,"[""0167-9317"", ""1873-5568""]",article,0.97322938,6,J. Ajayan,J. Ajayan; S. Sreejith; N. Aruna Kumari; M. Manikandan; Sachidananda Sen; Maneesh Kumar,"[{""display_name"": ""J. Ajayan"", ""id"": ""https://openalex.org/A5084197567"", ""orcid"": ""https://orcid.org/0000-0002-2398-3690"", ""author_position"": ""first"", ""is_corresponding"": true}, {""display_name"": ""S. Sreejith"", ""id"": ""https://openalex.org/A5034341983"", ""orcid"": null, ""author_position"": ""middle"", ""is_corresponding"": false}, {""display_name"": ""N. Aruna Kumari"", ""id"": ""https://openalex.org/A5087407886"", ""orcid"": ""https://orcid.org/0000-0003-1703-8876"", ""author_position"": ""middle"", ""is_corresponding"": false}, {""display_name"": ""M. Manikandan"", ""id"": ""https://openalex.org/A5100782991"", ""orcid"": ""https://orcid.org/0000-0002-9999-6834"", ""author_position"": ""middle"", ""is_corresponding"": false}, {""display_name"": ""Sachidananda Sen"", ""id"": ""https://openalex.org/A5020941370"", ""orcid"": ""https://orcid.org/0000-0002-9529-4894"", ""author_position"": ""middle"", ""is_corresponding"": false}, {""display_name"": ""Maneesh Kumar"", ""id"": ""https://openalex.org/A5101966448"", ""orcid"": ""https://orcid.org/0000-0002-5054-7632"", ""author_position"": ""last"", ""is_corresponding"": false}]"
10.1021/acsami.4c18491,American Chemical Society,,False,Endurable IGZO/SnS<sub><i>x</i></sub>/IGZO Heterojunction Phototransistor Arrays for Image Sensors,10,2025,2025-01-03,https://openalex.org/W4406034441,a-igzo,2025,20,openalex_title_and_abstract_cited_by_count_desc,none,0.0,False,False,False,journal,https://openalex.org/W4406034441,https://openalex.org/W4406034441,10.1021/acsami.4c18491,ACS Applied Materials & Interfaces,https://openalex.org/S164001016,journal,1944-8244,"[""1944-8244"", ""1944-8252""]",article,0.97242982,10,Kyung-Ho Park,Kyung-Ho Park; Byung Ha Kang; Jong Bin An; Su‐Jin Jung; Kunho Moon; Kyungmoon Kwak; Jusung Chung; Dong Hyun Choi; You Mi Hwang; Hyun Jae Kim,"[{""display_name"": ""Kyung-Ho Park"", ""id"": ""https://openalex.org/A5103438700"", ""orcid"": ""https://orcid.org/0009-0000-5559-2961"", ""author_position"": ""first"", ""is_corresponding"": false}, {""display_name"": ""Byung Ha Kang"", ""id"": ""https://openalex.org/A5102170807"", ""orcid"": ""https://orcid.org/0000-0002-6506-5118"", ""author_position"": ""middle"", ""is_corresponding"": false}, {""display_name"": ""Jong Bin An"", ""id"": ""https://openalex.org/A5008726670"", ""orcid"": null, ""author_position"": ""middle"", ""is_corresponding"": false}, {""display_name"": ""Su‐Jin Jung"", ""id"": ""https://openalex.org/A5044933539"", ""orcid"": ""https://orcid.org/0000-0003-1103-7477"", ""author_position"": ""middle"", ""is_corresponding"": false}, {""display_name"": ""Kunho Moon"", ""id"": ""https://openalex.org/A5113204845"", ""orcid"": null, ""author_position"": ""middle"", ""is_corresponding"": false}, {""display_name"": ""Kyungmoon Kwak"", ""id"": ""https://openalex.org/A5022876377"", ""orcid"": null, ""author_position"": ""middle"", ""is_corresponding"": false}, {""display_name"": ""Jusung Chung"", ""id"": ""https://openalex.org/A5003944898"", ""orcid"": null, ""author_position"": ""middle"", ""is_corresponding"": false}, {""display_name"": ""Dong Hyun Choi"", ""id"": ""https://openalex.org/A5028737851"", ""orcid"": ""https://orcid.org/0000-0001-6036-1404"", ""author_position"": ""middle"", ""is_corresponding"": false}, {""display_name"": ""You Mi Hwang"", ""id"": ""https://openalex.org/A5058485698"", ""orcid"": ""https://orcid.org/0000-0001-8385-6485"", ""author_position"": ""middle"", ""is_corresponding"": false}, {""display_name"": ""Hyun Jae Kim"", ""id"": ""https://openalex.org/A5011866664"", ""orcid"": ""https://orcid.org/0000-0002-6879-9256"", ""author_position"": ""last"", ""is_corresponding"": true}]"
10.1002/smll.202408233,Wiley,,False,Self‐Rectifying Dynamic Memristor Circuits for Periodic LIF Refractory Period Emulation and TTFS/Rate Signal Encoding,9,2025,2025-03-04,https://openalex.org/W4408161454,a-igzo,2025,21,openalex_title_and_abstract_cited_by_count_desc,none,0.0,False,False,False,journal,https://openalex.org/W4408161454,https://openalex.org/W4408161454,10.1002/smll.202408233,Small,https://openalex.org/S94619837,journal,1613-6810,"[""1613-6810"", ""1613-6829""]",article,0.97092762,5,Song‐Xian You,Song‐Xian You; Seon‐Eui Hong; Kuan‐Ting Chen; Li‐Chung Shih; Jen‐Sue Chen,"[{""display_name"": ""Song‐Xian You"", ""id"": ""https://openalex.org/A5114119842"", ""orcid"": null, ""author_position"": ""first"", ""is_corresponding"": false}, {""display_name"": ""Seon‐Eui Hong"", ""id"": ""https://openalex.org/A5019744012"", ""orcid"": null, ""author_position"": ""middle"", ""is_corresponding"": false}, {""display_name"": ""Kuan‐Ting Chen"", ""id"": ""https://openalex.org/A5051252716"", ""orcid"": ""https://orcid.org/0000-0002-5834-870X"", ""author_position"": ""middle"", ""is_corresponding"": false}, {""display_name"": ""Li‐Chung Shih"", ""id"": ""https://openalex.org/A5002686969"", ""orcid"": ""https://orcid.org/0000-0003-1582-0426"", ""author_position"": ""middle"", ""is_corresponding"": false}, {""display_name"": ""Jen‐Sue Chen"", ""id"": ""https://openalex.org/A5047181457"", ""orcid"": ""https://orcid.org/0000-0002-5973-8670"", ""author_position"": ""last"", ""is_corresponding"": true}]"
10.1002/smll.202409510,Wiley,https://onlinelibrary.wiley.com/doi/pdfdirect/10.1002/smll.202409510,True,Contact‐Engineered Oxide Memtransistors for Homeostasis‐Based High‐Linearity and Precision Neuromorphic Computing,9,2025,2025-01-05,https://openalex.org/W4406111406,a-igzo,2025,22,openalex_title_and_abstract_cited_by_count_desc,none,0.0,False,False,False,journal,https://openalex.org/W4406111406,https://openalex.org/W4406111406,10.1002/smll.202409510,Small,https://openalex.org/S94619837,journal,1613-6810,"[""1613-6810"", ""1613-6829""]",article,0.96678038,13,San Nam,San Nam; Dong Hyun Kang; Seong‐Pil Jeon; Dayul Nam; Jeong‐Wan Jo; Sang‐Joon Park; Jiyong Lee; Myung‐Gil Kim; Tae‐Jun Ha; Sung Kyu Park; Yong‐Hoon Kim; Sung Kyu Park; Yong‐Hoon Kim,"[{""display_name"": ""San Nam"", ""id"": ""https://openalex.org/A5083098982"", ""orcid"": null, ""author_position"": ""first"", ""is_corresponding"": false}, {""display_name"": ""Dong Hyun Kang"", ""id"": ""https://openalex.org/A5021206079"", ""orcid"": ""https://orcid.org/0000-0003-4362-9944"", ""author_position"": ""middle"", ""is_corresponding"": false}, {""display_name"": ""Seong‐Pil Jeon"", ""id"": ""https://openalex.org/A5027526720"", ""orcid"": null, ""author_position"": ""middle"", ""is_corresponding"": false}, {""display_name"": ""Dayul Nam"", ""id"": ""https://openalex.org/A5109744235"", ""orcid"": null, ""author_position"": ""middle"", ""is_corresponding"": false}, {""display_name"": ""Jeong‐Wan Jo"", ""id"": ""https://openalex.org/A5046949529"", ""orcid"": null, ""author_position"": ""middle"", ""is_corresponding"": false}, {""display_name"": ""Sang‐Joon Park"", ""id"": ""https://openalex.org/A5002225289"", ""orcid"": null, ""author_position"": ""middle"", ""is_corresponding"": false}, {""display_name"": ""Jiyong Lee"", ""id"": ""https://openalex.org/A5101960489"", ""orcid"": ""https://orcid.org/0000-0001-9895-7406"", ""author_position"": ""middle"", ""is_corresponding"": true}, {""display_name"": ""Myung‐Gil Kim"", ""id"": ""https://openalex.org/A5067527857"", ""orcid"": ""https://orcid.org/0000-0002-8607-5972"", ""author_position"": ""middle"", ""is_corresponding"": false}, {""display_name"": ""Tae‐Jun Ha"", ""id"": ""https://openalex.org/A5015447473"", ""orcid"": ""https://orcid.org/0000-0002-0935-795X"", ""author_position"": ""middle"", ""is_corresponding"": false}, {""display_name"": ""Sung Kyu Park"", ""id"": ""https://openalex.org/A5060654871"", ""orcid"": ""https://orcid.org/0000-0001-9617-2541"", ""author_position"": ""middle"", ""is_corresponding"": true}, {""display_name"": ""Yong‐Hoon Kim"", ""id"": ""https://openalex.org/A5101404638"", ""orcid"": ""https://orcid.org/0000-0003-0057-1893"", ""author_position"": ""middle"", ""is_corresponding"": true}, {""display_name"": ""Sung Kyu Park"", ""id"": null, ""orcid"": null, ""author_position"": ""middle"", ""is_corresponding"": false}, {""display_name"": ""Yong‐Hoon Kim"", ""id"": null, ""orcid"": ""https://orcid.org/0000-0003-0057-1893"", ""author_position"": ""last"", ""is_corresponding"": true}]"
10.1002/smll.202501276,Wiley,https://onlinelibrary.wiley.com/doi/pdfdirect/10.1002/smll.202501276,True,Energy Efficient Hybrid Reservoir Computing Using Hf <sub>0.5</sub> Zr <sub>0.5</sub> O <sub>2</sub> Ferroelectric Thin‐Film Transistors with an Integrated Optically and Electrically Synaptic Functions,9,2025,2025-06-16,https://openalex.org/W4411353977,a-igzo,2025,23,openalex_title_and_abstract_cited_by_count_desc,none,0.0,False,False,False,journal,https://openalex.org/W4411353977,https://openalex.org/W4411353977,10.1002/smll.202501276,Small,https://openalex.org/S94619837,journal,1613-6810,"[""1613-6810"", ""1613-6829""]",article,0.99361315,6,Seung Jun Lee,Seung Jun Lee; Gaoyun An; Doohyung Kim; Hyeonho Lee; Sungjun Kim; Tae‐Hyeon Kim,"[{""display_name"": ""Seung Jun Lee"", ""id"": ""https://openalex.org/A5100757275"", ""orcid"": ""https://orcid.org/0000-0002-3735-4457"", ""author_position"": ""first"", ""is_corresponding"": false}, {""display_name"": ""Gaoyun An"", ""id"": ""https://openalex.org/A5054342134"", ""orcid"": ""https://orcid.org/0000-0002-2843-843X"", ""author_position"": ""middle"", ""is_corresponding"": false}, {""display_name"": ""Doohyung Kim"", ""id"": ""https://openalex.org/A5112080988"", ""orcid"": null, ""author_position"": ""middle"", ""is_corresponding"": false}, {""display_name"": ""Hyeonho Lee"", ""id"": ""https://openalex.org/A5074343783"", ""orcid"": ""https://orcid.org/0000-0002-9827-432X"", ""author_position"": ""middle"", ""is_corresponding"": false}, {""display_name"": ""Sungjun Kim"", ""id"": ""https://openalex.org/A5100647604"", ""orcid"": ""https://orcid.org/0000-0002-9873-2474"", ""author_position"": ""middle"", ""is_corresponding"": true}, {""display_name"": ""Tae‐Hyeon Kim"", ""id"": ""https://openalex.org/A5066896226"", ""orcid"": ""https://orcid.org/0000-0003-0964-7583"", ""author_position"": ""last"", ""is_corresponding"": true}]"
10.1007/s11082-025-08200-5,Springer Science+Business Media,,False,Deep insights into the coupled optoelectronic analysis of ETL thin films and photovoltaic analysis of CsPbI3-based perovskite solar cell using SCAPS-1D simulations,9,2025,2025-04-16,https://openalex.org/W4409507114,a-igzo,2025,24,openalex_title_and_abstract_cited_by_count_desc,none,0.0,False,False,False,journal,https://openalex.org/W4409507114,https://openalex.org/W4409507114,10.1007/s11082-025-08200-5,Optical and Quantum Electronics,https://openalex.org/S133811445,journal,0306-8919,"[""0306-8919"", ""1572-817X""]",article,0.97010913,4,Salah Eddine Boussaada,Salah Eddine Boussaada; Younes Mouchaal; Houaria Riane; A. Khelil,"[{""display_name"": ""Salah Eddine Boussaada"", ""id"": ""https://openalex.org/A5095916261"", ""orcid"": ""https://orcid.org/0009-0006-2540-3326"", ""author_position"": ""first"", ""is_corresponding"": true}, {""display_name"": ""Younes Mouchaal"", ""id"": ""https://openalex.org/A5029227689"", ""orcid"": null, ""author_position"": ""middle"", ""is_corresponding"": false}, {""display_name"": ""Houaria Riane"", ""id"": ""https://openalex.org/A5086030554"", ""orcid"": null, ""author_position"": ""middle"", ""is_corresponding"": false}, {""display_name"": ""A. Khelil"", ""id"": ""https://openalex.org/A5063535746"", ""orcid"": null, ""author_position"": ""last"", ""is_corresponding"": false}]"
10.1016/j.apsusc.2025.162365,Elsevier BV,,False,Enhanced electrical stability and reliability of amorphous IGZO/HfO2 thin film transistors with CF4 plasma treatment,9,2025,2025-01-11,https://openalex.org/W4406277942,a-igzo,2025,25,openalex_title_and_abstract_cited_by_count_desc,none,0.0,False,False,False,journal,https://openalex.org/W4406277942,https://openalex.org/W4406277942,10.1016/j.apsusc.2025.162365,Applied Surface Science,https://openalex.org/S42323631,journal,0169-4332,"[""0169-4332"", ""1873-5584""]",article,0.96759688,4,G.-J. Kim,G.-J. Kim; Sunbum Kim; Minhyuk Kim; Changhwan Choi,"[{""display_name"": ""G.-J. Kim"", ""id"": ""https://openalex.org/A5022040629"", ""orcid"": null, ""author_position"": ""first"", ""is_corresponding"": false}, {""display_name"": ""Sunbum Kim"", ""id"": ""https://openalex.org/A5107468670"", ""orcid"": null, ""author_position"": ""middle"", ""is_corresponding"": false}, {""display_name"": ""Minhyuk Kim"", ""id"": ""https://openalex.org/A5022770584"", ""orcid"": null, ""author_position"": ""middle"", ""is_corresponding"": false}, {""display_name"": ""Changhwan Choi"", ""id"": ""https://openalex.org/A5102774114"", ""orcid"": ""https://orcid.org/0000-0002-8386-3885"", ""author_position"": ""last"", ""is_corresponding"": true}]"
10.1016/j.rio.2025.100783,Elsevier BV,,True,"Device modelling and performance enhancement of FASnI3-based perovskite solar cell with diverse, compatible charge transport layers",9,2025,2025-01-13,https://openalex.org/W4406337805,a-igzo,2025,26,openalex_title_and_abstract_cited_by_count_desc,none,0.0,False,False,False,journal,https://openalex.org/W4406337805,https://openalex.org/W4406337805,10.1016/j.rio.2025.100783,Results in Optics,https://openalex.org/S4210204098,journal,2666-9501,"[""2666-9501""]",article,0.96725568,2,M. Kavitha,M. Kavitha; K. Sudheer Sebastian,"[{""display_name"": ""M. Kavitha"", ""id"": ""https://openalex.org/A5079285039"", ""orcid"": ""https://orcid.org/0000-0002-4014-1153"", ""author_position"": ""first"", ""is_corresponding"": false}, {""display_name"": ""K. Sudheer Sebastian"", ""id"": ""https://openalex.org/A5004343582"", ""orcid"": null, ""author_position"": ""last"", ""is_corresponding"": true}]"
10.1021/acsaelm.4c02163,American Chemical Society,,False,High-Dielectric-Constant MgZrO<sub>3</sub> by Spray Pyrolysis for Thin-Fim Transistors in Low-Power Electronics,9,2025,2025-02-05,https://openalex.org/W4407178653,a-igzo,2025,27,openalex_title_and_abstract_cited_by_count_desc,none,0.0,False,False,False,journal,https://openalex.org/W4407178653,https://openalex.org/W4407178653,10.1021/acsaelm.4c02163,ACS Applied Electronic Materials,https://openalex.org/S4210217399,journal,2637-6113,"[""2637-6113""]",article,0.96696883,3,Jewel Kumer Saha,Jewel Kumer Saha; Samiran Roy; Jin Jang,"[{""display_name"": ""Jewel Kumer Saha"", ""id"": ""https://openalex.org/A5001022009"", ""orcid"": ""https://orcid.org/0000-0002-2540-4357"", ""author_position"": ""first"", ""is_corresponding"": false}, {""display_name"": ""Samiran Roy"", ""id"": ""https://openalex.org/A5082164749"", ""orcid"": ""https://orcid.org/0000-0001-7906-272X"", ""author_position"": ""middle"", ""is_corresponding"": false}, {""display_name"": ""Jin Jang"", ""id"": ""https://openalex.org/A5046235309"", ""orcid"": ""https://orcid.org/0000-0002-7572-5669"", ""author_position"": ""last"", ""is_corresponding"": true}]"
10.1021/acsaelm.5c01135,American Chemical Society,,False,Paper-Based Flexible UV Radiation Monitoring Devices with an IGZO Sensing Layer for Wearable Electronics,9,2025,2025-06-24,https://openalex.org/W4411580266,a-igzo,2025,28,openalex_title_and_abstract_cited_by_count_desc,none,0.0,False,False,False,journal,https://openalex.org/W4411580266,https://openalex.org/W4411580266,10.1021/acsaelm.5c01135,ACS Applied Electronic Materials,https://openalex.org/S4210217399,journal,2637-6113,"[""2637-6113""]",article,0.97327538,4,Ritesh Kumar Singh,Ritesh Kumar Singh; Monika Gadhewal; Sourav Maity; Shree Prakash Tiwari,"[{""display_name"": ""Ritesh Kumar Singh"", ""id"": ""https://openalex.org/A5103294064"", ""orcid"": null, ""author_position"": ""first"", ""is_corresponding"": false}, {""display_name"": ""Monika Gadhewal"", ""id"": ""https://openalex.org/A5116924782"", ""orcid"": ""https://orcid.org/0000-0003-1236-3530"", ""author_position"": ""middle"", ""is_corresponding"": false}, {""display_name"": ""Sourav Maity"", ""id"": ""https://openalex.org/A5046044390"", ""orcid"": ""https://orcid.org/0000-0003-4383-4358"", ""author_position"": ""middle"", ""is_corresponding"": false}, {""display_name"": ""Shree Prakash Tiwari"", ""id"": ""https://openalex.org/A5070687189"", ""orcid"": ""https://orcid.org/0000-0001-8907-6113"", ""author_position"": ""last"", ""is_corresponding"": true}]"
10.1021/acsami.5c01294,American Chemical Society,,False,High-Mobility Crystalline Hexagonal Homologous Compound IZTO Thin-Film Transistors for Next-Generation Active-Matrix Organic Light-Emitting Diode Displays: A Metal-Induced Crystallization Approach,9,2025,2025-03-12,https://openalex.org/W4408363019,a-igzo,2025,29,openalex_title_and_abstract_cited_by_count_desc,none,0.0,False,False,False,journal,https://openalex.org/W4408363019,https://openalex.org/W4408363019,10.1021/acsami.5c01294,ACS Applied Materials & Interfaces,https://openalex.org/S164001016,journal,1944-8244,"[""1944-8244"", ""1944-8252""]",article,0.96786759,2,Gwang‐Bok Kim,Gwang‐Bok Kim; Jae Kyeong Jeong,"[{""display_name"": ""Gwang‐Bok Kim"", ""id"": ""https://openalex.org/A5036670213"", ""orcid"": ""https://orcid.org/0009-0009-5432-5904"", ""author_position"": ""first"", ""is_corresponding"": false}, {""display_name"": ""Jae Kyeong Jeong"", ""id"": ""https://openalex.org/A5005183857"", ""orcid"": ""https://orcid.org/0000-0003-3857-1039"", ""author_position"": ""last"", ""is_corresponding"": true}]"
10.1021/jacs.5c03910,American Chemical Society,,True,CO<sub>2</sub> Conversion to Methanol by Hydrogen Species on n-Type Oxide Semiconductors,9,2025,2025-06-16,https://openalex.org/W4411348726,a-igzo,2025,30,openalex_title_and_abstract_cited_by_count_desc,none,0.0,False,False,False,journal,https://openalex.org/W4411348726,https://openalex.org/W4411348726,10.1021/jacs.5c03910,Journal of the American Chemical Society,https://openalex.org/S111155417,journal,0002-7863,"[""0002-7863"", ""1520-5126"", ""1943-2984""]",article,0.96040364,8,Kazuki Fukumoto,Kazuki Fukumoto; Hideto Tsuji; Masatake Tsuji; Masakazu Koike; Kohei Takatani; Masahiko Shimizu; Masaaki Kitano; Hideo Hosono,"[{""display_name"": ""Kazuki Fukumoto"", ""id"": ""https://openalex.org/A5113906967"", ""orcid"": null, ""author_position"": ""first"", ""is_corresponding"": false}, {""display_name"": ""Hideto Tsuji"", ""id"": ""https://openalex.org/A5105421510"", ""orcid"": null, ""author_position"": ""middle"", ""is_corresponding"": true}, {""display_name"": ""Masatake Tsuji"", ""id"": ""https://openalex.org/A5021324009"", ""orcid"": ""https://orcid.org/0000-0002-3404-6037"", ""author_position"": ""middle"", ""is_corresponding"": false}, {""display_name"": ""Masakazu Koike"", ""id"": ""https://openalex.org/A5112695711"", ""orcid"": null, ""author_position"": ""middle"", ""is_corresponding"": false}, {""display_name"": ""Kohei Takatani"", ""id"": ""https://openalex.org/A5118321258"", ""orcid"": null, ""author_position"": ""middle"", ""is_corresponding"": false}, {""display_name"": ""Masahiko Shimizu"", ""id"": ""https://openalex.org/A5053113992"", ""orcid"": ""https://orcid.org/0009-0009-3107-6829"", ""author_position"": ""middle"", ""is_corresponding"": false}, {""display_name"": ""Masaaki Kitano"", ""id"": ""https://openalex.org/A5079050204"", ""orcid"": ""https://orcid.org/0000-0003-4466-7387"", ""author_position"": ""middle"", ""is_corresponding"": false}, {""display_name"": ""Hideo Hosono"", ""id"": ""https://openalex.org/A5007812423"", ""orcid"": ""https://orcid.org/0000-0001-9260-6728"", ""author_position"": ""last"", ""is_corresponding"": true}]"
10.1109/led.2025.3529745,Institute of Electrical and Electronics Engineers,,False,A Single Sweep Signal Enabled Analog PWM Pixel Circuit for Progressive-Emission Mode Active-Matrix Micro-LED Displays,9,2025,2025-01-14,https://openalex.org/W4406354540,a-igzo,2025,31,openalex_title_and_abstract_cited_by_count_desc,none,0.0,False,False,False,journal,https://openalex.org/W4406354540,https://openalex.org/W4406354540,10.1109/led.2025.3529745,IEEE Electron Device Letters,https://openalex.org/S19887683,journal,0741-3106,"[""0741-3106"", ""1558-0563""]",article,0.98593243,4,Yuxuan Zhu,Yuxuan Zhu; Congwei Liao; Lingxiao Qian; Shengdong Zhang,"[{""display_name"": ""Yuxuan Zhu"", ""id"": ""https://openalex.org/A5103269562"", ""orcid"": ""https://orcid.org/0000-0003-3624-9564"", ""author_position"": ""first"", ""is_corresponding"": true}, {""display_name"": ""Congwei Liao"", ""id"": ""https://openalex.org/A5067448265"", ""orcid"": ""https://orcid.org/0000-0002-5306-0926"", ""author_position"": ""middle"", ""is_corresponding"": false}, {""display_name"": ""Lingxiao Qian"", ""id"": ""https://openalex.org/A5114183124"", ""orcid"": null, ""author_position"": ""middle"", ""is_corresponding"": false}, {""display_name"": ""Shengdong Zhang"", ""id"": ""https://openalex.org/A5021481432"", ""orcid"": ""https://orcid.org/0000-0002-1815-8661"", ""author_position"": ""last"", ""is_corresponding"": false}]"
10.1002/adom.202500081,Wiley,https://onlinelibrary.wiley.com/doi/pdfdirect/10.1002/adom.202500081,True,Highly Sensitive and Fast‐Response Hybrid Phototransistors Enabled by Dynamic Photogating in Anthradithiophene‐Metal Oxide Heterojunctions,8,2025,2025-04-02,https://openalex.org/W4409170747,a-igzo,2025,32,openalex_title_and_abstract_cited_by_count_desc,none,0.0,False,False,False,journal,https://openalex.org/W4409170747,https://openalex.org/W4409170747,10.1002/adom.202500081,Advanced Optical Materials,https://openalex.org/S108229257,journal,2195-1071,"[""2195-1071""]",article,0.96344544,5,Ahasan Ullah,Ahasan Ullah; Roshell Lamug; Xueqiao Zhang; Oksana Ostroverkhova; Li‐Jing Cheng,"[{""display_name"": ""Ahasan Ullah"", ""id"": ""https://openalex.org/A5033757737"", ""orcid"": ""https://orcid.org/0000-0002-9484-337X"", ""author_position"": ""first"", ""is_corresponding"": false}, {""display_name"": ""Roshell Lamug"", ""id"": ""https://openalex.org/A5069255705"", ""orcid"": null, ""author_position"": ""middle"", ""is_corresponding"": false}, {""display_name"": ""Xueqiao Zhang"", ""id"": ""https://openalex.org/A5036851045"", ""orcid"": ""https://orcid.org/0000-0003-2793-9299"", ""author_position"": ""middle"", ""is_corresponding"": false}, {""display_name"": ""Oksana Ostroverkhova"", ""id"": ""https://openalex.org/A5037834294"", ""orcid"": ""https://orcid.org/0000-0002-3833-161X"", ""author_position"": ""middle"", ""is_corresponding"": false}, {""display_name"": ""Li‐Jing Cheng"", ""id"": ""https://openalex.org/A5049652516"", ""orcid"": ""https://orcid.org/0000-0002-1386-9368"", ""author_position"": ""last"", ""is_corresponding"": true}]"
10.1021/acsami.4c18561,American Chemical Society,,False,Reliability Improvement of High Mobility Oxide TFTs Based on Hydrogen-Resistant PEALD Al<sub>2</sub>O<sub>3</sub> Gate Insulators Grown with N<sub>2</sub>O Plasma,8,2025,2025-02-20,https://openalex.org/W4407810023,a-igzo,2025,33,openalex_title_and_abstract_cited_by_count_desc,none,0.0,False,False,False,journal,https://openalex.org/W4407810023,https://openalex.org/W4407810023,10.1021/acsami.4c18561,ACS Applied Materials & Interfaces,https://openalex.org/S164001016,journal,1944-8244,"[""1944-8244"", ""1944-8252""]",article,0.96098913,7,Sang‐Hyun Kim,Sang‐Hyun Kim; Yoon-Seo Kim; Taewon Hwang; Tae Heon Kim; H.S. Koo; Joon Seok Park; Jin‐Seong Park,"[{""display_name"": ""Sang‐Hyun Kim"", ""id"": ""https://openalex.org/A5100326327"", ""orcid"": ""https://orcid.org/0000-0003-0432-0573"", ""author_position"": ""first"", ""is_corresponding"": false}, {""display_name"": ""Yoon-Seo Kim"", ""id"": ""https://openalex.org/A5063328391"", ""orcid"": null, ""author_position"": ""middle"", ""is_corresponding"": false}, {""display_name"": ""Taewon Hwang"", ""id"": ""https://openalex.org/A5103221398"", ""orcid"": ""https://orcid.org/0000-0001-8533-4998"", ""author_position"": ""middle"", ""is_corresponding"": false}, {""display_name"": ""Tae Heon Kim"", ""id"": ""https://openalex.org/A5101857861"", ""orcid"": ""https://orcid.org/0000-0002-7819-4912"", ""author_position"": ""middle"", ""is_corresponding"": false}, {""display_name"": ""H.S. Koo"", ""id"": ""https://openalex.org/A5004838178"", ""orcid"": ""https://orcid.org/0009-0008-7180-4651"", ""author_position"": ""middle"", ""is_corresponding"": false}, {""display_name"": ""Joon Seok Park"", ""id"": ""https://openalex.org/A5086203646"", ""orcid"": ""https://orcid.org/0000-0003-4001-6886"", ""author_position"": ""middle"", ""is_corresponding"": true}, {""display_name"": ""Jin‐Seong Park"", ""id"": ""https://openalex.org/A5071947816"", ""orcid"": ""https://orcid.org/0000-0002-9070-5666"", ""author_position"": ""last"", ""is_corresponding"": true}]"
10.1039/d4tc04399e,Royal Society of Chemistry,,False,Enhancing AC stress stability in amorphous indium gallium zinc oxide thin-film transistors <i>via</i> controlled hydrogen diffusion,8,2025,2025-01-01,https://openalex.org/W4406146033,a-igzo,2025,34,openalex_title_and_abstract_cited_by_count_desc,none,0.0,False,False,False,journal,https://openalex.org/W4406146033,https://openalex.org/W4406146033,10.1039/d4tc04399e,Journal of Materials Chemistry C,https://openalex.org/S2500738039,journal,2050-7526,"[""2050-7526"", ""2050-7534""]",article,0.96019063,8,Jae-Sung Kim,Jae-Sung Kim; Seonggeun Kim; Hyun Jae Kim; Sangwan Kim; Dongil Ho; Choongik Kim; Dongil Ho; Choongik Kim,"[{""display_name"": ""Jae-Sung Kim"", ""id"": ""https://openalex.org/A5100780345"", ""orcid"": null, ""author_position"": ""first"", ""is_corresponding"": false}, {""display_name"": ""Seonggeun Kim"", ""id"": ""https://openalex.org/A5065181469"", ""orcid"": null, ""author_position"": ""middle"", ""is_corresponding"": false}, {""display_name"": ""Hyun Jae Kim"", ""id"": ""https://openalex.org/A5011866664"", ""orcid"": ""https://orcid.org/0000-0002-6879-9256"", ""author_position"": ""middle"", ""is_corresponding"": true}, {""display_name"": ""Sangwan Kim"", ""id"": ""https://openalex.org/A5063522085"", ""orcid"": ""https://orcid.org/0000-0002-6492-7740"", ""author_position"": ""middle"", ""is_corresponding"": false}, {""display_name"": ""Dongil Ho"", ""id"": ""https://openalex.org/A5036622910"", ""orcid"": null, ""author_position"": ""middle"", ""is_corresponding"": true}, {""display_name"": ""Choongik Kim"", ""id"": ""https://openalex.org/A5073729647"", ""orcid"": ""https://orcid.org/0000-0001-7494-0677"", ""author_position"": ""middle"", ""is_corresponding"": false}, {""display_name"": ""Dongil Ho"", ""id"": null, ""orcid"": ""https://orcid.org/0009-0002-1105-1244"", ""author_position"": ""middle"", ""is_corresponding"": true}, {""display_name"": ""Choongik Kim"", ""id"": null, ""orcid"": ""https://orcid.org/0000-0001-7494-0677"", ""author_position"": ""last"", ""is_corresponding"": true}]"
10.1088/2631-7990/adebbe,IOP Publishing,,True,Swiftly accessible retinomorphic hardware for in-sensor image preprocessing and recognition: IGZO-based neuro-inspired optical image sensor arrays with metallic sensitization island,8,2025,2025-07-03,https://openalex.org/W4411986691,a-igzo,2025,35,openalex_title_and_abstract_cited_by_count_desc,none,0.0,False,False,False,journal,https://openalex.org/W4411986691,https://openalex.org/W4411986691,10.1088/2631-7990/adebbe,International Journal of Extreme Manufacturing,https://openalex.org/S4210231351,journal,2631-7990,"[""2631-7990"", ""2631-8644""]",article,0.9641643,10,Kyungmoon Kwak,Kyungmoon Kwak; Kyung-Ho Park; Jie Han; Byung Ha Kang; Dong Hyun Choi; Kunho Moon; Seokmoo Hong; Gwan In Kim; Ju‐Hyun Lee; Hyun Jae Kim,"[{""display_name"": ""Kyungmoon Kwak"", ""id"": ""https://openalex.org/A5022876377"", ""orcid"": null, ""author_position"": ""first"", ""is_corresponding"": true}, {""display_name"": ""Kyung-Ho Park"", ""id"": ""https://openalex.org/A5103438700"", ""orcid"": ""https://orcid.org/0009-0000-5559-2961"", ""author_position"": ""middle"", ""is_corresponding"": false}, {""display_name"": ""Jie Han"", ""id"": ""https://openalex.org/A5089491113"", ""orcid"": ""https://orcid.org/0000-0003-3376-3592"", ""author_position"": ""middle"", ""is_corresponding"": false}, {""display_name"": ""Byung Ha Kang"", ""id"": ""https://openalex.org/A5102170807"", ""orcid"": ""https://orcid.org/0000-0002-6506-5118"", ""author_position"": ""middle"", ""is_corresponding"": false}, {""display_name"": ""Dong Hyun Choi"", ""id"": ""https://openalex.org/A5028737851"", ""orcid"": ""https://orcid.org/0000-0001-6036-1404"", ""author_position"": ""middle"", ""is_corresponding"": false}, {""display_name"": ""Kunho Moon"", ""id"": ""https://openalex.org/A5113204845"", ""orcid"": null, ""author_position"": ""middle"", ""is_corresponding"": false}, {""display_name"": ""Seokmoo Hong"", ""id"": ""https://openalex.org/A5011193674"", ""orcid"": ""https://orcid.org/0000-0001-5569-6285"", ""author_position"": ""middle"", ""is_corresponding"": false}, {""display_name"": ""Gwan In Kim"", ""id"": ""https://openalex.org/A5035407238"", ""orcid"": null, ""author_position"": ""middle"", ""is_corresponding"": false}, {""display_name"": ""Ju‐Hyun Lee"", ""id"": ""https://openalex.org/A5101914885"", ""orcid"": ""https://orcid.org/0000-0002-1288-3336"", ""author_position"": ""middle"", ""is_corresponding"": false}, {""display_name"": ""Hyun Jae Kim"", ""id"": ""https://openalex.org/A5011866664"", ""orcid"": ""https://orcid.org/0000-0002-6879-9256"", ""author_position"": ""last"", ""is_corresponding"": false}]"
10.1109/ted.2025.3562509,Institute of Electrical and Electronics Engineers,,False,Comprehensive Study of Low-Frequency Noise Origins in Scaled Atomic-Layer-Deposited IGZO TFTs,8,2025,2025-04-29,https://openalex.org/W4409916779,a-igzo,2025,36,openalex_title_and_abstract_cited_by_count_desc,none,0.0,False,False,False,journal,https://openalex.org/W4409916779,https://openalex.org/W4409916779,10.1109/ted.2025.3562509,IEEE Transactions on Electron Devices,https://openalex.org/S162355128,journal,0018-9383,"[""0018-9383"", ""1557-9646""]",article,0.96317263,10,Sumi Lee,Sumi Lee; Chang Niu; Chun-An Shih; Jian-Yu Lin; Zhuocheng Zhang; Yizhi Zhang; Linjia Long; Haiyan Wang; Muhammad A. Alam; Peide D. Ye,"[{""display_name"": ""Sumi Lee"", ""id"": ""https://openalex.org/A5087404984"", ""orcid"": ""https://orcid.org/0000-0003-2286-3053"", ""author_position"": ""first"", ""is_corresponding"": true}, {""display_name"": ""Chang Niu"", ""id"": ""https://openalex.org/A5005388099"", ""orcid"": ""https://orcid.org/0000-0003-3175-7164"", ""author_position"": ""middle"", ""is_corresponding"": false}, {""display_name"": ""Chun-An Shih"", ""id"": ""https://openalex.org/A5044828739"", ""orcid"": null, ""author_position"": ""middle"", ""is_corresponding"": false}, {""display_name"": ""Jian-Yu Lin"", ""id"": ""https://openalex.org/A5055167437"", ""orcid"": ""https://orcid.org/0000-0002-8800-8714"", ""author_position"": ""middle"", ""is_corresponding"": false}, {""display_name"": ""Zhuocheng Zhang"", ""id"": ""https://openalex.org/A5051411691"", ""orcid"": ""https://orcid.org/0000-0002-3559-0704"", ""author_position"": ""middle"", ""is_corresponding"": false}, {""display_name"": ""Yizhi Zhang"", ""id"": ""https://openalex.org/A5057228969"", ""orcid"": ""https://orcid.org/0000-0002-0422-0006"", ""author_position"": ""middle"", ""is_corresponding"": false}, {""display_name"": ""Linjia Long"", ""id"": ""https://openalex.org/A5113412620"", ""orcid"": null, ""author_position"": ""middle"", ""is_corresponding"": false}, {""display_name"": ""Haiyan Wang"", ""id"": ""https://openalex.org/A5108150629"", ""orcid"": ""https://orcid.org/0000-0003-2859-0519"", ""author_position"": ""middle"", ""is_corresponding"": false}, {""display_name"": ""Muhammad A. Alam"", ""id"": ""https://openalex.org/A5062737334"", ""orcid"": ""https://orcid.org/0000-0001-8775-6043"", ""author_position"": ""middle"", ""is_corresponding"": false}, {""display_name"": ""Peide D. Ye"", ""id"": ""https://openalex.org/A5063222844"", ""orcid"": ""https://orcid.org/0000-0001-8466-9745"", ""author_position"": ""last"", ""is_corresponding"": false}]"
10.1016/j.apsusc.2025.163028,Elsevier BV,,False,Synaptic plasticity enhancement by supercritical fluid processed a-IGZO transistors for robust image recognition applications,7,2025,2025-03-23,https://openalex.org/W4408746266,a-igzo,2025,37,openalex_title_and_abstract_cited_by_count_desc,none,0.0,False,False,False,journal,https://openalex.org/W4408746266,https://openalex.org/W4408746266,10.1016/j.apsusc.2025.163028,Applied Surface Science,https://openalex.org/S42323631,journal,0169-4332,"[""0169-4332"", ""1873-5584""]",article,0.95605656,4,Jo‐Lin Chen,Jo‐Lin Chen; Yu-Chuan Chiu; Tsung-Che Chiang; Po‐Tsun Liu,"[{""display_name"": ""Jo‐Lin Chen"", ""id"": ""https://openalex.org/A5013254168"", ""orcid"": null, ""author_position"": ""first"", ""is_corresponding"": false}, {""display_name"": ""Yu-Chuan Chiu"", ""id"": ""https://openalex.org/A5102328422"", ""orcid"": null, ""author_position"": ""middle"", ""is_corresponding"": false}, {""display_name"": ""Tsung-Che Chiang"", ""id"": ""https://openalex.org/A5069510989"", ""orcid"": ""https://orcid.org/0000-0001-8253-795X"", ""author_position"": ""middle"", ""is_corresponding"": false}, {""display_name"": ""Po‐Tsun Liu"", ""id"": ""https://openalex.org/A5002327772"", ""orcid"": ""https://orcid.org/0000-0001-8560-3668"", ""author_position"": ""last"", ""is_corresponding"": true}]"
10.1016/j.compositesb.2025.112557,Elsevier BV,,False,Superior electrocatalytic responses of InGaZnO composite electrode for viologen-based electrochromic supercapacitors,7,2025,2025-04-21,https://openalex.org/W4409638166,a-igzo,2025,38,openalex_title_and_abstract_cited_by_count_desc,none,0.0,False,False,False,journal,https://openalex.org/W4409638166,https://openalex.org/W4409638166,10.1016/j.compositesb.2025.112557,Composites Part B Engineering,https://openalex.org/S112674977,journal,1359-8368,"[""1359-8368"", ""1879-1069""]",article,0.94794818,6,Raksha Pal,Raksha Pal; Fayong Sun; Soo Yeon Eom; Manoj M. Rajpure; Beomjin Jeong; Jong S. Park,"[{""display_name"": ""Raksha Pal"", ""id"": ""https://openalex.org/A5084895179"", ""orcid"": ""https://orcid.org/0009-0004-7903-6221"", ""author_position"": ""first"", ""is_corresponding"": false}, {""display_name"": ""Fayong Sun"", ""id"": ""https://openalex.org/A5044758646"", ""orcid"": ""https://orcid.org/0000-0002-4168-3843"", ""author_position"": ""middle"", ""is_corresponding"": false}, {""display_name"": ""Soo Yeon Eom"", ""id"": ""https://openalex.org/A5113312139"", ""orcid"": null, ""author_position"": ""middle"", ""is_corresponding"": false}, {""display_name"": ""Manoj M. Rajpure"", ""id"": ""https://openalex.org/A5063051125"", ""orcid"": null, ""author_position"": ""middle"", ""is_corresponding"": false}, {""display_name"": ""Beomjin Jeong"", ""id"": ""https://openalex.org/A5010693341"", ""orcid"": ""https://orcid.org/0000-0002-6403-5275"", ""author_position"": ""middle"", ""is_corresponding"": false}, {""display_name"": ""Jong S. Park"", ""id"": ""https://openalex.org/A5103154827"", ""orcid"": ""https://orcid.org/0000-0002-7624-9502"", ""author_position"": ""last"", ""is_corresponding"": true}]"
10.1016/j.inoche.2025.114007,Elsevier BV,,False,Mathematical Modeling and performance analysis of Zr-Based chalcogenide perovskites with kesterite and zinc based charge transport layers,7,2025,2025-01-28,https://openalex.org/W4406902164,a-igzo,2025,39,openalex_title_and_abstract_cited_by_count_desc,none,0.0,False,False,False,journal,https://openalex.org/W4406902164,https://openalex.org/W4406902164,10.1016/j.inoche.2025.114007,Inorganic Chemistry Communications,https://openalex.org/S166634186,journal,1387-7003,"[""1387-7003"", ""1879-0259""]",article,0.9524371,4,Abdul Haseeb Hassan Khan,Abdul Haseeb Hassan Khan; Aqib Ali Khan; Aqib Ali Khan; Aqib Ali Khan,"[{""display_name"": ""Abdul Haseeb Hassan Khan"", ""id"": ""https://openalex.org/A5102625341"", ""orcid"": null, ""author_position"": ""first"", ""is_corresponding"": false}, {""display_name"": ""Aqib Ali Khan"", ""id"": ""https://openalex.org/A5037087802"", ""orcid"": null, ""author_position"": ""middle"", ""is_corresponding"": true}, {""display_name"": ""Aqib Ali Khan"", ""id"": null, ""orcid"": null, ""author_position"": ""middle"", ""is_corresponding"": false}, {""display_name"": ""Aqib Ali Khan"", ""id"": null, ""orcid"": null, ""author_position"": ""last"", ""is_corresponding"": true}]"
10.1016/j.inoche.2025.114707,Elsevier BV,,False,Tailoring transporters for all-inorganic tin-based perovskite solar cells with efficiency exceeding 22% using SCAPS-1D simulator,7,2025,2025-05-17,https://openalex.org/W4410459337,a-igzo,2025,40,openalex_title_and_abstract_cited_by_count_desc,none,0.0,False,False,False,journal,https://openalex.org/W4410459337,https://openalex.org/W4410459337,10.1016/j.inoche.2025.114707,Inorganic Chemistry Communications,https://openalex.org/S166634186,journal,1387-7003,"[""1387-7003"", ""1879-0259""]",article,0.95817879,2,A. Khan,A. Khan; Ying‐Chiao Wang,"[{""display_name"": ""A. Khan"", ""id"": ""https://openalex.org/A5043399805"", ""orcid"": ""https://orcid.org/0009-0002-9361-5399"", ""author_position"": ""first"", ""is_corresponding"": false}, {""display_name"": ""Ying‐Chiao Wang"", ""id"": ""https://openalex.org/A5032774713"", ""orcid"": ""https://orcid.org/0000-0002-6459-0770"", ""author_position"": ""last"", ""is_corresponding"": true}]"
10.1021/acsaelm.5c00062,American Chemical Society,,False,Contact Resistance Reduction in IGZO TFTs Using Al-Induced Microstructure Regularization,7,2025,2025-03-25,https://openalex.org/W4408821740,a-igzo,2025,41,openalex_title_and_abstract_cited_by_count_desc,none,0.0,False,False,False,journal,https://openalex.org/W4408821740,https://openalex.org/W4408821740,10.1021/acsaelm.5c00062,ACS Applied Electronic Materials,https://openalex.org/S4210217399,journal,2637-6113,"[""2637-6113""]",article,0.95722914,9,Jingting Sun,Jingting Sun; Tingting Jin; Minghang Lei; Zhanglong Fu; Zhipeng Chen; Junyan Ren; Hongyu Chen; Lingyan Liang; Cao Hongtao,"[{""display_name"": ""Jingting Sun"", ""id"": ""https://openalex.org/A5113914535"", ""orcid"": null, ""author_position"": ""first"", ""is_corresponding"": false}, {""display_name"": ""Tingting Jin"", ""id"": ""https://openalex.org/A5032211278"", ""orcid"": ""https://orcid.org/0000-0003-3712-1562"", ""author_position"": ""middle"", ""is_corresponding"": false}, {""display_name"": ""Minghang Lei"", ""id"": ""https://openalex.org/A5114173758"", ""orcid"": null, ""author_position"": ""middle"", ""is_corresponding"": false}, {""display_name"": ""Zhanglong Fu"", ""id"": ""https://openalex.org/A5084939520"", ""orcid"": ""https://orcid.org/0000-0002-0896-0351"", ""author_position"": ""middle"", ""is_corresponding"": false}, {""display_name"": ""Zhipeng Chen"", ""id"": ""https://openalex.org/A5100325076"", ""orcid"": null, ""author_position"": ""middle"", ""is_corresponding"": false}, {""display_name"": ""Junyan Ren"", ""id"": ""https://openalex.org/A5053028577"", ""orcid"": ""https://orcid.org/0009-0003-5149-125X"", ""author_position"": ""middle"", ""is_corresponding"": false}, {""display_name"": ""Hongyu Chen"", ""id"": ""https://openalex.org/A5115601811"", ""orcid"": ""https://orcid.org/0000-0002-3926-1959"", ""author_position"": ""middle"", ""is_corresponding"": false}, {""display_name"": ""Lingyan Liang"", ""id"": ""https://openalex.org/A5014126614"", ""orcid"": ""https://orcid.org/0000-0002-6285-6600"", ""author_position"": ""middle"", ""is_corresponding"": true}, {""display_name"": ""Cao Hongtao"", ""id"": ""https://openalex.org/A5103651269"", ""orcid"": null, ""author_position"": ""last"", ""is_corresponding"": true}]"
10.1021/acsaelm.5c01299,American Chemical Society,,False,Enhanced Carrier Transport and Stability in Thin-Film Transistors Based on ITZO/IGZO Heterojunction Channel and Al<sub>2</sub>O<sub>3</sub> Passivation,7,2025,2025-09-06,https://openalex.org/W4414158863,a-igzo,2025,42,openalex_title_and_abstract_cited_by_count_desc,none,0.0,False,False,False,journal,https://openalex.org/W4414158863,https://openalex.org/W4414158863,10.1021/acsaelm.5c01299,ACS Applied Electronic Materials,https://openalex.org/S4210217399,journal,2637-6113,"[""2637-6113""]",article,0.96200697,7,Zhenyuan Xiao,Zhenyuan Xiao; Quang Trung Lê; Shaocong Lv; Aimin Song; Jiawei Zhang; Jidong Jin; Jaekyun Kim,"[{""display_name"": ""Zhenyuan Xiao"", ""id"": ""https://openalex.org/A5007974800"", ""orcid"": ""https://orcid.org/0000-0003-2996-7162"", ""author_position"": ""first"", ""is_corresponding"": false}, {""display_name"": ""Quang Trung Lê"", ""id"": ""https://openalex.org/A5083629305"", ""orcid"": ""https://orcid.org/0000-0002-2032-3523"", ""author_position"": ""middle"", ""is_corresponding"": false}, {""display_name"": ""Shaocong Lv"", ""id"": ""https://openalex.org/A5111108673"", ""orcid"": null, ""author_position"": ""middle"", ""is_corresponding"": false}, {""display_name"": ""Aimin Song"", ""id"": ""https://openalex.org/A5047271751"", ""orcid"": ""https://orcid.org/0000-0001-6550-518X"", ""author_position"": ""middle"", ""is_corresponding"": false}, {""display_name"": ""Jiawei Zhang"", ""id"": ""https://openalex.org/A5064468360"", ""orcid"": ""https://orcid.org/0000-0002-1624-9535"", ""author_position"": ""middle"", ""is_corresponding"": true}, {""display_name"": ""Jidong Jin"", ""id"": ""https://openalex.org/A5051820696"", ""orcid"": ""https://orcid.org/0000-0002-8400-0053"", ""author_position"": ""middle"", ""is_corresponding"": true}, {""display_name"": ""Jaekyun Kim"", ""id"": ""https://openalex.org/A5037744188"", ""orcid"": ""https://orcid.org/0000-0001-9726-8166"", ""author_position"": ""last"", ""is_corresponding"": true}]"
10.1063/5.0250886,American Institute of Physics,,False,High mobility crystallized stacked-channel thin-film transistors induced by low-temperature thermal annealing,7,2025,2025-01-13,https://openalex.org/W4406385253,a-igzo,2025,43,openalex_title_and_abstract_cited_by_count_desc,none,0.0,False,False,False,journal,https://openalex.org/W4406385253,https://openalex.org/W4406385253,10.1063/5.0250886,Applied Physics Letters,https://openalex.org/S105243760,journal,0003-6951,"[""0003-6951"", ""1077-3118"", ""1520-8842""]",article,0.95070955,9,Pan Wen,Pan Wen; Cong Peng; Xingwei Ding; Fa‐Hsyang Chen; Guowen Yan; Lin Xu; Junfeng Li; Xifeng Li; Jianhua Zhang,"[{""display_name"": ""Pan Wen"", ""id"": ""https://openalex.org/A5027185498"", ""orcid"": ""https://orcid.org/0009-0005-2340-4571"", ""author_position"": ""first"", ""is_corresponding"": true}, {""display_name"": ""Cong Peng"", ""id"": ""https://openalex.org/A5019256305"", ""orcid"": ""https://orcid.org/0000-0002-8400-779X"", ""author_position"": ""middle"", ""is_corresponding"": false}, {""display_name"": ""Xingwei Ding"", ""id"": ""https://openalex.org/A5034726326"", ""orcid"": ""https://orcid.org/0000-0002-9002-5185"", ""author_position"": ""middle"", ""is_corresponding"": false}, {""display_name"": ""Fa‐Hsyang Chen"", ""id"": ""https://openalex.org/A5013751279"", ""orcid"": null, ""author_position"": ""middle"", ""is_corresponding"": false}, {""display_name"": ""Guowen Yan"", ""id"": ""https://openalex.org/A5013578456"", ""orcid"": null, ""author_position"": ""middle"", ""is_corresponding"": false}, {""display_name"": ""Lin Xu"", ""id"": ""https://openalex.org/A5036427590"", ""orcid"": ""https://orcid.org/0000-0003-1781-1638"", ""author_position"": ""middle"", ""is_corresponding"": false}, {""display_name"": ""Junfeng Li"", ""id"": ""https://openalex.org/A5100450048"", ""orcid"": ""https://orcid.org/0000-0001-9921-4727"", ""author_position"": ""middle"", ""is_corresponding"": false}, {""display_name"": ""Xifeng Li"", ""id"": ""https://openalex.org/A5100656004"", ""orcid"": ""https://orcid.org/0000-0003-0508-869X"", ""author_position"": ""middle"", ""is_corresponding"": false}, {""display_name"": ""Jianhua Zhang"", ""id"": ""https://openalex.org/A5041947757"", ""orcid"": ""https://orcid.org/0000-0001-8061-1861"", ""author_position"": ""last"", ""is_corresponding"": false}]"
10.1063/5.0256082,American Institute of Physics,https://pubs.aip.org/aip/apl/article-pdf/doi/10.1063/5.0256082/20432414/103302_1_5.0256082.pdf,True,Visible light-driven synaptic transistors based on bilayer InGaZnO homojunction for neuromorphic computing,7,2025,2025-03-01,https://openalex.org/W4408277148,a-igzo,2025,44,openalex_title_and_abstract_cited_by_count_desc,none,0.0,False,False,False,journal,https://openalex.org/W4408277148,https://openalex.org/W4408277148,10.1063/5.0256082,Applied Physics Letters,https://openalex.org/S105243760,journal,0003-6951,"[""0003-6951"", ""1077-3118"", ""1520-8842""]",article,0.95361877,8,Zezhong Yin,Zezhong Yin; Ling Shan; Ranran Ci; Dandan Hao; Guangtan Miao; Tian Lan; Guoxia Liu; Fukai Shan,"[{""display_name"": ""Zezhong Yin"", ""id"": ""https://openalex.org/A5103393082"", ""orcid"": ""https://orcid.org/0009-0008-6642-2296"", ""author_position"": ""first"", ""is_corresponding"": true}, {""display_name"": ""Ling Shan"", ""id"": ""https://openalex.org/A5030641434"", ""orcid"": ""https://orcid.org/0000-0002-4765-2474"", ""author_position"": ""middle"", ""is_corresponding"": false}, {""display_name"": ""Ranran Ci"", ""id"": ""https://openalex.org/A5093957824"", ""orcid"": null, ""author_position"": ""middle"", ""is_corresponding"": false}, {""display_name"": ""Dandan Hao"", ""id"": ""https://openalex.org/A5078770477"", ""orcid"": ""https://orcid.org/0000-0002-1396-9123"", ""author_position"": ""middle"", ""is_corresponding"": false}, {""display_name"": ""Guangtan Miao"", ""id"": ""https://openalex.org/A5058770727"", ""orcid"": ""https://orcid.org/0009-0008-7796-7507"", ""author_position"": ""middle"", ""is_corresponding"": false}, {""display_name"": ""Tian Lan"", ""id"": ""https://openalex.org/A5015624275"", ""orcid"": ""https://orcid.org/0000-0003-1321-334X"", ""author_position"": ""middle"", ""is_corresponding"": false}, {""display_name"": ""Guoxia Liu"", ""id"": ""https://openalex.org/A5103023428"", ""orcid"": ""https://orcid.org/0000-0001-7924-0733"", ""author_position"": ""middle"", ""is_corresponding"": false}, {""display_name"": ""Fukai Shan"", ""id"": ""https://openalex.org/A5050718068"", ""orcid"": ""https://orcid.org/0000-0002-7158-9559"", ""author_position"": ""last"", ""is_corresponding"": false}]"
10.1109/led.2025.3563839,Institute of Electrical and Electronics Engineers,,False,Vertical Channel-All-Around (CAA) IGZO FET With Recessed Source/Drain Structure to Improve Contact Characteristics,7,2025,2025-04-23,https://openalex.org/W4409723736,a-igzo,2025,45,openalex_title_and_abstract_cited_by_count_desc,none,0.0,False,False,False,journal,https://openalex.org/W4409723736,https://openalex.org/W4409723736,10.1109/led.2025.3563839,IEEE Electron Device Letters,https://openalex.org/S19887683,journal,0741-3106,"[""0741-3106"", ""1558-0563""]",article,0.95734137,19,Chuanke Chen,Chuanke Chen; Chen Gu; Yue Zhao; Xinlv Duan; Congyan Lu; Jiebin Niu; Kaiping Zhang; Yu Liu; Shengjie Zhao; Weiwei Li; Wanming Wu; Chunyu Zhang; Ke Hu; Shipeng Wang; Qiaoling Tong; Yanjun Tang; Nianduan Lu; Di Geng; Ling Li,"[{""display_name"": ""Chuanke Chen"", ""id"": ""https://openalex.org/A5062868417"", ""orcid"": ""https://orcid.org/0009-0001-0477-2927"", ""author_position"": ""first"", ""is_corresponding"": true}, {""display_name"": ""Chen Gu"", ""id"": ""https://openalex.org/A5101474677"", ""orcid"": ""https://orcid.org/0009-0001-4151-3537"", ""author_position"": ""middle"", ""is_corresponding"": false}, {""display_name"": ""Yue Zhao"", ""id"": ""https://openalex.org/A5102983439"", ""orcid"": ""https://orcid.org/0009-0000-7648-429X"", ""author_position"": ""middle"", ""is_corresponding"": false}, {""display_name"": ""Xinlv Duan"", ""id"": ""https://openalex.org/A5009183677"", ""orcid"": ""https://orcid.org/0000-0001-5183-7060"", ""author_position"": ""middle"", ""is_corresponding"": false}, {""display_name"": ""Congyan Lu"", ""id"": ""https://openalex.org/A5038128382"", ""orcid"": ""https://orcid.org/0000-0002-4064-7410"", ""author_position"": ""middle"", ""is_corresponding"": false}, {""display_name"": ""Jiebin Niu"", ""id"": ""https://openalex.org/A5109914686"", ""orcid"": ""https://orcid.org/0009-0009-6299-0947"", ""author_position"": ""middle"", ""is_corresponding"": false}, {""display_name"": ""Kaiping Zhang"", ""id"": ""https://openalex.org/A5101530326"", ""orcid"": null, ""author_position"": ""middle"", ""is_corresponding"": false}, {""display_name"": ""Yu Liu"", ""id"": ""https://openalex.org/A5100345823"", ""orcid"": ""https://orcid.org/0000-0002-6752-957X"", ""author_position"": ""middle"", ""is_corresponding"": false}, {""display_name"": ""Shengjie Zhao"", ""id"": ""https://openalex.org/A5101612776"", ""orcid"": ""https://orcid.org/0000-0002-1908-1133"", ""author_position"": ""middle"", ""is_corresponding"": false}, {""display_name"": ""Weiwei Li"", ""id"": ""https://openalex.org/A5063400605"", ""orcid"": ""https://orcid.org/0009-0001-0636-7781"", ""author_position"": ""middle"", ""is_corresponding"": false}, {""display_name"": ""Wanming Wu"", ""id"": ""https://openalex.org/A5066689075"", ""orcid"": ""https://orcid.org/0009-0009-4005-4752"", ""author_position"": ""middle"", ""is_corresponding"": false}, {""display_name"": ""Chunyu Zhang"", ""id"": ""https://openalex.org/A5100683453"", ""orcid"": ""https://orcid.org/0009-0001-4302-039X"", ""author_position"": ""middle"", ""is_corresponding"": false}, {""display_name"": ""Ke Hu"", ""id"": ""https://openalex.org/A5020095548"", ""orcid"": ""https://orcid.org/0000-0002-1084-697X"", ""author_position"": ""middle"", ""is_corresponding"": false}, {""display_name"": ""Shipeng Wang"", ""id"": ""https://openalex.org/A5062314622"", ""orcid"": ""https://orcid.org/0000-0002-2028-4253"", ""author_position"": ""middle"", ""is_corresponding"": false}, {""display_name"": ""Qiaoling Tong"", ""id"": ""https://openalex.org/A5064612882"", ""orcid"": ""https://orcid.org/0000-0002-9888-0426"", ""author_position"": ""middle"", ""is_corresponding"": false}, {""display_name"": ""Yanjun Tang"", ""id"": ""https://openalex.org/A5101716308"", ""orcid"": ""https://orcid.org/0000-0002-3882-5935"", ""author_position"": ""middle"", ""is_corresponding"": false}, {""display_name"": ""Nianduan Lu"", ""id"": ""https://openalex.org/A5102840011"", ""orcid"": ""https://orcid.org/0000-0001-8415-7627"", ""author_position"": ""middle"", ""is_corresponding"": false}, {""display_name"": ""Di Geng"", ""id"": ""https://openalex.org/A5077056646"", ""orcid"": ""https://orcid.org/0000-0002-5653-6811"", ""author_position"": ""middle"", ""is_corresponding"": false}, {""display_name"": ""Ling Li"", ""id"": ""https://openalex.org/A5100435353"", ""orcid"": ""https://orcid.org/0000-0002-7622-8752"", ""author_position"": ""last"", ""is_corresponding"": false}]"
10.3390/nano15060460,Multidisciplinary Digital Publishing Institute,https://www.mdpi.com/2079-4991/15/6/460/pdf?version=1742370458,True,Enhancement in Performance and Reliability of Fully Transparent a-IGZO Top-Gate Thin-Film Transistors by a Two-Step Annealing Treatment,7,2025,2025-03-19,https://openalex.org/W4408619983,a-igzo,2025,46,openalex_title_and_abstract_cited_by_count_desc,none,0.0,False,False,False,journal,https://openalex.org/W4408619983,https://openalex.org/W4408619983,10.3390/nano15060460,Nanomaterials,https://openalex.org/S2764646681,journal,2079-4991,"[""2079-4991""]",article,0.95917274,9,Shuaiying Zheng,Shuaiying Zheng; Chengyuan Wang; Shaocong Lv; Liwei Dong; Zhijun Li; Qian Xin; Aimin Song; Jiawei Zhang; Yuxiang Li,"[{""display_name"": ""Shuaiying Zheng"", ""id"": ""https://openalex.org/A5111108672"", ""orcid"": null, ""author_position"": ""first"", ""is_corresponding"": false}, {""display_name"": ""Chengyuan Wang"", ""id"": ""https://openalex.org/A5100780921"", ""orcid"": ""https://orcid.org/0000-0002-6374-4475"", ""author_position"": ""middle"", ""is_corresponding"": false}, {""display_name"": ""Shaocong Lv"", ""id"": ""https://openalex.org/A5111108673"", ""orcid"": null, ""author_position"": ""middle"", ""is_corresponding"": false}, {""display_name"": ""Liwei Dong"", ""id"": ""https://openalex.org/A5056260480"", ""orcid"": ""https://orcid.org/0000-0002-4034-804X"", ""author_position"": ""middle"", ""is_corresponding"": false}, {""display_name"": ""Zhijun Li"", ""id"": ""https://openalex.org/A5108029544"", ""orcid"": ""https://orcid.org/0000-0002-6261-0395"", ""author_position"": ""middle"", ""is_corresponding"": false}, {""display_name"": ""Qian Xin"", ""id"": ""https://openalex.org/A5070573117"", ""orcid"": ""https://orcid.org/0000-0003-4605-5894"", ""author_position"": ""middle"", ""is_corresponding"": false}, {""display_name"": ""Aimin Song"", ""id"": ""https://openalex.org/A5047271751"", ""orcid"": ""https://orcid.org/0000-0001-6550-518X"", ""author_position"": ""middle"", ""is_corresponding"": false}, {""display_name"": ""Jiawei Zhang"", ""id"": ""https://openalex.org/A5064468360"", ""orcid"": ""https://orcid.org/0000-0002-1624-9535"", ""author_position"": ""middle"", ""is_corresponding"": true}, {""display_name"": ""Yuxiang Li"", ""id"": ""https://openalex.org/A5100341657"", ""orcid"": ""https://orcid.org/0000-0002-9457-769X"", ""author_position"": ""last"", ""is_corresponding"": true}]"
10.1016/j.jpcs.2025.112897,Elsevier BV,,False,Empowering rubidium-based halide PSCs: A deep dive into ETL material performance,6,2025,2025-05-28,https://openalex.org/W4410796291,a-igzo,2025,47,openalex_title_and_abstract_cited_by_count_desc,none,0.0,False,False,False,journal,https://openalex.org/W4410796291,https://openalex.org/W4410796291,10.1016/j.jpcs.2025.112897,Journal of Physics and Chemistry of Solids,https://openalex.org/S171512606,journal,0022-3697,"[""0022-3697"", ""1879-2553""]",article,0.94890983,10,Kumar Neupane,Kumar Neupane; Pratap Kumar Dakua; Jubuli Sahu; Subba Rao Polamurı; Amit Ved; M Chethan; D.V.N. Ananth; Raj Kumar; Hemasri Karri; Sagar Bhattarai,"[{""display_name"": ""Kumar Neupane"", ""id"": ""https://openalex.org/A5117720519"", ""orcid"": null, ""author_position"": ""first"", ""is_corresponding"": true}, {""display_name"": ""Pratap Kumar Dakua"", ""id"": ""https://openalex.org/A5032624599"", ""orcid"": ""https://orcid.org/0000-0002-4510-8926"", ""author_position"": ""middle"", ""is_corresponding"": true}, {""display_name"": ""Jubuli Sahu"", ""id"": ""https://openalex.org/A5032559363"", ""orcid"": null, ""author_position"": ""middle"", ""is_corresponding"": false}, {""display_name"": ""Subba Rao Polamurı"", ""id"": ""https://openalex.org/A5033316885"", ""orcid"": ""https://orcid.org/0000-0002-2496-1581"", ""author_position"": ""middle"", ""is_corresponding"": false}, {""display_name"": ""Amit Ved"", ""id"": ""https://openalex.org/A5073377791"", ""orcid"": ""https://orcid.org/0000-0002-5513-4888"", ""author_position"": ""middle"", ""is_corresponding"": false}, {""display_name"": ""M Chethan"", ""id"": ""https://openalex.org/A5062765273"", ""orcid"": ""https://orcid.org/0000-0002-5097-1396"", ""author_position"": ""middle"", ""is_corresponding"": false}, {""display_name"": ""D.V.N. Ananth"", ""id"": ""https://openalex.org/A5117720520"", ""orcid"": null, ""author_position"": ""middle"", ""is_corresponding"": false}, {""display_name"": ""Raj Kumar"", ""id"": ""https://openalex.org/A5115599538"", ""orcid"": ""https://orcid.org/0000-0003-4019-9942"", ""author_position"": ""middle"", ""is_corresponding"": false}, {""display_name"": ""Hemasri Karri"", ""id"": ""https://openalex.org/A5117720521"", ""orcid"": null, ""author_position"": ""middle"", ""is_corresponding"": false}, {""display_name"": ""Sagar Bhattarai"", ""id"": ""https://openalex.org/A5049283906"", ""orcid"": ""https://orcid.org/0000-0002-4805-9613"", ""author_position"": ""last"", ""is_corresponding"": true}]"
10.1016/j.mset.2025.07.003,Elsevier BV,,True,Transformation of BaTiO3 electro-optical properties through graphene oxide integration for high-performance photovoltaic applications,6,2025,2025-01-01,https://openalex.org/W4412980667,a-igzo,2025,48,openalex_title_and_abstract_cited_by_count_desc,none,0.0,False,False,False,journal,https://openalex.org/W4412980667,https://openalex.org/W4412980667,10.1016/j.mset.2025.07.003,Materials Science for Energy Technologies,https://openalex.org/S2898569932,journal,2589-2991,"[""2589-2991""]",article,0.94433577,3,Mohamed Karouchi,Mohamed Karouchi; Youssef Lachtioui; Omar Bajjou,"[{""display_name"": ""Mohamed Karouchi"", ""id"": ""https://openalex.org/A5092244487"", ""orcid"": null, ""author_position"": ""first"", ""is_corresponding"": true}, {""display_name"": ""Youssef Lachtioui"", ""id"": ""https://openalex.org/A5071237405"", ""orcid"": null, ""author_position"": ""middle"", ""is_corresponding"": false}, {""display_name"": ""Omar Bajjou"", ""id"": ""https://openalex.org/A5071141663"", ""orcid"": null, ""author_position"": ""last"", ""is_corresponding"": false}]"
10.1016/j.sna.2025.116482,Elsevier BV,,True,Optical fingerprint for gas identification at room temperature using light-activated a-IGZO thin films and machine learning,6,2025,2025-03-18,https://openalex.org/W4408579561,a-igzo,2025,49,openalex_title_and_abstract_cited_by_count_desc,none,0.0,False,False,False,journal,https://openalex.org/W4408579561,https://openalex.org/W4408579561,10.1016/j.sna.2025.116482,Sensors and Actuators A Physical,https://openalex.org/S16945967,journal,0924-4247,"[""0924-4247"", ""1873-3069""]",article,0.94846714,3,Pei-Te Lin,Pei-Te Lin; Zi-Chun Tseng; Chun‐Ying Huang,"[{""display_name"": ""Pei-Te Lin"", ""id"": ""https://openalex.org/A5020375962"", ""orcid"": ""https://orcid.org/0000-0002-6000-130X"", ""author_position"": ""first"", ""is_corresponding"": false}, {""display_name"": ""Zi-Chun Tseng"", ""id"": ""https://openalex.org/A5092067332"", ""orcid"": null, ""author_position"": ""middle"", ""is_corresponding"": false}, {""display_name"": ""Chun‐Ying Huang"", ""id"": ""https://openalex.org/A5041075096"", ""orcid"": ""https://orcid.org/0000-0002-7501-6803"", ""author_position"": ""last"", ""is_corresponding"": true}]"
10.1021/acsami.4c19448,American Chemical Society,,False,Enhanced Performance of Polymer Photodetectors Using a Metal-Doped Zinc Oxide Interfacial Layer,6,2025,2025-01-07,https://openalex.org/W4406125365,a-igzo,2025,50,openalex_title_and_abstract_cited_by_count_desc,none,0.0,False,False,False,journal,https://openalex.org/W4406125365,https://openalex.org/W4406125365,10.1021/acsami.4c19448,ACS Applied Materials & Interfaces,https://openalex.org/S164001016,journal,1944-8244,"[""1944-8244"", ""1944-8252""]",article,0.92412706,5,Ri Gyeong Kwon,Ri Gyeong Kwon; Collins Kiguye; Jaebum Jeong; Gun woong Kim; Jun Young Kim,"[{""display_name"": ""Ri Gyeong Kwon"", ""id"": ""https://openalex.org/A5109621676"", ""orcid"": null, ""author_position"": ""first"", ""is_corresponding"": false}, {""display_name"": ""Collins Kiguye"", ""id"": ""https://openalex.org/A5005621619"", ""orcid"": null, ""author_position"": ""middle"", ""is_corresponding"": false}, {""display_name"": ""Jaebum Jeong"", ""id"": ""https://openalex.org/A5109434854"", ""orcid"": ""https://orcid.org/0000-0001-7425-049X"", ""author_position"": ""middle"", ""is_corresponding"": false}, {""display_name"": ""Gun woong Kim"", ""id"": ""https://openalex.org/A5111019973"", ""orcid"": null, ""author_position"": ""middle"", ""is_corresponding"": false}, {""display_name"": ""Jun Young Kim"", ""id"": ""https://openalex.org/A5100655730"", ""orcid"": ""https://orcid.org/0000-0002-0641-4891"", ""author_position"": ""last"", ""is_corresponding"": true}]"
10.1021/acsami.4c22748,American Chemical Society,,False,Nitrogen Doping Strategy in SiO<sub>2</sub> Insulators for Stable and Hydrogen-Resistant ALD–IGZO TFTs,6,2025,2025-03-20,https://openalex.org/W4408661833,a-igzo,2025,51,openalex_title_and_abstract_cited_by_count_desc,none,0.0,False,False,False,journal,https://openalex.org/W4408661833,https://openalex.org/W4408661833,10.1021/acsami.4c22748,ACS Applied Materials & Interfaces,https://openalex.org/S164001016,journal,1944-8244,"[""1944-8244"", ""1944-8252""]",article,0.9433533,7,Tae Heon Kim,Tae Heon Kim; Dong-Gyu Kim; Sang-Hyun Kim; Taekyung Kim; Kie Moon Song; Yeonhee Lee; Jin‐Seong Park,"[{""display_name"": ""Tae Heon Kim"", ""id"": ""https://openalex.org/A5101857861"", ""orcid"": ""https://orcid.org/0000-0002-7819-4912"", ""author_position"": ""first"", ""is_corresponding"": false}, {""display_name"": ""Dong-Gyu Kim"", ""id"": ""https://openalex.org/A5113266432"", ""orcid"": null, ""author_position"": ""middle"", ""is_corresponding"": false}, {""display_name"": ""Sang-Hyun Kim"", ""id"": ""https://openalex.org/A5100326305"", ""orcid"": ""https://orcid.org/0000-0001-7556-8504"", ""author_position"": ""middle"", ""is_corresponding"": false}, {""display_name"": ""Taekyung Kim"", ""id"": ""https://openalex.org/A5100657827"", ""orcid"": ""https://orcid.org/0000-0001-7632-8756"", ""author_position"": ""middle"", ""is_corresponding"": false}, {""display_name"": ""Kie Moon Song"", ""id"": ""https://openalex.org/A5111637876"", ""orcid"": ""https://orcid.org/0000-0001-6552-8875"", ""author_position"": ""middle"", ""is_corresponding"": false}, {""display_name"": ""Yeonhee Lee"", ""id"": ""https://openalex.org/A5101720575"", ""orcid"": ""https://orcid.org/0000-0003-3888-9127"", ""author_position"": ""middle"", ""is_corresponding"": false}, {""display_name"": ""Jin‐Seong Park"", ""id"": ""https://openalex.org/A5071947816"", ""orcid"": ""https://orcid.org/0000-0002-9070-5666"", ""author_position"": ""last"", ""is_corresponding"": true}]"
10.1021/acsami.5c08848,American Chemical Society,,False,Long-Term Sustainability of High-Mobility Ultrathin a-IGZO TFT with Double-Layered Passivation,6,2025,2025-08-05,https://openalex.org/W4412977186,a-igzo,2025,52,openalex_title_and_abstract_cited_by_count_desc,none,0.0,False,False,False,journal,https://openalex.org/W4412977186,https://openalex.org/W4412977186,10.1021/acsami.5c08848,ACS Applied Materials & Interfaces,https://openalex.org/S164001016,journal,1944-8244,"[""1944-8244"", ""1944-8252""]",article,0.95034134,3,Yalun Tang,Yalun Tang; Yilong Song; Kenji Nomura,"[{""display_name"": ""Yalun Tang"", ""id"": ""https://openalex.org/A5031810590"", ""orcid"": ""https://orcid.org/0000-0002-2207-1948"", ""author_position"": ""first"", ""is_corresponding"": false}, {""display_name"": ""Yilong Song"", ""id"": ""https://openalex.org/A5016376040"", ""orcid"": ""https://orcid.org/0000-0002-9479-4280"", ""author_position"": ""middle"", ""is_corresponding"": false}, {""display_name"": ""Kenji Nomura"", ""id"": ""https://openalex.org/A5015082666"", ""orcid"": ""https://orcid.org/0000-0002-2786-6563"", ""author_position"": ""last"", ""is_corresponding"": true}]"
10.1021/acsnano.5c01840,American Chemical Society,,False,All-Inorganic Metal Oxide-Based p-n Heterojunction Ternary-State Transistors,6,2025,2025-06-10,https://openalex.org/W4411176361,a-igzo,2025,53,openalex_title_and_abstract_cited_by_count_desc,none,0.0,False,False,False,journal,https://openalex.org/W4411176361,https://openalex.org/W4411176361,10.1021/acsnano.5c01840,ACS Nano,https://openalex.org/S145476921,journal,1936-0851,"[""1936-0851"", ""1936-086X""]",article,0.94854507,5,Minho Jin,Minho Jin; Jong Chan Shin; Jiho Lee; Suhwan Hwang; Youn Sang Kim,"[{""display_name"": ""Minho Jin"", ""id"": ""https://openalex.org/A5091565608"", ""orcid"": ""https://orcid.org/0000-0001-8074-1391"", ""author_position"": ""first"", ""is_corresponding"": false}, {""display_name"": ""Jong Chan Shin"", ""id"": ""https://openalex.org/A5027683412"", ""orcid"": ""https://orcid.org/0000-0001-6935-9511"", ""author_position"": ""middle"", ""is_corresponding"": false}, {""display_name"": ""Jiho Lee"", ""id"": ""https://openalex.org/A5053195373"", ""orcid"": ""https://orcid.org/0000-0002-5587-9599"", ""author_position"": ""middle"", ""is_corresponding"": false}, {""display_name"": ""Suhwan Hwang"", ""id"": ""https://openalex.org/A5007611552"", ""orcid"": null, ""author_position"": ""middle"", ""is_corresponding"": false}, {""display_name"": ""Youn Sang Kim"", ""id"": ""https://openalex.org/A5072235115"", ""orcid"": ""https://orcid.org/0000-0002-4580-2037"", ""author_position"": ""last"", ""is_corresponding"": true}]"
10.1021/acsphotonics.4c01809,American Chemical Society,,False,Integrated Opto-Synaptic IGZO Transistors for Image Recognition Fabricated at Room Temperature,6,2025,2025-04-05,https://openalex.org/W4409184130,a-igzo,2025,54,openalex_title_and_abstract_cited_by_count_desc,none,0.0,False,False,False,journal,https://openalex.org/W4409184130,https://openalex.org/W4409184130,10.1021/acsphotonics.4c01809,ACS Photonics,https://openalex.org/S135184319,journal,2330-4022,"[""2330-4022""]",article,0.94588558,9,Shu Ming Qi,Shu Ming Qi; Jia Cheng Li; Yudong Xia; Zi Chun Liu; De Dai; Ting Song; Huixia Yang; Yuan Xiao; Yeliang Wang,"[{""display_name"": ""Shu Ming Qi"", ""id"": ""https://openalex.org/A5008836056"", ""orcid"": null, ""author_position"": ""first"", ""is_corresponding"": false}, {""display_name"": ""Jia Cheng Li"", ""id"": ""https://openalex.org/A5088184858"", ""orcid"": null, ""author_position"": ""middle"", ""is_corresponding"": false}, {""display_name"": ""Yudong Xia"", ""id"": ""https://openalex.org/A5102004772"", ""orcid"": ""https://orcid.org/0000-0003-4576-1201"", ""author_position"": ""middle"", ""is_corresponding"": false}, {""display_name"": ""Zi Chun Liu"", ""id"": ""https://openalex.org/A5104166334"", ""orcid"": null, ""author_position"": ""middle"", ""is_corresponding"": false}, {""display_name"": ""De Dai"", ""id"": ""https://openalex.org/A5104298140"", ""orcid"": null, ""author_position"": ""middle"", ""is_corresponding"": false}, {""display_name"": ""Ting Song"", ""id"": ""https://openalex.org/A5074785047"", ""orcid"": ""https://orcid.org/0009-0005-9019-2767"", ""author_position"": ""middle"", ""is_corresponding"": false}, {""display_name"": ""Huixia Yang"", ""id"": ""https://openalex.org/A5009218477"", ""orcid"": ""https://orcid.org/0000-0002-6007-6686"", ""author_position"": ""middle"", ""is_corresponding"": false}, {""display_name"": ""Yuan Xiao"", ""id"": ""https://openalex.org/A5057131635"", ""orcid"": null, ""author_position"": ""middle"", ""is_corresponding"": true}, {""display_name"": ""Yeliang Wang"", ""id"": ""https://openalex.org/A5044801484"", ""orcid"": ""https://orcid.org/0000-0002-8896-0748"", ""author_position"": ""last"", ""is_corresponding"": true}]"
10.1039/d4tc04705b,Royal Society of Chemistry,https://pubs.rsc.org/en/content/articlepdf/2025/tc/d4tc04705b,True,UV to NIR photodetection in lateral homojunction PN diode of WSe<sub>2</sub> achieved <i>via</i> IGZO sputtering,6,2025,2025-01-01,https://openalex.org/W4408323908,a-igzo,2025,55,openalex_title_and_abstract_cited_by_count_desc,none,0.0,False,False,False,journal,https://openalex.org/W4408323908,https://openalex.org/W4408323908,10.1039/d4tc04705b,Journal of Materials Chemistry C,https://openalex.org/S2500738039,journal,2050-7526,"[""2050-7526"", ""2050-7534""]",article,0.91795123,16,Muhammad Abubakr,Muhammad Abubakr; Muhammad Hamza Pervez; Arslan Rehmat; Muhammad Asghar Khan; Ehsan Elahi; Muhammad Nabeel Asim; Muhammad Rabeel; Muhammad Jawad Nasim; Zeesham Abbas; Malik Abdul Rehman; Aize Hao; Jonghwa Eom; Shania Rehman Tarar; Muhammad Farooq Khan; Muhammad Farooq Khan; Muhammad Farooq Khan,"[{""display_name"": ""Muhammad Abubakr"", ""id"": ""https://openalex.org/A5081989920"", ""orcid"": null, ""author_position"": ""first"", ""is_corresponding"": false}, {""display_name"": ""Muhammad Hamza Pervez"", ""id"": ""https://openalex.org/A5108162225"", ""orcid"": null, ""author_position"": ""middle"", ""is_corresponding"": false}, {""display_name"": ""Arslan Rehmat"", ""id"": ""https://openalex.org/A5107585849"", ""orcid"": null, ""author_position"": ""middle"", ""is_corresponding"": false}, {""display_name"": ""Muhammad Asghar Khan"", ""id"": ""https://openalex.org/A5014348689"", ""orcid"": ""https://orcid.org/0000-0002-1351-898X"", ""author_position"": ""middle"", ""is_corresponding"": false}, {""display_name"": ""Ehsan Elahi"", ""id"": ""https://openalex.org/A5091256421"", ""orcid"": ""https://orcid.org/0000-0002-2894-6960"", ""author_position"": ""middle"", ""is_corresponding"": true}, {""display_name"": ""Muhammad Nabeel Asim"", ""id"": ""https://openalex.org/A5068324429"", ""orcid"": ""https://orcid.org/0000-0001-5507-198X"", ""author_position"": ""middle"", ""is_corresponding"": false}, {""display_name"": ""Muhammad Rabeel"", ""id"": ""https://openalex.org/A5067131012"", ""orcid"": ""https://orcid.org/0009-0002-0851-9045"", ""author_position"": ""middle"", ""is_corresponding"": false}, {""display_name"": ""Muhammad Jawad Nasim"", ""id"": ""https://openalex.org/A5028540077"", ""orcid"": ""https://orcid.org/0000-0003-2911-2607"", ""author_position"": ""middle"", ""is_corresponding"": false}, {""display_name"": ""Zeesham Abbas"", ""id"": ""https://openalex.org/A5072473408"", ""orcid"": ""https://orcid.org/0000-0001-6429-7606"", ""author_position"": ""middle"", ""is_corresponding"": false}, {""display_name"": ""Malik Abdul Rehman"", ""id"": ""https://openalex.org/A5008674717"", ""orcid"": ""https://orcid.org/0000-0003-3141-9085"", ""author_position"": ""middle"", ""is_corresponding"": false}, {""display_name"": ""Aize Hao"", ""id"": ""https://openalex.org/A5037071098"", ""orcid"": ""https://orcid.org/0000-0002-7793-7470"", ""author_position"": ""middle"", ""is_corresponding"": false}, {""display_name"": ""Jonghwa Eom"", ""id"": ""https://openalex.org/A5066327937"", ""orcid"": ""https://orcid.org/0000-0003-4031-4744"", ""author_position"": ""middle"", ""is_corresponding"": false}, {""display_name"": ""Shania Rehman Tarar"", ""id"": ""https://openalex.org/A5116585421"", ""orcid"": null, ""author_position"": ""middle"", ""is_corresponding"": false}, {""display_name"": ""Muhammad Farooq Khan"", ""id"": ""https://openalex.org/A5031747057"", ""orcid"": ""https://orcid.org/0000-0003-1700-8730"", ""author_position"": ""middle"", ""is_corresponding"": true}, {""display_name"": ""Muhammad Farooq Khan"", ""id"": null, ""orcid"": ""https://orcid.org/0000-0003-1700-8730"", ""author_position"": ""middle"", ""is_corresponding"": false}, {""display_name"": ""Muhammad Farooq Khan"", ""id"": null, ""orcid"": ""https://orcid.org/0000-0003-1700-8730"", ""author_position"": ""last"", ""is_corresponding"": true}]"
10.1039/d5ra03487f,Royal Society of Chemistry,https://pubs.rsc.org/en/content/articlepdf/2025/ra/d5ra03487f,True,"First-principles investigation and photovoltaic assessment of Cs <sub>2</sub> SnZ <sub>6</sub> (Z = Cl, Br, I) lead-free perovskites for future solar technologies",6,2025,2025-01-01,https://openalex.org/W4412638395,a-igzo,2025,56,openalex_title_and_abstract_cited_by_count_desc,none,0.0,False,False,False,journal,https://openalex.org/W4412638395,https://openalex.org/W4412638395,10.1039/d5ra03487f,RSC Advances,https://openalex.org/S2481244646,journal,2046-2069,"[""2046-2069""]",article,0.95223211,7,Md. Ferdous Rahman,Md. Ferdous Rahman; Abu Saiyed; Faruk Hossain; Latha Marasamy; Tanvir Al Galib; Mahabur Rahman; Mutasem Z. Bani‐Fwaz,"[{""display_name"": ""Md. Ferdous Rahman"", ""id"": ""https://openalex.org/A5023926716"", ""orcid"": ""https://orcid.org/0000-0002-0090-2384"", ""author_position"": ""first"", ""is_corresponding"": true}, {""display_name"": ""Abu Saiyed"", ""id"": ""https://openalex.org/A5119067366"", ""orcid"": null, ""author_position"": ""middle"", ""is_corresponding"": false}, {""display_name"": ""Faruk Hossain"", ""id"": ""https://openalex.org/A5100762600"", ""orcid"": ""https://orcid.org/0000-0003-0371-0932"", ""author_position"": ""middle"", ""is_corresponding"": false}, {""display_name"": ""Latha Marasamy"", ""id"": ""https://openalex.org/A5029351067"", ""orcid"": ""https://orcid.org/0000-0002-2564-0894"", ""author_position"": ""middle"", ""is_corresponding"": false}, {""display_name"": ""Tanvir Al Galib"", ""id"": ""https://openalex.org/A5114559039"", ""orcid"": null, ""author_position"": ""middle"", ""is_corresponding"": false}, {""display_name"": ""Mahabur Rahman"", ""id"": ""https://openalex.org/A5067396198"", ""orcid"": null, ""author_position"": ""middle"", ""is_corresponding"": false}, {""display_name"": ""Mutasem Z. Bani‐Fwaz"", ""id"": ""https://openalex.org/A5014245852"", ""orcid"": ""https://orcid.org/0000-0003-0426-1657"", ""author_position"": ""last"", ""is_corresponding"": false}]"
10.1109/led.2025.3539304,Institute of Electrical and Electronics Engineers,,False,Approach to High-Performance Indium Gallium Zinc Oxide Transistors by Thermal Atomic Layer Deposition,6,2025,2025-02-05,https://openalex.org/W4407168902,a-igzo,2025,57,openalex_title_and_abstract_cited_by_count_desc,none,0.0,False,False,False,journal,https://openalex.org/W4407168902,https://openalex.org/W4407168902,10.1109/led.2025.3539304,IEEE Electron Device Letters,https://openalex.org/S19887683,journal,0741-3106,"[""0741-3106"", ""1558-0563""]",article,0.89833238,5,Xingwei Ding,Xingwei Ding; Luoqiang Wang; Kun Bai; Jun Yang; Jianhua Zhang,"[{""display_name"": ""Xingwei Ding"", ""id"": ""https://openalex.org/A5034726326"", ""orcid"": ""https://orcid.org/0000-0002-9002-5185"", ""author_position"": ""first"", ""is_corresponding"": true}, {""display_name"": ""Luoqiang Wang"", ""id"": ""https://openalex.org/A5047744034"", ""orcid"": null, ""author_position"": ""middle"", ""is_corresponding"": false}, {""display_name"": ""Kun Bai"", ""id"": ""https://openalex.org/A5114244852"", ""orcid"": null, ""author_position"": ""middle"", ""is_corresponding"": false}, {""display_name"": ""Jun Yang"", ""id"": ""https://openalex.org/A5060515554"", ""orcid"": ""https://orcid.org/0000-0002-0596-1279"", ""author_position"": ""middle"", ""is_corresponding"": false}, {""display_name"": ""Jianhua Zhang"", ""id"": ""https://openalex.org/A5041947757"", ""orcid"": ""https://orcid.org/0000-0001-8061-1861"", ""author_position"": ""last"", ""is_corresponding"": false}]"
10.1109/ted.2025.3538524,Institute of Electrical and Electronics Engineers,,False,Design of High-Performance Dual-Channel-Layered InGaZnO Thin-Film Transistors With Different Indium Contents,6,2025,2025-02-11,https://openalex.org/W4407390807,a-igzo,2025,58,openalex_title_and_abstract_cited_by_count_desc,none,0.0,False,False,False,journal,https://openalex.org/W4407390807,https://openalex.org/W4407390807,10.1109/ted.2025.3538524,IEEE Transactions on Electron Devices,https://openalex.org/S162355128,journal,0018-9383,"[""0018-9383"", ""1557-9646""]",article,0.94076332,3,Muhpul Alip,Muhpul Alip; Ablat Abliz; Da Wan,"[{""display_name"": ""Muhpul Alip"", ""id"": ""https://openalex.org/A5116237165"", ""orcid"": null, ""author_position"": ""first"", ""is_corresponding"": true}, {""display_name"": ""Ablat Abliz"", ""id"": ""https://openalex.org/A5006619339"", ""orcid"": ""https://orcid.org/0000-0002-3264-9969"", ""author_position"": ""middle"", ""is_corresponding"": false}, {""display_name"": ""Da Wan"", ""id"": ""https://openalex.org/A5025077826"", ""orcid"": ""https://orcid.org/0000-0001-6142-1755"", ""author_position"": ""last"", ""is_corresponding"": false}]"
10.1002/sstr.202500232,Wiley,https://onlinelibrary.wiley.com/doi/pdfdirect/10.1002/sstr.202500232,True,Achieving Exceptional Stability in Self‐Aligned Coplanar Amorphous Oxide Thin‐Film Transistors through Hydrogen Scavenger Layer,5,2025,2025-06-16,https://openalex.org/W4411374973,a-igzo,2025,59,openalex_title_and_abstract_cited_by_count_desc,none,0.0,False,False,False,journal,https://openalex.org/W4411374973,https://openalex.org/W4411374973,10.1002/sstr.202500232,Small Structures,https://openalex.org/S4210224134,journal,2688-4062,"[""2688-4062""]",article,0.9330436,4,I. Sak Lee,I. Sak Lee; Kyungmoon Kwak; Jae Won Na; Hyun Jae Kim,"[{""display_name"": ""I. Sak Lee"", ""id"": ""https://openalex.org/A5018706812"", ""orcid"": ""https://orcid.org/0000-0002-6616-189X"", ""author_position"": ""first"", ""is_corresponding"": false}, {""display_name"": ""Kyungmoon Kwak"", ""id"": ""https://openalex.org/A5022876377"", ""orcid"": null, ""author_position"": ""middle"", ""is_corresponding"": false}, {""display_name"": ""Jae Won Na"", ""id"": ""https://openalex.org/A5074036324"", ""orcid"": ""https://orcid.org/0009-0006-8072-9177"", ""author_position"": ""middle"", ""is_corresponding"": false}, {""display_name"": ""Hyun Jae Kim"", ""id"": ""https://openalex.org/A5011866664"", ""orcid"": ""https://orcid.org/0000-0002-6879-9256"", ""author_position"": ""last"", ""is_corresponding"": true}]"
10.1016/j.mssp.2025.109577,Elsevier BV,,False,Recent development and challenges of flexible perovskite transparent conductive oxides in optoelectronic applications,5,2025,2025-05-13,https://openalex.org/W4410327884,a-igzo,2025,60,openalex_title_and_abstract_cited_by_count_desc,none,0.0,False,False,False,journal,https://openalex.org/W4410327884,https://openalex.org/W4410327884,10.1016/j.mssp.2025.109577,Materials Science in Semiconductor Processing,https://openalex.org/S82126420,journal,1369-8001,"[""1369-8001"", ""1873-4081""]",article,0.93486873,5,Farizan Mohamad,Farizan Mohamad; Mohd Asri Mat Teridi; Puvaneswaran Chelvanathan; Mohd Narizee Mohd Nasir; Mohd Adib Ibrahim,"[{""display_name"": ""Farizan Mohamad"", ""id"": ""https://openalex.org/A5113694599"", ""orcid"": null, ""author_position"": ""first"", ""is_corresponding"": false}, {""display_name"": ""Mohd Asri Mat Teridi"", ""id"": ""https://openalex.org/A5042494664"", ""orcid"": ""https://orcid.org/0000-0003-2812-8447"", ""author_position"": ""middle"", ""is_corresponding"": false}, {""display_name"": ""Puvaneswaran Chelvanathan"", ""id"": ""https://openalex.org/A5113913029"", ""orcid"": null, ""author_position"": ""middle"", ""is_corresponding"": false}, {""display_name"": ""Mohd Narizee Mohd Nasir"", ""id"": ""https://openalex.org/A5017975893"", ""orcid"": ""https://orcid.org/0000-0002-7707-4046"", ""author_position"": ""middle"", ""is_corresponding"": false}, {""display_name"": ""Mohd Adib Ibrahim"", ""id"": ""https://openalex.org/A5016120598"", ""orcid"": ""https://orcid.org/0000-0002-7652-0040"", ""author_position"": ""last"", ""is_corresponding"": true}]"
10.1016/j.nanoen.2025.110877,Elsevier BV,,False,Hafnia-based ferroelectric computer vision system with artificial synaptic array,5,2025,2025-03-20,https://openalex.org/W4408704250,a-igzo,2025,61,openalex_title_and_abstract_cited_by_count_desc,none,0.0,False,False,False,journal,https://openalex.org/W4408704250,https://openalex.org/W4408704250,10.1016/j.nanoen.2025.110877,Nano Energy,https://openalex.org/S2497301991,journal,2211-2855,"[""2211-2855"", ""2211-3282""]",article,0.93127051,9,Eun Chan Park,Eun Chan Park; Jangsaeng Kim; Jonghyun Ko; Wonjun Shin; Manh-Cuong Nguyen; Min Song; Ki-Ryun Kwon; Ryun‐Han Koo; Daewoong Kwon,"[{""display_name"": ""Eun Chan Park"", ""id"": ""https://openalex.org/A5069598559"", ""orcid"": null, ""author_position"": ""first"", ""is_corresponding"": false}, {""display_name"": ""Jangsaeng Kim"", ""id"": ""https://openalex.org/A5041784748"", ""orcid"": null, ""author_position"": ""middle"", ""is_corresponding"": true}, {""display_name"": ""Jonghyun Ko"", ""id"": ""https://openalex.org/A5028762362"", ""orcid"": ""https://orcid.org/0000-0001-5641-2352"", ""author_position"": ""middle"", ""is_corresponding"": false}, {""display_name"": ""Wonjun Shin"", ""id"": ""https://openalex.org/A5003829010"", ""orcid"": ""https://orcid.org/0000-0001-9122-2458"", ""author_position"": ""middle"", ""is_corresponding"": false}, {""display_name"": ""Manh-Cuong Nguyen"", ""id"": ""https://openalex.org/A5019195668"", ""orcid"": ""https://orcid.org/0000-0002-7293-8749"", ""author_position"": ""middle"", ""is_corresponding"": false}, {""display_name"": ""Min Song"", ""id"": ""https://openalex.org/A5059031168"", ""orcid"": ""https://orcid.org/0000-0003-0915-2572"", ""author_position"": ""middle"", ""is_corresponding"": false}, {""display_name"": ""Ki-Ryun Kwon"", ""id"": ""https://openalex.org/A5047228507"", ""orcid"": null, ""author_position"": ""middle"", ""is_corresponding"": false}, {""display_name"": ""Ryun‐Han Koo"", ""id"": ""https://openalex.org/A5022532402"", ""orcid"": ""https://orcid.org/0000-0002-5708-3308"", ""author_position"": ""middle"", ""is_corresponding"": false}, {""display_name"": ""Daewoong Kwon"", ""id"": ""https://openalex.org/A5114017362"", ""orcid"": null, ""author_position"": ""last"", ""is_corresponding"": true}]"
10.1016/j.nxmate.2025.100980,Elsevier BV,,True,Design and simulation of Cs2SnI6 based perovskite solar cell,5,2025,2025-07-22,https://openalex.org/W4412556535,a-igzo,2025,62,openalex_title_and_abstract_cited_by_count_desc,none,0.0,False,False,False,journal,https://openalex.org/W4412556535,https://openalex.org/W4412556535,10.1016/j.nxmate.2025.100980,Next Materials,https://openalex.org/S4387287712,journal,2949-8228,"[""2949-8228""]",article,0.93735357,3,Mohammad Ahsan Uddin,Mohammad Ahsan Uddin; Soaibur Rahman; Tanha Zaman,"[{""display_name"": ""Mohammad Ahsan Uddin"", ""id"": ""https://openalex.org/A5088282527"", ""orcid"": null, ""author_position"": ""first"", ""is_corresponding"": false}, {""display_name"": ""Soaibur Rahman"", ""id"": ""https://openalex.org/A5010289106"", ""orcid"": null, ""author_position"": ""middle"", ""is_corresponding"": false}, {""display_name"": ""Tanha Zaman"", ""id"": ""https://openalex.org/A5119038255"", ""orcid"": null, ""author_position"": ""last"", ""is_corresponding"": true}]"
10.1021/acsaelm.5c00383,American Chemical Society,,False,In-Poor IGZO: Superior Resilience to Hydrogen in Forming Gas Anneal and PBTI,5,2025,2025-04-28,https://openalex.org/W4409877979,a-igzo,2025,63,openalex_title_and_abstract_cited_by_count_desc,none,0.0,False,False,False,journal,https://openalex.org/W4409877979,https://openalex.org/W4409877979,10.1021/acsaelm.5c00383,ACS Applied Electronic Materials,https://openalex.org/S4210217399,journal,2637-6113,"[""2637-6113""]",article,0.93084858,15,Anastasiia Kruv,Anastasiia Kruv; Michiel J. van Setten; Adrian Chasin; Daisuke Matsubayashi; H.F.W. Dekkers; Alexandru Pavel; Yiqun Wan; K.S. Trivedi; Nouredine Rassoul; Jie Li; Yuchao Jiang; Subhali Subhechha; Geoffrey Pourtois; Attilio Belmonte; Gouri Sankar Kar,"[{""display_name"": ""Anastasiia Kruv"", ""id"": ""https://openalex.org/A5050420311"", ""orcid"": ""https://orcid.org/0000-0002-0210-4941"", ""author_position"": ""first"", ""is_corresponding"": true}, {""display_name"": ""Michiel J. van Setten"", ""id"": ""https://openalex.org/A5063969731"", ""orcid"": ""https://orcid.org/0000-0003-0557-5260"", ""author_position"": ""middle"", ""is_corresponding"": false}, {""display_name"": ""Adrian Chasin"", ""id"": ""https://openalex.org/A5069528357"", ""orcid"": ""https://orcid.org/0000-0002-9940-0260"", ""author_position"": ""middle"", ""is_corresponding"": false}, {""display_name"": ""Daisuke Matsubayashi"", ""id"": ""https://openalex.org/A5044503586"", ""orcid"": ""https://orcid.org/0000-0002-2332-2569"", ""author_position"": ""middle"", ""is_corresponding"": false}, {""display_name"": ""H.F.W. Dekkers"", ""id"": ""https://openalex.org/A5007063257"", ""orcid"": ""https://orcid.org/0000-0003-4778-5709"", ""author_position"": ""middle"", ""is_corresponding"": false}, {""display_name"": ""Alexandru Pavel"", ""id"": ""https://openalex.org/A5068566952"", ""orcid"": ""https://orcid.org/0000-0001-5515-6123"", ""author_position"": ""middle"", ""is_corresponding"": false}, {""display_name"": ""Yiqun Wan"", ""id"": ""https://openalex.org/A5045974968"", ""orcid"": null, ""author_position"": ""middle"", ""is_corresponding"": false}, {""display_name"": ""K.S. Trivedi"", ""id"": ""https://openalex.org/A5024375767"", ""orcid"": null, ""author_position"": ""middle"", ""is_corresponding"": false}, {""display_name"": ""Nouredine Rassoul"", ""id"": ""https://openalex.org/A5074709658"", ""orcid"": ""https://orcid.org/0000-0001-9489-3396"", ""author_position"": ""middle"", ""is_corresponding"": false}, {""display_name"": ""Jie Li"", ""id"": ""https://openalex.org/A5101375516"", ""orcid"": ""https://orcid.org/0009-0003-9091-5748"", ""author_position"": ""middle"", ""is_corresponding"": false}, {""display_name"": ""Yuchao Jiang"", ""id"": ""https://openalex.org/A5082777584"", ""orcid"": ""https://orcid.org/0000-0002-4465-0457"", ""author_position"": ""middle"", ""is_corresponding"": false}, {""display_name"": ""Subhali Subhechha"", ""id"": ""https://openalex.org/A5000783475"", ""orcid"": ""https://orcid.org/0000-0002-1960-5136"", ""author_position"": ""middle"", ""is_corresponding"": false}, {""display_name"": ""Geoffrey Pourtois"", ""id"": ""https://openalex.org/A5072100491"", ""orcid"": ""https://orcid.org/0000-0003-2597-8534"", ""author_position"": ""middle"", ""is_corresponding"": false}, {""display_name"": ""Attilio Belmonte"", ""id"": ""https://openalex.org/A5055437400"", ""orcid"": ""https://orcid.org/0000-0002-3947-1948"", ""author_position"": ""middle"", ""is_corresponding"": false}, {""display_name"": ""Gouri Sankar Kar"", ""id"": ""https://openalex.org/A5080181961"", ""orcid"": ""https://orcid.org/0000-0003-3122-4237"", ""author_position"": ""last"", ""is_corresponding"": false}]"
10.1038/s44287-025-00162-w,Nature Reviews Electrical Engineering,,False,Disrupting the DRAM roadmap with capacitor-less IGZO-DRAM technology,5,2025,2025-03-24,https://openalex.org/W4408770355,a-igzo,2025,64,openalex_title_and_abstract_cited_by_count_desc,none,0.0,False,False,False,journal,https://openalex.org/W4408770355,https://openalex.org/W4408770355,10.1038/s44287-025-00162-w,Nature Reviews Electrical Engineering,https://openalex.org/S4390963326,journal,2948-1201,"[""2948-1201""]",article,0.93145023,2,Attilio Belmonte,Attilio Belmonte; Gouri Sankar Kar,"[{""display_name"": ""Attilio Belmonte"", ""id"": ""https://openalex.org/A5055437400"", ""orcid"": ""https://orcid.org/0000-0002-3947-1948"", ""author_position"": ""first"", ""is_corresponding"": true}, {""display_name"": ""Gouri Sankar Kar"", ""id"": ""https://openalex.org/A5080181961"", ""orcid"": ""https://orcid.org/0000-0003-3122-4237"", ""author_position"": ""last"", ""is_corresponding"": false}]"
10.1039/d5ra02550h,Royal Society of Chemistry,https://pubs.rsc.org/en/content/articlepdf/2025/ra/d5ra02550h,True,Computational analysis of LiMgI<sub>3</sub>: a promising material for solar energy conversion,5,2025,2025-01-01,https://openalex.org/W4410860019,a-igzo,2025,65,openalex_title_and_abstract_cited_by_count_desc,none,0.0,False,False,False,journal,https://openalex.org/W4410860019,https://openalex.org/W4410860019,10.1039/d5ra02550h,RSC Advances,https://openalex.org/S2481244646,journal,2046-2069,"[""2046-2069""]",article,0.93552814,9,Md. Raihan Kabir,Md. Raihan Kabir; Nazmul Shahadath; Md. Tarekuzzaman; Md. Abu Bakkar Siddique; Omar Alsalmi; Md. Rasheduzzaman; Md Abdul Qader; M. Moazzam Hossen; Md. Zahid Hasan,"[{""display_name"": ""Md. Raihan Kabir"", ""id"": ""https://openalex.org/A5084983647"", ""orcid"": ""https://orcid.org/0000-0002-6219-2103"", ""author_position"": ""first"", ""is_corresponding"": false}, {""display_name"": ""Nazmul Shahadath"", ""id"": ""https://openalex.org/A5102043694"", ""orcid"": null, ""author_position"": ""middle"", ""is_corresponding"": false}, {""display_name"": ""Md. Tarekuzzaman"", ""id"": ""https://openalex.org/A5099393613"", ""orcid"": ""https://orcid.org/0009-0005-7821-1873"", ""author_position"": ""middle"", ""is_corresponding"": false}, {""display_name"": ""Md. Abu Bakkar Siddique"", ""id"": ""https://openalex.org/A5113284514"", ""orcid"": null, ""author_position"": ""middle"", ""is_corresponding"": false}, {""display_name"": ""Omar Alsalmi"", ""id"": ""https://openalex.org/A5033861530"", ""orcid"": ""https://orcid.org/0000-0002-6143-7009"", ""author_position"": ""middle"", ""is_corresponding"": false}, {""display_name"": ""Md. Rasheduzzaman"", ""id"": ""https://openalex.org/A5077524421"", ""orcid"": ""https://orcid.org/0000-0003-1430-3654"", ""author_position"": ""middle"", ""is_corresponding"": false}, {""display_name"": ""Md Abdul Qader"", ""id"": ""https://openalex.org/A5021188703"", ""orcid"": ""https://orcid.org/0000-0002-1192-5602"", ""author_position"": ""middle"", ""is_corresponding"": false}, {""display_name"": ""M. Moazzam Hossen"", ""id"": ""https://openalex.org/A5112440403"", ""orcid"": ""https://orcid.org/0000-0002-6126-438X"", ""author_position"": ""middle"", ""is_corresponding"": false}, {""display_name"": ""Md. Zahid Hasan"", ""id"": ""https://openalex.org/A5064761111"", ""orcid"": ""https://orcid.org/0000-0001-8616-1830"", ""author_position"": ""last"", ""is_corresponding"": true}]"
10.1039/d5ra07289a,Royal Society of Chemistry,https://pubs.rsc.org/en/content/articlepdf/2025/ra/d5ra07289a,True,Deep insights into lead-free Sr <sub>3</sub> BiI <sub>3</sub> -based anti-perovskite solar cells: optimization strategies and impedance spectroscopy <i>via</i> numerical simulation and machine learning,5,2025,2025-01-01,https://openalex.org/W4416256706,a-igzo,2025,66,openalex_title_and_abstract_cited_by_count_desc,none,0.0,False,False,False,journal,https://openalex.org/W4416256706,https://openalex.org/W4416256706,10.1039/d5ra07289a,RSC Advances,https://openalex.org/S2481244646,journal,2046-2069,"[""2046-2069""]",article,0.94100418,6,Bipul Chandra Biswas,Bipul Chandra Biswas; Karim Kriaa; Asadul Islam Shimul; Chemseddine Maatki; Md. Azizur Rahman; Noureddine Elboughdir,"[{""display_name"": ""Bipul Chandra Biswas"", ""id"": ""https://openalex.org/A5091241656"", ""orcid"": null, ""author_position"": ""first"", ""is_corresponding"": false}, {""display_name"": ""Karim Kriaa"", ""id"": ""https://openalex.org/A5058500459"", ""orcid"": ""https://orcid.org/0000-0001-6756-604X"", ""author_position"": ""middle"", ""is_corresponding"": false}, {""display_name"": ""Asadul Islam Shimul"", ""id"": ""https://openalex.org/A5115931825"", ""orcid"": ""https://orcid.org/0009-0002-8540-4989"", ""author_position"": ""middle"", ""is_corresponding"": false}, {""display_name"": ""Chemseddine Maatki"", ""id"": ""https://openalex.org/A5080631670"", ""orcid"": ""https://orcid.org/0000-0001-8916-1246"", ""author_position"": ""middle"", ""is_corresponding"": false}, {""display_name"": ""Md. Azizur Rahman"", ""id"": ""https://openalex.org/A5064912982"", ""orcid"": ""https://orcid.org/0009-0007-9191-982X"", ""author_position"": ""middle"", ""is_corresponding"": true}, {""display_name"": ""Noureddine Elboughdir"", ""id"": ""https://openalex.org/A5120393747"", ""orcid"": null, ""author_position"": ""last"", ""is_corresponding"": false}]"
10.1088/2631-7990/add4d1,IOP Publishing,,True,Next generation High-Mobility 2D chalcogenides TFT for display backplane,5,2025,2025-05-06,https://openalex.org/W4410108499,a-igzo,2025,67,openalex_title_and_abstract_cited_by_count_desc,none,0.0,False,False,False,journal,https://openalex.org/W4410108499,https://openalex.org/W4410108499,10.1088/2631-7990/add4d1,International Journal of Extreme Manufacturing,https://openalex.org/S4210231351,journal,2631-7990,"[""2631-7990"", ""2631-8644""]",article,0.93410866,10,Prashant Bisht,Prashant Bisht; Jae-Hoon Shim; Joon Hak Oh; J. S. Lee; Hong‐Jae Shin; Hayun Jeong; J.Y. Kim; Junho Lee; Hyoungsuk Kwon; Sunkook Kim,"[{""display_name"": ""Prashant Bisht"", ""id"": ""https://openalex.org/A5049308606"", ""orcid"": ""https://orcid.org/0000-0002-6413-4118"", ""author_position"": ""first"", ""is_corresponding"": true}, {""display_name"": ""Jae-Hoon Shim"", ""id"": ""https://openalex.org/A5101666042"", ""orcid"": ""https://orcid.org/0009-0000-7364-215X"", ""author_position"": ""middle"", ""is_corresponding"": false}, {""display_name"": ""Joon Hak Oh"", ""id"": ""https://openalex.org/A5054385110"", ""orcid"": ""https://orcid.org/0000-0003-0481-6069"", ""author_position"": ""middle"", ""is_corresponding"": false}, {""display_name"": ""J. S. Lee"", ""id"": ""https://openalex.org/A5074732020"", ""orcid"": ""https://orcid.org/0000-0002-4964-7361"", ""author_position"": ""middle"", ""is_corresponding"": false}, {""display_name"": ""Hong‐Jae Shin"", ""id"": ""https://openalex.org/A5101399038"", ""orcid"": ""https://orcid.org/0000-0003-1080-4101"", ""author_position"": ""middle"", ""is_corresponding"": false}, {""display_name"": ""Hayun Jeong"", ""id"": ""https://openalex.org/A5066233715"", ""orcid"": ""https://orcid.org/0009-0000-1969-1241"", ""author_position"": ""middle"", ""is_corresponding"": false}, {""display_name"": ""J.Y. Kim"", ""id"": ""https://openalex.org/A5108131540"", ""orcid"": null, ""author_position"": ""middle"", ""is_corresponding"": false}, {""display_name"": ""Junho Lee"", ""id"": ""https://openalex.org/A5100366248"", ""orcid"": ""https://orcid.org/0000-0002-6421-1195"", ""author_position"": ""middle"", ""is_corresponding"": false}, {""display_name"": ""Hyoungsuk Kwon"", ""id"": ""https://openalex.org/A5114221991"", ""orcid"": null, ""author_position"": ""middle"", ""is_corresponding"": false}, {""display_name"": ""Sunkook Kim"", ""id"": ""https://openalex.org/A5009384770"", ""orcid"": ""https://orcid.org/0000-0003-3724-6728"", ""author_position"": ""last"", ""is_corresponding"": false}]"
10.3390/cryst15080670,Multidisciplinary Digital Publishing Institute,https://www.mdpi.com/2073-4352/15/8/670/pdf?version=1753274892,True,Towards AZO Thin Films for Electronic and Optoelectronic Large-Scale Applications,5,2025,2025-07-23,https://openalex.org/W4412598389,a-igzo,2025,68,openalex_title_and_abstract_cited_by_count_desc,none,0.0,False,False,False,journal,https://openalex.org/W4412598389,https://openalex.org/W4412598389,10.3390/cryst15080670,Crystals,https://openalex.org/S4210196485,journal,2073-4352,"[""2073-4352""]",article,0.91015575,4,Elena Isabela Bancu,Elena Isabela Bancu; Valentin Ion; S. Antohe; N. Scarisoreanu,"[{""display_name"": ""Elena Isabela Bancu"", ""id"": ""https://openalex.org/A5094006407"", ""orcid"": ""https://orcid.org/0000-0002-4474-9449"", ""author_position"": ""first"", ""is_corresponding"": false}, {""display_name"": ""Valentin Ion"", ""id"": ""https://openalex.org/A5054378072"", ""orcid"": ""https://orcid.org/0000-0002-4501-8365"", ""author_position"": ""middle"", ""is_corresponding"": false}, {""display_name"": ""S. Antohe"", ""id"": ""https://openalex.org/A5090614324"", ""orcid"": ""https://orcid.org/0000-0001-5082-0996"", ""author_position"": ""middle"", ""is_corresponding"": false}, {""display_name"": ""N. Scarisoreanu"", ""id"": ""https://openalex.org/A5078938184"", ""orcid"": ""https://orcid.org/0000-0003-2222-7268"", ""author_position"": ""last"", ""is_corresponding"": true}]"
10.3390/mi16020141,Multidisciplinary Digital Publishing Institute,,True,Multiscale Simulation of the Impact of Defects on Elevated-Metal Metal-Oxide IGZO TFTs,5,2025,2025-01-25,https://openalex.org/W4406844208,a-igzo,2025,69,openalex_title_and_abstract_cited_by_count_desc,none,0.0,False,False,False,journal,https://openalex.org/W4406844208,https://openalex.org/W4406844208,10.3390/mi16020141,Micromachines,https://openalex.org/S96702057,journal,2072-666X,"[""2072-666X""]",article,0.92874234,10,Chuanxue Sun,Chuanxue Sun; Xiaoyu Dou; Zhichao Du; Haitao Dong; Xiaopeng Li; Pengpeng Sang; Xuepeng Zhan; Fei Mo; Jixuan Wu; Jiezhi Chen,"[{""display_name"": ""Chuanxue Sun"", ""id"": ""https://openalex.org/A5102598148"", ""orcid"": null, ""author_position"": ""first"", ""is_corresponding"": false}, {""display_name"": ""Xiaoyu Dou"", ""id"": ""https://openalex.org/A5051458064"", ""orcid"": ""https://orcid.org/0009-0005-3033-409X"", ""author_position"": ""middle"", ""is_corresponding"": false}, {""display_name"": ""Zhichao Du"", ""id"": ""https://openalex.org/A5080594564"", ""orcid"": ""https://orcid.org/0000-0001-9768-7213"", ""author_position"": ""middle"", ""is_corresponding"": false}, {""display_name"": ""Haitao Dong"", ""id"": ""https://openalex.org/A5100297392"", ""orcid"": null, ""author_position"": ""middle"", ""is_corresponding"": false}, {""display_name"": ""Xiaopeng Li"", ""id"": ""https://openalex.org/A5100761518"", ""orcid"": ""https://orcid.org/0009-0008-2790-5797"", ""author_position"": ""middle"", ""is_corresponding"": false}, {""display_name"": ""Pengpeng Sang"", ""id"": ""https://openalex.org/A5007540712"", ""orcid"": ""https://orcid.org/0000-0001-8071-3024"", ""author_position"": ""middle"", ""is_corresponding"": false}, {""display_name"": ""Xuepeng Zhan"", ""id"": ""https://openalex.org/A5079714352"", ""orcid"": ""https://orcid.org/0000-0002-1701-9301"", ""author_position"": ""middle"", ""is_corresponding"": false}, {""display_name"": ""Fei Mo"", ""id"": ""https://openalex.org/A5019484065"", ""orcid"": ""https://orcid.org/0000-0002-5848-4912"", ""author_position"": ""middle"", ""is_corresponding"": false}, {""display_name"": ""Jixuan Wu"", ""id"": ""https://openalex.org/A5089119173"", ""orcid"": ""https://orcid.org/0000-0002-3207-9724"", ""author_position"": ""middle"", ""is_corresponding"": true}, {""display_name"": ""Jiezhi Chen"", ""id"": ""https://openalex.org/A5035943534"", ""orcid"": ""https://orcid.org/0000-0003-2996-1406"", ""author_position"": ""last"", ""is_corresponding"": true}]"
10.1002/pssr.202500131,Wiley,https://onlinelibrary.wiley.com/doi/pdfdirect/10.1002/pssr.202500131,True,Heterogeneous Capacitor‐less Two‐transistor Dynamic Random Access Memory Cell with Long Retention Time and High Sensing Current Supporting 5‐Bit Multilevel Operation,4,2025,2025-05-25,https://openalex.org/W4410719551,a-igzo,2025,70,openalex_title_and_abstract_cited_by_count_desc,none,0.0,False,False,False,journal,https://openalex.org/W4410719551,https://openalex.org/W4410719551,10.1002/pssr.202500131,physica status solidi (RRL) - Rapid Research Letters,https://openalex.org/S4210198591,journal,1862-6254,"[""1862-6254"", ""1862-6270""]",article,0.91631934,6,Yong-Hee Lee,Yong-Hee Lee; S.-W. Lee; Jinheon Choi; N. Ghenzi; Joon‐Kyu Han; Cheol Seong Hwang,"[{""display_name"": ""Yong-Hee Lee"", ""id"": ""https://openalex.org/A5057877211"", ""orcid"": ""https://orcid.org/0009-0003-8078-9901"", ""author_position"": ""first"", ""is_corresponding"": false}, {""display_name"": ""S.-W. Lee"", ""id"": ""https://openalex.org/A5000093691"", ""orcid"": ""https://orcid.org/0000-0001-8383-4913"", ""author_position"": ""middle"", ""is_corresponding"": false}, {""display_name"": ""Jinheon Choi"", ""id"": ""https://openalex.org/A5048962569"", ""orcid"": null, ""author_position"": ""middle"", ""is_corresponding"": false}, {""display_name"": ""N. Ghenzi"", ""id"": ""https://openalex.org/A5075040929"", ""orcid"": ""https://orcid.org/0000-0003-2861-2204"", ""author_position"": ""middle"", ""is_corresponding"": false}, {""display_name"": ""Joon‐Kyu Han"", ""id"": ""https://openalex.org/A5051052797"", ""orcid"": ""https://orcid.org/0000-0002-8736-9091"", ""author_position"": ""middle"", ""is_corresponding"": true}, {""display_name"": ""Cheol Seong Hwang"", ""id"": ""https://openalex.org/A5027075775"", ""orcid"": ""https://orcid.org/0000-0002-6254-9758"", ""author_position"": ""last"", ""is_corresponding"": true}]"
10.1007/s11432-024-4420-5,Springer Nature,,False,Polynomial geometric transformation based on IGZO charge trapping RAM array for machine vision calibration,4,2025,2025-05-21,https://openalex.org/W4410703096,a-igzo,2025,71,openalex_title_and_abstract_cited_by_count_desc,none,0.0,False,False,False,journal,https://openalex.org/W4410703096,https://openalex.org/W4410703096,10.1007/s11432-024-4420-5,Science China Information Sciences,https://openalex.org/S4210218743,journal,1674-733X,"[""1674-733X"", ""1869-1919""]",article,0.9162658,7,Lin Bao,Lin Bao; Haisu Zhang; Zongwei Wang; Linbo Shan; Cuimei Wang; Yimao Cai; Shanguo Huang,"[{""display_name"": ""Lin Bao"", ""id"": ""https://openalex.org/A5083034691"", ""orcid"": ""https://orcid.org/0000-0002-3146-6124"", ""author_position"": ""first"", ""is_corresponding"": true}, {""display_name"": ""Haisu Zhang"", ""id"": ""https://openalex.org/A5104781061"", ""orcid"": null, ""author_position"": ""middle"", ""is_corresponding"": false}, {""display_name"": ""Zongwei Wang"", ""id"": ""https://openalex.org/A5072497845"", ""orcid"": null, ""author_position"": ""middle"", ""is_corresponding"": false}, {""display_name"": ""Linbo Shan"", ""id"": ""https://openalex.org/A5090779345"", ""orcid"": null, ""author_position"": ""middle"", ""is_corresponding"": false}, {""display_name"": ""Cuimei Wang"", ""id"": ""https://openalex.org/A5008394368"", ""orcid"": null, ""author_position"": ""middle"", ""is_corresponding"": false}, {""display_name"": ""Yimao Cai"", ""id"": ""https://openalex.org/A5060554231"", ""orcid"": ""https://orcid.org/0000-0002-6854-8211"", ""author_position"": ""middle"", ""is_corresponding"": false}, {""display_name"": ""Shanguo Huang"", ""id"": ""https://openalex.org/A5058181036"", ""orcid"": ""https://orcid.org/0000-0002-0750-2340"", ""author_position"": ""last"", ""is_corresponding"": false}]"
10.1016/j.apmt.2025.102803,Elsevier BV,,False,Concurrent enhancement of visual and tactile sensing in IGZO-based dual-modality artificial nervous system for intelligent vehicle applications,4,2025,2025-05-30,https://openalex.org/W4410977028,a-igzo,2025,72,openalex_title_and_abstract_cited_by_count_desc,none,0.0,False,False,False,journal,https://openalex.org/W4410977028,https://openalex.org/W4410977028,10.1016/j.apmt.2025.102803,Applied Materials Today,https://openalex.org/S2764609219,journal,2352-9407,"[""2352-9407"", ""2352-9415""]",article,0.91625685,7,Shan Hu,Shan Hu; Hongli Miao; Li Zhao; Beibei Fu; Jie Su; Ming Jin; Shuangqing Fan,"[{""display_name"": ""Shan Hu"", ""id"": ""https://openalex.org/A5103107612"", ""orcid"": ""https://orcid.org/0000-0003-4963-4592"", ""author_position"": ""first"", ""is_corresponding"": false}, {""display_name"": ""Hongli Miao"", ""id"": ""https://openalex.org/A5083826786"", ""orcid"": ""https://orcid.org/0000-0003-0240-3463"", ""author_position"": ""middle"", ""is_corresponding"": false}, {""display_name"": ""Li Zhao"", ""id"": ""https://openalex.org/A5102317204"", ""orcid"": ""https://orcid.org/0009-0006-0022-5973"", ""author_position"": ""middle"", ""is_corresponding"": false}, {""display_name"": ""Beibei Fu"", ""id"": ""https://openalex.org/A5046237697"", ""orcid"": null, ""author_position"": ""middle"", ""is_corresponding"": false}, {""display_name"": ""Jie Su"", ""id"": ""https://openalex.org/A5100682851"", ""orcid"": ""https://orcid.org/0000-0002-1933-5033"", ""author_position"": ""middle"", ""is_corresponding"": false}, {""display_name"": ""Ming Jin"", ""id"": ""https://openalex.org/A5101811843"", ""orcid"": ""https://orcid.org/0000-0002-8446-1861"", ""author_position"": ""middle"", ""is_corresponding"": true}, {""display_name"": ""Shuangqing Fan"", ""id"": ""https://openalex.org/A5057534756"", ""orcid"": ""https://orcid.org/0000-0002-4308-8917"", ""author_position"": ""last"", ""is_corresponding"": true}]"
10.1016/j.apsusc.2025.163061,Elsevier BV,,True,Positive bias stress reliability of InSnO TFTs: Analysis and Improvement strategies,4,2025,2025-03-23,https://openalex.org/W4408746198,a-igzo,2025,73,openalex_title_and_abstract_cited_by_count_desc,none,0.0,False,False,False,journal,https://openalex.org/W4408746198,https://openalex.org/W4408746198,10.1016/j.apsusc.2025.163061,Applied Surface Science,https://openalex.org/S42323631,journal,0169-4332,"[""0169-4332"", ""1873-5584""]",article,0.90579867,8,Tingrui Huang,Tingrui Huang; Jie Cao; Zuoxu Yu; Yuzhen Zhang; Wenting Xu; Guangan Yang; Weifeng Sun; Wangran Wu,"[{""display_name"": ""Tingrui Huang"", ""id"": ""https://openalex.org/A5075369490"", ""orcid"": null, ""author_position"": ""first"", ""is_corresponding"": false}, {""display_name"": ""Jie Cao"", ""id"": ""https://openalex.org/A5109541793"", ""orcid"": ""https://orcid.org/0000-0001-7172-0476"", ""author_position"": ""middle"", ""is_corresponding"": false}, {""display_name"": ""Zuoxu Yu"", ""id"": ""https://openalex.org/A5062123217"", ""orcid"": null, ""author_position"": ""middle"", ""is_corresponding"": false}, {""display_name"": ""Yuzhen Zhang"", ""id"": ""https://openalex.org/A5100721874"", ""orcid"": ""https://orcid.org/0000-0003-2763-9798"", ""author_position"": ""middle"", ""is_corresponding"": false}, {""display_name"": ""Wenting Xu"", ""id"": ""https://openalex.org/A5109178687"", ""orcid"": null, ""author_position"": ""middle"", ""is_corresponding"": false}, {""display_name"": ""Guangan Yang"", ""id"": ""https://openalex.org/A5013689484"", ""orcid"": ""https://orcid.org/0000-0001-9572-7322"", ""author_position"": ""middle"", ""is_corresponding"": true}, {""display_name"": ""Weifeng Sun"", ""id"": ""https://openalex.org/A5100764839"", ""orcid"": ""https://orcid.org/0000-0002-3289-8877"", ""author_position"": ""middle"", ""is_corresponding"": false}, {""display_name"": ""Wangran Wu"", ""id"": ""https://openalex.org/A5079965756"", ""orcid"": ""https://orcid.org/0000-0001-5806-9754"", ""author_position"": ""last"", ""is_corresponding"": true}]"
10.1016/j.apsusc.2025.163266,Elsevier BV,,False,Visible light-modulated photoelectric synaptic transistor based on ITO and IGZO bilayer channel,4,2025,2025-04-14,https://openalex.org/W4409413297,a-igzo,2025,74,openalex_title_and_abstract_cited_by_count_desc,none,0.0,False,False,False,journal,https://openalex.org/W4409413297,https://openalex.org/W4409413297,10.1016/j.apsusc.2025.163266,Applied Surface Science,https://openalex.org/S42323631,journal,0169-4332,"[""0169-4332"", ""1873-5584""]",article,0.91246492,8,Lingxue Meng,Lingxue Meng; Hongwei Hao; Lan Ma; Hangyu Yue; Hang Ye; Linhai Guo; Zunkai Huang; Li Tian,"[{""display_name"": ""Lingxue Meng"", ""id"": ""https://openalex.org/A5101355692"", ""orcid"": null, ""author_position"": ""first"", ""is_corresponding"": false}, {""display_name"": ""Hongwei Hao"", ""id"": ""https://openalex.org/A5055393039"", ""orcid"": ""https://orcid.org/0000-0003-2019-516X"", ""author_position"": ""middle"", ""is_corresponding"": false}, {""display_name"": ""Lan Ma"", ""id"": ""https://openalex.org/A5100333986"", ""orcid"": ""https://orcid.org/0000-0003-3458-1758"", ""author_position"": ""middle"", ""is_corresponding"": false}, {""display_name"": ""Hangyu Yue"", ""id"": ""https://openalex.org/A5078650066"", ""orcid"": ""https://orcid.org/0000-0002-3777-366X"", ""author_position"": ""middle"", ""is_corresponding"": false}, {""display_name"": ""Hang Ye"", ""id"": ""https://openalex.org/A5101981436"", ""orcid"": ""https://orcid.org/0000-0001-7618-2128"", ""author_position"": ""middle"", ""is_corresponding"": false}, {""display_name"": ""Linhai Guo"", ""id"": ""https://openalex.org/A5100844682"", ""orcid"": ""https://orcid.org/0009-0009-5170-0318"", ""author_position"": ""middle"", ""is_corresponding"": false}, {""display_name"": ""Zunkai Huang"", ""id"": ""https://openalex.org/A5054508203"", ""orcid"": ""https://orcid.org/0000-0001-7501-8959"", ""author_position"": ""middle"", ""is_corresponding"": true}, {""display_name"": ""Li Tian"", ""id"": ""https://openalex.org/A5101569821"", ""orcid"": ""https://orcid.org/0000-0002-9972-0299"", ""author_position"": ""last"", ""is_corresponding"": true}]"
10.1016/j.apsusc.2025.163964,Elsevier BV,,False,High-responsivity self-powered solar-blind photodetector based on MoS2/a-InGaZnO/a-Ga2O3 heterojunction,4,2025,2025-07-02,https://openalex.org/W4411964728,a-igzo,2025,75,openalex_title_and_abstract_cited_by_count_desc,none,0.0,False,False,False,journal,https://openalex.org/W4411964728,https://openalex.org/W4411964728,10.1016/j.apsusc.2025.163964,Applied Surface Science,https://openalex.org/S42323631,journal,0169-4332,"[""0169-4332"", ""1873-5584""]",article,0.85825671,4,聡 児玉,聡 児玉; Yiming Liu; Chong Peng; Yi Zhao,"[{""display_name"": ""聡 児玉"", ""id"": ""https://openalex.org/A5047944774"", ""orcid"": null, ""author_position"": ""first"", ""is_corresponding"": false}, {""display_name"": ""Yiming Liu"", ""id"": ""https://openalex.org/A5100449907"", ""orcid"": ""https://orcid.org/0000-0002-0486-8582"", ""author_position"": ""middle"", ""is_corresponding"": false}, {""display_name"": ""Chong Peng"", ""id"": ""https://openalex.org/A5056404360"", ""orcid"": ""https://orcid.org/0009-0005-3681-0165"", ""author_position"": ""middle"", ""is_corresponding"": false}, {""display_name"": ""Yi Zhao"", ""id"": ""https://openalex.org/A5064397304"", ""orcid"": ""https://orcid.org/0000-0003-0892-3988"", ""author_position"": ""last"", ""is_corresponding"": true}]"
10.1016/j.device.2025.100833,Elsevier BV,https://www.cell.com/action/showPdf?pii=S2666998625001462,True,"High-density, nonvolatile SRAM using monolithic 3D integration of InGaZnO thin-film transistors and Hf0.5Zr0.5O2-based ferroelectric capacitors",4,2025,2025-06-12,https://openalex.org/W4411237007,a-igzo,2025,76,openalex_title_and_abstract_cited_by_count_desc,none,0.0,False,False,False,journal,https://openalex.org/W4411237007,https://openalex.org/W4411237007,10.1016/j.device.2025.100833,Device,https://openalex.org/S4387290120,journal,2666-9986,"[""2666-9986""]",article,0.91667621,12,Qi Liu,Qi Liu; Yu Li; Liwei Liu; Hao Jiang; Haozhe Zhu; Zexing Chen; Yang Yang; Mengwei Si; Can Li; Peng Lin; Yingfen Wei; Qi Liu,"[{""display_name"": ""Qi Liu"", ""id"": ""https://openalex.org/A5100453158"", ""orcid"": ""https://orcid.org/0000-0001-7062-831X"", ""author_position"": ""first"", ""is_corresponding"": true}, {""display_name"": ""Yu Li"", ""id"": ""https://openalex.org/A5101821279"", ""orcid"": ""https://orcid.org/0000-0002-1520-8993"", ""author_position"": ""middle"", ""is_corresponding"": false}, {""display_name"": ""Liwei Liu"", ""id"": ""https://openalex.org/A5100786346"", ""orcid"": ""https://orcid.org/0000-0003-1527-8008"", ""author_position"": ""middle"", ""is_corresponding"": false}, {""display_name"": ""Hao Jiang"", ""id"": ""https://openalex.org/A5100600099"", ""orcid"": ""https://orcid.org/0000-0002-2110-0057"", ""author_position"": ""middle"", ""is_corresponding"": false}, {""display_name"": ""Haozhe Zhu"", ""id"": ""https://openalex.org/A5037971089"", ""orcid"": ""https://orcid.org/0000-0002-6412-3996"", ""author_position"": ""middle"", ""is_corresponding"": false}, {""display_name"": ""Zexing Chen"", ""id"": ""https://openalex.org/A5006714188"", ""orcid"": null, ""author_position"": ""middle"", ""is_corresponding"": false}, {""display_name"": ""Yang Yang"", ""id"": ""https://openalex.org/A5100397700"", ""orcid"": ""https://orcid.org/0000-0002-9418-8563"", ""author_position"": ""middle"", ""is_corresponding"": false}, {""display_name"": ""Mengwei Si"", ""id"": ""https://openalex.org/A5059106002"", ""orcid"": ""https://orcid.org/0000-0003-0397-7741"", ""author_position"": ""middle"", ""is_corresponding"": false}, {""display_name"": ""Can Li"", ""id"": ""https://openalex.org/A5100334043"", ""orcid"": ""https://orcid.org/0000-0002-0148-8533"", ""author_position"": ""middle"", ""is_corresponding"": false}, {""display_name"": ""Peng Lin"", ""id"": ""https://openalex.org/A5061109925"", ""orcid"": ""https://orcid.org/0000-0002-6154-4859"", ""author_position"": ""middle"", ""is_corresponding"": false}, {""display_name"": ""Yingfen Wei"", ""id"": ""https://openalex.org/A5042772685"", ""orcid"": ""https://orcid.org/0000-0003-2037-4440"", ""author_position"": ""middle"", ""is_corresponding"": false}, {""display_name"": ""Qi Liu"", ""id"": ""https://openalex.org/A5100453158"", ""orcid"": ""https://orcid.org/0000-0001-7062-831X"", ""author_position"": ""last"", ""is_corresponding"": false}]"
10.1016/j.jallcom.2025.182035,Elsevier BV,,False,High-performance oxide semiconductor TFT with a-IGZO/In-rich a-IGZO heterostructure using quantum confinement effects: Enhancing mobility and reliability,4,2025,2025-07-01,https://openalex.org/W4411981532,a-igzo,2025,77,openalex_title_and_abstract_cited_by_count_desc,none,0.0,False,False,False,journal,https://openalex.org/W4411981532,https://openalex.org/W4411981532,10.1016/j.jallcom.2025.182035,Journal of Alloys and Compounds,https://openalex.org/S67716761,journal,0925-8388,"[""0925-8388"", ""1873-4669""]",article,0.91963459,12,Seung-Min Lee,Seung-Min Lee; Jinhan Lee; Minkyu Lee; Dong Keun Lee; Yunseok Han; Geun Chul Park; Joon Seok Park; Sunhee Lee; Jeong Ho Cho; Ilgu Yun; Hyun Jae Kim; Taeyoon Lee,"[{""display_name"": ""Seung-Min Lee"", ""id"": ""https://openalex.org/A5100427586"", ""orcid"": ""https://orcid.org/0000-0002-3443-5286"", ""author_position"": ""first"", ""is_corresponding"": true}, {""display_name"": ""Jinhan Lee"", ""id"": ""https://openalex.org/A5000589792"", ""orcid"": null, ""author_position"": ""middle"", ""is_corresponding"": false}, {""display_name"": ""Minkyu Lee"", ""id"": ""https://openalex.org/A5052334636"", ""orcid"": ""https://orcid.org/0000-0001-8670-0144"", ""author_position"": ""middle"", ""is_corresponding"": false}, {""display_name"": ""Dong Keun Lee"", ""id"": ""https://openalex.org/A5100747855"", ""orcid"": ""https://orcid.org/0000-0002-2617-7627"", ""author_position"": ""middle"", ""is_corresponding"": false}, {""display_name"": ""Yunseok Han"", ""id"": ""https://openalex.org/A5103738672"", ""orcid"": null, ""author_position"": ""middle"", ""is_corresponding"": false}, {""display_name"": ""Geun Chul Park"", ""id"": ""https://openalex.org/A5021724828"", ""orcid"": ""https://orcid.org/0000-0001-7358-6354"", ""author_position"": ""middle"", ""is_corresponding"": false}, {""display_name"": ""Joon Seok Park"", ""id"": ""https://openalex.org/A5086203646"", ""orcid"": ""https://orcid.org/0000-0003-4001-6886"", ""author_position"": ""middle"", ""is_corresponding"": false}, {""display_name"": ""Sunhee Lee"", ""id"": ""https://openalex.org/A5100701104"", ""orcid"": ""https://orcid.org/0000-0003-2031-9900"", ""author_position"": ""middle"", ""is_corresponding"": false}, {""display_name"": ""Jeong Ho Cho"", ""id"": ""https://openalex.org/A5112887370"", ""orcid"": null, ""author_position"": ""middle"", ""is_corresponding"": false}, {""display_name"": ""Ilgu Yun"", ""id"": ""https://openalex.org/A5048577461"", ""orcid"": ""https://orcid.org/0000-0003-1272-6768"", ""author_position"": ""middle"", ""is_corresponding"": false}, {""display_name"": ""Hyun Jae Kim"", ""id"": ""https://openalex.org/A5011866664"", ""orcid"": ""https://orcid.org/0000-0002-6879-9256"", ""author_position"": ""middle"", ""is_corresponding"": false}, {""display_name"": ""Taeyoon Lee"", ""id"": ""https://openalex.org/A5025687683"", ""orcid"": ""https://orcid.org/0000-0002-8269-0257"", ""author_position"": ""last"", ""is_corresponding"": false}]"
10.1016/j.jpcs.2025.113088,Elsevier BV,,False,Investigating the impact of various electron transport layers on the performance of Sn-based perovskite solar cells: A device simulation using SCAPS-1D,4,2025,2025-08-09,https://openalex.org/W4413142755,a-igzo,2025,78,openalex_title_and_abstract_cited_by_count_desc,none,0.0,False,False,False,journal,https://openalex.org/W4413142755,https://openalex.org/W4413142755,10.1016/j.jpcs.2025.113088,Journal of Physics and Chemistry of Solids,https://openalex.org/S171512606,journal,0022-3697,"[""0022-3697"", ""1879-2553""]",article,0.92186006,4,Pruthaba Jadeja,Pruthaba Jadeja; Sanjeev Mani Yadav; Ashish Ravalia; Savan Katba,"[{""display_name"": ""Pruthaba Jadeja"", ""id"": ""https://openalex.org/A5118843243"", ""orcid"": null, ""author_position"": ""first"", ""is_corresponding"": false}, {""display_name"": ""Sanjeev Mani Yadav"", ""id"": ""https://openalex.org/A5110424846"", ""orcid"": null, ""author_position"": ""middle"", ""is_corresponding"": false}, {""display_name"": ""Ashish Ravalia"", ""id"": ""https://openalex.org/A5041698364"", ""orcid"": ""https://orcid.org/0000-0003-4348-0326"", ""author_position"": ""middle"", ""is_corresponding"": false}, {""display_name"": ""Savan Katba"", ""id"": ""https://openalex.org/A5002448495"", ""orcid"": null, ""author_position"": ""last"", ""is_corresponding"": true}]"
10.1038/s41598-025-00822-9,Nature Portfolio,https://www.nature.com/articles/s41598-025-00822-9.pdf,True,Computational study of KGeCl3 perovskite solar cells toward high efficiency via electron transport innovation,4,2025,2025-09-01,https://openalex.org/W4413872638,a-igzo,2025,79,openalex_title_and_abstract_cited_by_count_desc,none,0.0,False,False,False,journal,https://openalex.org/W4413872638,https://openalex.org/W4413872638,10.1038/s41598-025-00822-9,Scientific Reports,https://openalex.org/S196734849,journal,2045-2322,"[""2045-2322""]",article,0.92159466,6,Ziad Abu Waar,Ziad Abu Waar; A. Abd El-Samad; Hager H. Zeenelabden; Mohamed A. Swillam; S. Yasin; M.G. Moustafa,"[{""display_name"": ""Ziad Abu Waar"", ""id"": ""https://openalex.org/A5054847539"", ""orcid"": ""https://orcid.org/0000-0001-9509-9469"", ""author_position"": ""first"", ""is_corresponding"": false}, {""display_name"": ""A. Abd El-Samad"", ""id"": ""https://openalex.org/A5117176819"", ""orcid"": null, ""author_position"": ""middle"", ""is_corresponding"": false}, {""display_name"": ""Hager H. Zeenelabden"", ""id"": ""https://openalex.org/A5043291051"", ""orcid"": null, ""author_position"": ""middle"", ""is_corresponding"": false}, {""display_name"": ""Mohamed A. Swillam"", ""id"": ""https://openalex.org/A5077449820"", ""orcid"": ""https://orcid.org/0000-0002-7962-2341"", ""author_position"": ""middle"", ""is_corresponding"": false}, {""display_name"": ""S. Yasin"", ""id"": ""https://openalex.org/A5088952942"", ""orcid"": ""https://orcid.org/0000-0001-8470-0503"", ""author_position"": ""middle"", ""is_corresponding"": true}, {""display_name"": ""M.G. Moustafa"", ""id"": ""https://openalex.org/A5016710433"", ""orcid"": ""https://orcid.org/0000-0001-9304-4288"", ""author_position"": ""last"", ""is_corresponding"": false}]"
10.1038/s41598-025-05664-z,Nature Portfolio,https://www.nature.com/articles/s41598-025-05664-z.pdf,True,Impact of proton-beam irradiation on the electrical reliability and performance of LTPS and a-IGZO thin-film transistors,4,2025,2025-07-01,https://openalex.org/W4411882620,a-igzo,2025,80,openalex_title_and_abstract_cited_by_count_desc,none,0.0,False,False,False,journal,https://openalex.org/W4411882620,https://openalex.org/W4411882620,10.1038/s41598-025-05664-z,Scientific Reports,https://openalex.org/S196734849,journal,2045-2322,"[""2045-2322""]",article,0.91902885,9,Junho Noh,Junho Noh; Moon‐Soo Kim; Dongbhin Kim; Sungsoo Park; Hwan-Gyu Lee; Sungwoo Jung; DongHyun Kim; Nguyễn Thành Tiên; Byoungdeog Choi,"[{""display_name"": ""Junho Noh"", ""id"": ""https://openalex.org/A5114134257"", ""orcid"": ""https://orcid.org/0009-0003-4636-1258"", ""author_position"": ""first"", ""is_corresponding"": true}, {""display_name"": ""Moon‐Soo Kim"", ""id"": ""https://openalex.org/A5051543787"", ""orcid"": ""https://orcid.org/0000-0002-6778-9881"", ""author_position"": ""middle"", ""is_corresponding"": false}, {""display_name"": ""Dongbhin Kim"", ""id"": ""https://openalex.org/A5065465788"", ""orcid"": ""https://orcid.org/0000-0002-0628-0301"", ""author_position"": ""middle"", ""is_corresponding"": false}, {""display_name"": ""Sungsoo Park"", ""id"": ""https://openalex.org/A5100765097"", ""orcid"": ""https://orcid.org/0000-0001-8226-4955"", ""author_position"": ""middle"", ""is_corresponding"": false}, {""display_name"": ""Hwan-Gyu Lee"", ""id"": ""https://openalex.org/A5057354377"", ""orcid"": null, ""author_position"": ""middle"", ""is_corresponding"": false}, {""display_name"": ""Sungwoo Jung"", ""id"": ""https://openalex.org/A5101559190"", ""orcid"": ""https://orcid.org/0000-0003-3692-4961"", ""author_position"": ""middle"", ""is_corresponding"": false}, {""display_name"": ""DongHyun Kim"", ""id"": ""https://openalex.org/A5100454695"", ""orcid"": ""https://orcid.org/0000-0003-2738-9549"", ""author_position"": ""middle"", ""is_corresponding"": false}, {""display_name"": ""Nguyễn Thành Tiên"", ""id"": ""https://openalex.org/A5090982786"", ""orcid"": ""https://orcid.org/0000-0002-6678-3787"", ""author_position"": ""middle"", ""is_corresponding"": false}, {""display_name"": ""Byoungdeog Choi"", ""id"": ""https://openalex.org/A5067774586"", ""orcid"": ""https://orcid.org/0000-0003-0411-4323"", ""author_position"": ""last"", ""is_corresponding"": false}]"
10.1063/5.0248196,American Institute of Physics,,False,Hybrid-contact Schottky-barrier IGZO thin-film transistors with low barrier sensitivity and high stability,4,2025,2025-02-17,https://openalex.org/W4407769914,a-igzo,2025,81,openalex_title_and_abstract_cited_by_count_desc,none,0.0,False,False,False,journal,https://openalex.org/W4407769914,https://openalex.org/W4407769914,10.1063/5.0248196,Applied Physics Letters,https://openalex.org/S105243760,journal,0003-6951,"[""0003-6951"", ""1077-3118"", ""1520-8842""]",article,0.90219698,5,Yuzhi Li,Yuzhi Li; Shenghan Zou; Guangshuo Cai; Linfeng Lan; Zheng Gong,"[{""display_name"": ""Yuzhi Li"", ""id"": ""https://openalex.org/A5101549420"", ""orcid"": ""https://orcid.org/0000-0001-7689-3771"", ""author_position"": ""first"", ""is_corresponding"": true}, {""display_name"": ""Shenghan Zou"", ""id"": ""https://openalex.org/A5089637392"", ""orcid"": ""https://orcid.org/0000-0002-0471-1729"", ""author_position"": ""middle"", ""is_corresponding"": false}, {""display_name"": ""Guangshuo Cai"", ""id"": ""https://openalex.org/A5101740946"", ""orcid"": ""https://orcid.org/0000-0002-3975-3777"", ""author_position"": ""middle"", ""is_corresponding"": false}, {""display_name"": ""Linfeng Lan"", ""id"": ""https://openalex.org/A5088966886"", ""orcid"": ""https://orcid.org/0000-0002-6477-2830"", ""author_position"": ""middle"", ""is_corresponding"": false}, {""display_name"": ""Zheng Gong"", ""id"": ""https://openalex.org/A5057884582"", ""orcid"": ""https://orcid.org/0000-0001-6651-5582"", ""author_position"": ""last"", ""is_corresponding"": false}]"
10.1063/5.0258105,American Institute of Physics,,True,Understanding negative-bias-stress-induced instability and hump phenomenon in amorphous In–Ga–Zn–O thin-film transistors: Impact of source/drain contacts and carrier diffusion,4,2025,2025-05-08,https://openalex.org/W4410190327,a-igzo,2025,82,openalex_title_and_abstract_cited_by_count_desc,none,0.0,False,False,False,journal,https://openalex.org/W4410190327,https://openalex.org/W4410190327,10.1063/5.0258105,Journal of Applied Physics,https://openalex.org/S187991544,journal,0021-8979,"[""0021-8979"", ""1089-7550"", ""1520-8850""]",article,0.91052447,3,Yong Zhang,Yong Zhang; Sashank Krishna Sriram; Kenji Nomura,"[{""display_name"": ""Yong Zhang"", ""id"": ""https://openalex.org/A5100419884"", ""orcid"": ""https://orcid.org/0000-0003-4295-5385"", ""author_position"": ""first"", ""is_corresponding"": true}, {""display_name"": ""Sashank Krishna Sriram"", ""id"": ""https://openalex.org/A5062339970"", ""orcid"": ""https://orcid.org/0009-0000-4649-4673"", ""author_position"": ""middle"", ""is_corresponding"": false}, {""display_name"": ""Kenji Nomura"", ""id"": ""https://openalex.org/A5015082666"", ""orcid"": ""https://orcid.org/0000-0002-2786-6563"", ""author_position"": ""last"", ""is_corresponding"": false}]"
10.1109/jeds.2025.3528073,Institute of Electrical and Electronics Engineers,,True,TCAD Simulation Study of Cylindrical Vertical Double-Surrounding-Gate a-InGaZnO FETs and Geometric Parameter Optimization,4,2025,2025-01-01,https://openalex.org/W4406259330,a-igzo,2025,83,openalex_title_and_abstract_cited_by_count_desc,none,0.0,False,False,False,journal,https://openalex.org/W4406259330,https://openalex.org/W4406259330,10.1109/jeds.2025.3528073,IEEE Journal of the Electron Devices Society,https://openalex.org/S2482167115,journal,2168-6734,"[""2168-6734""]",article,0.89692261,8,Yue Zhao,Yue Zhao; Lihua Xu; Chuanke Chen; Xufan Li; Kexin Shang; Di Geng; Lingfei Wang; Ling Li,"[{""display_name"": ""Yue Zhao"", ""id"": ""https://openalex.org/A5102983439"", ""orcid"": ""https://orcid.org/0009-0000-7648-429X"", ""author_position"": ""first"", ""is_corresponding"": true}, {""display_name"": ""Lihua Xu"", ""id"": ""https://openalex.org/A5053827363"", ""orcid"": ""https://orcid.org/0000-0003-2425-0170"", ""author_position"": ""middle"", ""is_corresponding"": false}, {""display_name"": ""Chuanke Chen"", ""id"": ""https://openalex.org/A5062868417"", ""orcid"": ""https://orcid.org/0009-0001-0477-2927"", ""author_position"": ""middle"", ""is_corresponding"": false}, {""display_name"": ""Xufan Li"", ""id"": ""https://openalex.org/A5101925428"", ""orcid"": ""https://orcid.org/0009-0003-5197-1974"", ""author_position"": ""middle"", ""is_corresponding"": false}, {""display_name"": ""Kexin Shang"", ""id"": ""https://openalex.org/A5036642408"", ""orcid"": ""https://orcid.org/0009-0002-3688-1869"", ""author_position"": ""middle"", ""is_corresponding"": false}, {""display_name"": ""Di Geng"", ""id"": ""https://openalex.org/A5077056646"", ""orcid"": ""https://orcid.org/0000-0002-5653-6811"", ""author_position"": ""middle"", ""is_corresponding"": false}, {""display_name"": ""Lingfei Wang"", ""id"": ""https://openalex.org/A5033378522"", ""orcid"": ""https://orcid.org/0000-0003-3579-8406"", ""author_position"": ""middle"", ""is_corresponding"": false}, {""display_name"": ""Ling Li"", ""id"": ""https://openalex.org/A5100435353"", ""orcid"": ""https://orcid.org/0000-0002-7622-8752"", ""author_position"": ""last"", ""is_corresponding"": false}]"
10.1109/jeds.2025.3565658,Institute of Electrical and Electronics Engineers,,True,IGZO 2T0C DRAM With V<sub>TH</sub> Compensation Technique for Multi-Bit Applications,4,2025,2025-01-01,https://openalex.org/W4409916753,a-igzo,2025,84,openalex_title_and_abstract_cited_by_count_desc,none,0.0,False,False,False,journal,https://openalex.org/W4409916753,https://openalex.org/W4409916753,10.1109/jeds.2025.3565658,IEEE Journal of the Electron Devices Society,https://openalex.org/S2482167115,journal,2168-6734,"[""2168-6734""]",article,0.90979154,21,K. Chen,K. Chen; Wendong Lu; Jiebin Niu; Menggan Liu; Fuxi Liao; Xuanming Zhang; Zihan Li; Nannan Mao; Kaiping Zhang; Congyan Lu; Bok-Moon Kang; Jiawei Wang; Di Geng; Nianduan Lu; Guilei Wang; Zhengyong Zhu; Guanhua Yang; Chao Zhao; Arokia Nathan; Ling Li; Ming Liu,"[{""display_name"": ""K. Chen"", ""id"": ""https://openalex.org/A5012413450"", ""orcid"": ""https://orcid.org/0009-0008-1317-8015"", ""author_position"": ""first"", ""is_corresponding"": true}, {""display_name"": ""Wendong Lu"", ""id"": ""https://openalex.org/A5011593712"", ""orcid"": ""https://orcid.org/0000-0003-4138-3784"", ""author_position"": ""middle"", ""is_corresponding"": false}, {""display_name"": ""Jiebin Niu"", ""id"": ""https://openalex.org/A5109914686"", ""orcid"": ""https://orcid.org/0009-0009-6299-0947"", ""author_position"": ""middle"", ""is_corresponding"": false}, {""display_name"": ""Menggan Liu"", ""id"": ""https://openalex.org/A5089872608"", ""orcid"": ""https://orcid.org/0000-0002-9371-1965"", ""author_position"": ""middle"", ""is_corresponding"": false}, {""display_name"": ""Fuxi Liao"", ""id"": ""https://openalex.org/A5063345746"", ""orcid"": ""https://orcid.org/0009-0008-1441-0947"", ""author_position"": ""middle"", ""is_corresponding"": false}, {""display_name"": ""Xuanming Zhang"", ""id"": ""https://openalex.org/A5101829918"", ""orcid"": ""https://orcid.org/0000-0002-4990-0515"", ""author_position"": ""middle"", ""is_corresponding"": false}, {""display_name"": ""Zihan Li"", ""id"": ""https://openalex.org/A5100672514"", ""orcid"": ""https://orcid.org/0009-0004-3839-0611"", ""author_position"": ""middle"", ""is_corresponding"": false}, {""display_name"": ""Nannan Mao"", ""id"": ""https://openalex.org/A5063849879"", ""orcid"": ""https://orcid.org/0000-0003-3522-5341"", ""author_position"": ""middle"", ""is_corresponding"": false}, {""display_name"": ""Kaiping Zhang"", ""id"": ""https://openalex.org/A5019389806"", ""orcid"": ""https://orcid.org/0000-0002-7645-2631"", ""author_position"": ""middle"", ""is_corresponding"": false}, {""display_name"": ""Congyan Lu"", ""id"": ""https://openalex.org/A5038128382"", ""orcid"": ""https://orcid.org/0000-0002-4064-7410"", ""author_position"": ""middle"", ""is_corresponding"": false}, {""display_name"": ""Bok-Moon Kang"", ""id"": ""https://openalex.org/A5050146115"", ""orcid"": null, ""author_position"": ""middle"", ""is_corresponding"": false}, {""display_name"": ""Jiawei Wang"", ""id"": ""https://openalex.org/A5069850804"", ""orcid"": ""https://orcid.org/0000-0002-3043-8447"", ""author_position"": ""middle"", ""is_corresponding"": false}, {""display_name"": ""Di Geng"", ""id"": ""https://openalex.org/A5077056646"", ""orcid"": ""https://orcid.org/0000-0002-5653-6811"", ""author_position"": ""middle"", ""is_corresponding"": false}, {""display_name"": ""Nianduan Lu"", ""id"": ""https://openalex.org/A5102840011"", ""orcid"": ""https://orcid.org/0000-0001-8415-7627"", ""author_position"": ""middle"", ""is_corresponding"": false}, {""display_name"": ""Guilei Wang"", ""id"": ""https://openalex.org/A5077177380"", ""orcid"": ""https://orcid.org/0000-0002-1311-8863"", ""author_position"": ""middle"", ""is_corresponding"": false}, {""display_name"": ""Zhengyong Zhu"", ""id"": ""https://openalex.org/A5110455678"", ""orcid"": null, ""author_position"": ""middle"", ""is_corresponding"": false}, {""display_name"": ""Guanhua Yang"", ""id"": ""https://openalex.org/A5083546723"", ""orcid"": ""https://orcid.org/0000-0003-4694-7040"", ""author_position"": ""middle"", ""is_corresponding"": false}, {""display_name"": ""Chao Zhao"", ""id"": ""https://openalex.org/A5041067869"", ""orcid"": ""https://orcid.org/0009-0009-2026-2714"", ""author_position"": ""middle"", ""is_corresponding"": false}, {""display_name"": ""Arokia Nathan"", ""id"": ""https://openalex.org/A5053226693"", ""orcid"": ""https://orcid.org/0000-0002-2070-8853"", ""author_position"": ""middle"", ""is_corresponding"": false}, {""display_name"": ""Ling Li"", ""id"": ""https://openalex.org/A5100435353"", ""orcid"": ""https://orcid.org/0000-0002-7622-8752"", ""author_position"": ""middle"", ""is_corresponding"": false}, {""display_name"": ""Ming Liu"", ""id"": ""https://openalex.org/A5100347764"", ""orcid"": ""https://orcid.org/0000-0002-0937-7547"", ""author_position"": ""last"", ""is_corresponding"": false}]"
10.1109/led.2025.3553826,Institute of Electrical and Electronics Engineers,,False,Linear Tuning of Positive Threshold Voltage in IGZO Thin-Film Transistors via Gate Dielectric Stack Engineering,4,2025,2025-03-22,https://openalex.org/W4408708856,a-igzo,2025,85,openalex_title_and_abstract_cited_by_count_desc,none,0.0,False,False,False,journal,https://openalex.org/W4408708856,https://openalex.org/W4408708856,10.1109/led.2025.3553826,IEEE Electron Device Letters,https://openalex.org/S19887683,journal,0741-3106,"[""0741-3106"", ""1558-0563""]",article,0.90964379,10,Gangping Yan,Gangping Yan; Yanyu Yang; Lu Tai; Yuting Chen; Xueli Ma; Xiangbin Du; Gaobo Xu; Guilei Wang; Huaxiang Yin; Chao Zhao,"[{""display_name"": ""Gangping Yan"", ""id"": ""https://openalex.org/A5028093213"", ""orcid"": ""https://orcid.org/0000-0002-5364-3224"", ""author_position"": ""first"", ""is_corresponding"": true}, {""display_name"": ""Yanyu Yang"", ""id"": ""https://openalex.org/A5114243915"", ""orcid"": ""https://orcid.org/0009-0009-2151-5779"", ""author_position"": ""middle"", ""is_corresponding"": false}, {""display_name"": ""Lu Tai"", ""id"": ""https://openalex.org/A5025966838"", ""orcid"": ""https://orcid.org/0000-0002-2333-0462"", ""author_position"": ""middle"", ""is_corresponding"": false}, {""display_name"": ""Yuting Chen"", ""id"": ""https://openalex.org/A5100436570"", ""orcid"": ""https://orcid.org/0000-0003-0436-8876"", ""author_position"": ""middle"", ""is_corresponding"": false}, {""display_name"": ""Xueli Ma"", ""id"": ""https://openalex.org/A5101397354"", ""orcid"": ""https://orcid.org/0000-0002-7623-7384"", ""author_position"": ""middle"", ""is_corresponding"": false}, {""display_name"": ""Xiangbin Du"", ""id"": ""https://openalex.org/A5045452878"", ""orcid"": ""https://orcid.org/0000-0003-1012-5379"", ""author_position"": ""middle"", ""is_corresponding"": false}, {""display_name"": ""Gaobo Xu"", ""id"": ""https://openalex.org/A5072583150"", ""orcid"": ""https://orcid.org/0000-0002-4278-251X"", ""author_position"": ""middle"", ""is_corresponding"": false}, {""display_name"": ""Guilei Wang"", ""id"": ""https://openalex.org/A5077177380"", ""orcid"": ""https://orcid.org/0000-0002-1311-8863"", ""author_position"": ""middle"", ""is_corresponding"": false}, {""display_name"": ""Huaxiang Yin"", ""id"": ""https://openalex.org/A5040575776"", ""orcid"": ""https://orcid.org/0000-0001-8066-6002"", ""author_position"": ""middle"", ""is_corresponding"": false}, {""display_name"": ""Chao Zhao"", ""id"": ""https://openalex.org/A5041067869"", ""orcid"": ""https://orcid.org/0009-0009-2026-2714"", ""author_position"": ""last"", ""is_corresponding"": false}]"
10.1109/led.2025.3564187,Institute of Electrical and Electronics Engineers,,False,Pathways for Retention Boost in Atomic Layer Etched IGZO-Based Capacitorless DRAM,4,2025,2025-04-24,https://openalex.org/W4409762305,a-igzo,2025,86,openalex_title_and_abstract_cited_by_count_desc,none,0.0,False,False,False,journal,https://openalex.org/W4409762305,https://openalex.org/W4409762305,10.1109/led.2025.3564187,IEEE Electron Device Letters,https://openalex.org/S19887683,journal,0741-3106,"[""0741-3106"", ""1558-0563""]",article,0.90934639,15,K. Izukashi,K. Izukashi; Daisuke Matsubayashi; Attilio Belmonte; Shreya Kundu; Yi Wan; Fernando Garćıa-Redondo; Hyungrock Oh; Arvind Sharma; Subhali Subhechha; Harinarayanan Puliyalil; Adrian Chasin; Harold Dekkers; Alexandru Pavel; Nouredine Rassoul; Gouri Sankar Kar,"[{""display_name"": ""K. Izukashi"", ""id"": ""https://openalex.org/A5019758146"", ""orcid"": null, ""author_position"": ""first"", ""is_corresponding"": true}, {""display_name"": ""Daisuke Matsubayashi"", ""id"": ""https://openalex.org/A5044503586"", ""orcid"": ""https://orcid.org/0000-0002-2332-2569"", ""author_position"": ""middle"", ""is_corresponding"": false}, {""display_name"": ""Attilio Belmonte"", ""id"": ""https://openalex.org/A5055437400"", ""orcid"": ""https://orcid.org/0000-0002-3947-1948"", ""author_position"": ""middle"", ""is_corresponding"": false}, {""display_name"": ""Shreya Kundu"", ""id"": ""https://openalex.org/A5032861048"", ""orcid"": ""https://orcid.org/0000-0001-8052-7774"", ""author_position"": ""middle"", ""is_corresponding"": false}, {""display_name"": ""Yi Wan"", ""id"": ""https://openalex.org/A5109078215"", ""orcid"": ""https://orcid.org/0009-0002-0756-1778"", ""author_position"": ""middle"", ""is_corresponding"": false}, {""display_name"": ""Fernando Garćıa-Redondo"", ""id"": ""https://openalex.org/A5058982282"", ""orcid"": ""https://orcid.org/0000-0001-7090-8821"", ""author_position"": ""middle"", ""is_corresponding"": false}, {""display_name"": ""Hyungrock Oh"", ""id"": ""https://openalex.org/A5050434221"", ""orcid"": ""https://orcid.org/0000-0001-5244-5755"", ""author_position"": ""middle"", ""is_corresponding"": false}, {""display_name"": ""Arvind Sharma"", ""id"": ""https://openalex.org/A5100732194"", ""orcid"": ""https://orcid.org/0000-0002-9250-9642"", ""author_position"": ""middle"", ""is_corresponding"": false}, {""display_name"": ""Subhali Subhechha"", ""id"": ""https://openalex.org/A5000783475"", ""orcid"": ""https://orcid.org/0000-0002-1960-5136"", ""author_position"": ""middle"", ""is_corresponding"": false}, {""display_name"": ""Harinarayanan Puliyalil"", ""id"": ""https://openalex.org/A5038714522"", ""orcid"": ""https://orcid.org/0000-0002-9749-5307"", ""author_position"": ""middle"", ""is_corresponding"": false}, {""display_name"": ""Adrian Chasin"", ""id"": ""https://openalex.org/A5069528357"", ""orcid"": ""https://orcid.org/0000-0002-9940-0260"", ""author_position"": ""middle"", ""is_corresponding"": false}, {""display_name"": ""Harold Dekkers"", ""id"": ""https://openalex.org/A5075407624"", ""orcid"": null, ""author_position"": ""middle"", ""is_corresponding"": false}, {""display_name"": ""Alexandru Pavel"", ""id"": ""https://openalex.org/A5068566952"", ""orcid"": ""https://orcid.org/0000-0001-5515-6123"", ""author_position"": ""middle"", ""is_corresponding"": false}, {""display_name"": ""Nouredine Rassoul"", ""id"": ""https://openalex.org/A5074709658"", ""orcid"": ""https://orcid.org/0000-0001-9489-3396"", ""author_position"": ""middle"", ""is_corresponding"": false}, {""display_name"": ""Gouri Sankar Kar"", ""id"": ""https://openalex.org/A5080181961"", ""orcid"": ""https://orcid.org/0000-0003-3122-4237"", ""author_position"": ""last"", ""is_corresponding"": false}]"
10.1109/ted.2025.3545007,Institute of Electrical and Electronics Engineers,,False,The Investigation of the Hysteresis and Reliability Mechanism of Amorphous Oxide Semiconductor Thin-Film Transistors Applied in Dynamic Random Access Memory,4,2025,2025-03-03,https://openalex.org/W4408100615,a-igzo,2025,87,openalex_title_and_abstract_cited_by_count_desc,none,0.0,False,False,False,journal,https://openalex.org/W4408100615,https://openalex.org/W4408100615,10.1109/ted.2025.3545007,IEEE Transactions on Electron Devices,https://openalex.org/S162355128,journal,0018-9383,"[""0018-9383"", ""1557-9646""]",article,0.91388169,9,Jie Luo,Jie Luo; Yunjiao Bao; Yanyu Yang; Yupeng Lu; Guilei Wang; Gaobo Xu; Huaxiang Yin; Chao Zhao; Jun Luo,"[{""display_name"": ""Jie Luo"", ""id"": ""https://openalex.org/A5018390528"", ""orcid"": ""https://orcid.org/0009-0003-6832-0238"", ""author_position"": ""first"", ""is_corresponding"": true}, {""display_name"": ""Yunjiao Bao"", ""id"": ""https://openalex.org/A5103032589"", ""orcid"": ""https://orcid.org/0009-0005-5381-9321"", ""author_position"": ""middle"", ""is_corresponding"": false}, {""display_name"": ""Yanyu Yang"", ""id"": ""https://openalex.org/A5114243915"", ""orcid"": ""https://orcid.org/0009-0009-2151-5779"", ""author_position"": ""middle"", ""is_corresponding"": false}, {""display_name"": ""Yupeng Lu"", ""id"": ""https://openalex.org/A5108998962"", ""orcid"": ""https://orcid.org/0000-0002-2459-7492"", ""author_position"": ""middle"", ""is_corresponding"": false}, {""display_name"": ""Guilei Wang"", ""id"": ""https://openalex.org/A5077177380"", ""orcid"": ""https://orcid.org/0000-0002-1311-8863"", ""author_position"": ""middle"", ""is_corresponding"": false}, {""display_name"": ""Gaobo Xu"", ""id"": ""https://openalex.org/A5072583150"", ""orcid"": ""https://orcid.org/0000-0002-4278-251X"", ""author_position"": ""middle"", ""is_corresponding"": false}, {""display_name"": ""Huaxiang Yin"", ""id"": ""https://openalex.org/A5040575776"", ""orcid"": ""https://orcid.org/0000-0001-8066-6002"", ""author_position"": ""middle"", ""is_corresponding"": false}, {""display_name"": ""Chao Zhao"", ""id"": ""https://openalex.org/A5041067869"", ""orcid"": ""https://orcid.org/0009-0009-2026-2714"", ""author_position"": ""middle"", ""is_corresponding"": false}, {""display_name"": ""Jun Luo"", ""id"": ""https://openalex.org/A5100749903"", ""orcid"": ""https://orcid.org/0000-0002-5122-6806"", ""author_position"": ""last"", ""is_corresponding"": false}]"
10.1109/ted.2025.3546593,Institute of Electrical and Electronics Engineers,,False,Analytical Modeling of Short-Channel Effects in BEOL-Compatible Thin-Film Transistors,4,2025,2025-03-07,https://openalex.org/W4408235950,a-igzo,2025,88,openalex_title_and_abstract_cited_by_count_desc,none,0.0,False,False,False,journal,https://openalex.org/W4408235950,https://openalex.org/W4408235950,10.1109/ted.2025.3546593,IEEE Transactions on Electron Devices,https://openalex.org/S162355128,journal,0018-9383,"[""0018-9383"", ""1557-9646""]",article,0.90340508,11,Nilesh Pandey,Nilesh Pandey; Ujwal Radhakrishna; Jian-Yu Lin; Chang Niu; Orlando Lazaro; Gianluca Boselli; Luigi Colombo; Baher Haroun; Peide D. Ye; Leonard F. Register; Sanjay K. Banerjee,"[{""display_name"": ""Nilesh Pandey"", ""id"": ""https://openalex.org/A5073834754"", ""orcid"": ""https://orcid.org/0000-0002-6720-779X"", ""author_position"": ""first"", ""is_corresponding"": true}, {""display_name"": ""Ujwal Radhakrishna"", ""id"": ""https://openalex.org/A5011015676"", ""orcid"": ""https://orcid.org/0000-0002-2314-5187"", ""author_position"": ""middle"", ""is_corresponding"": false}, {""display_name"": ""Jian-Yu Lin"", ""id"": ""https://openalex.org/A5055167437"", ""orcid"": ""https://orcid.org/0000-0002-8800-8714"", ""author_position"": ""middle"", ""is_corresponding"": false}, {""display_name"": ""Chang Niu"", ""id"": ""https://openalex.org/A5005388099"", ""orcid"": ""https://orcid.org/0000-0003-3175-7164"", ""author_position"": ""middle"", ""is_corresponding"": false}, {""display_name"": ""Orlando Lazaro"", ""id"": ""https://openalex.org/A5007950276"", ""orcid"": ""https://orcid.org/0000-0002-3203-0138"", ""author_position"": ""middle"", ""is_corresponding"": false}, {""display_name"": ""Gianluca Boselli"", ""id"": ""https://openalex.org/A5042319750"", ""orcid"": ""https://orcid.org/0000-0003-0665-4630"", ""author_position"": ""middle"", ""is_corresponding"": false}, {""display_name"": ""Luigi Colombo"", ""id"": ""https://openalex.org/A5077599795"", ""orcid"": ""https://orcid.org/0000-0002-9048-3565"", ""author_position"": ""middle"", ""is_corresponding"": false}, {""display_name"": ""Baher Haroun"", ""id"": ""https://openalex.org/A5112241036"", ""orcid"": null, ""author_position"": ""middle"", ""is_corresponding"": false}, {""display_name"": ""Peide D. Ye"", ""id"": ""https://openalex.org/A5063222844"", ""orcid"": ""https://orcid.org/0000-0001-8466-9745"", ""author_position"": ""middle"", ""is_corresponding"": false}, {""display_name"": ""Leonard F. Register"", ""id"": ""https://openalex.org/A5064689433"", ""orcid"": ""https://orcid.org/0000-0001-5023-0953"", ""author_position"": ""middle"", ""is_corresponding"": false}, {""display_name"": ""Sanjay K. Banerjee"", ""id"": ""https://openalex.org/A5081174674"", ""orcid"": ""https://orcid.org/0000-0002-4478-7189"", ""author_position"": ""last"", ""is_corresponding"": false}]"
10.23919/vlsitechnologyandcir65189.2025.11074867,,,False,High Performance and Reliable 4F<sup>2</sup> IGZO Vertical Channel Transistor (VCT) with Extremely Low Contact Resistance and 10 year BTI lifetime for sub-10nm DRAM,4,2025,2025-06-08,https://openalex.org/W4412965746,a-igzo,2025,89,openalex_title_and_abstract_cited_by_count_desc,none,0.0,False,False,False,,https://openalex.org/W4412965746,https://openalex.org/W4412965746,10.23919/vlsitechnologyandcir65189.2025.11074867,,,,,[],article,0.91784924,36,Daewon Ha,Daewon Ha; Yunsung Lee; Kyoung-Jun Moon; Sangmoon Lee; Kicheon Yoo; W. Lee; Seung‐Hwan Yoo; M.H. Cho; S.N. Kim; Masayuki Terai; Minsoo Kim; J.H. Bae; S. Park; Sangmoon Lee; M. Hong; Kyoseung Sim; Changkyun Im; Seongbin Hong; Chang Kyung Sung; Hyungtak Kim; Kihong Kim; Hana Cho; Sang-Gi Byeon; I. Shin; Joo‐Hyung Chae; Yongsug Tak; Hee-Sun Yoon; Seong‐Hyop Kim; Seong Hoon Jeong; K. Park; Seung Hwan Lee; S.W. Park; P. Yun; Seok-Hun Hyun; S. J. Ahn; Junha Song,"[{""display_name"": ""Daewon Ha"", ""id"": ""https://openalex.org/A5015290434"", ""orcid"": ""https://orcid.org/0000-0002-9061-8626"", ""author_position"": ""first"", ""is_corresponding"": true}, {""display_name"": ""Yunsung Lee"", ""id"": ""https://openalex.org/A5074098034"", ""orcid"": ""https://orcid.org/0000-0002-2512-1082"", ""author_position"": ""middle"", ""is_corresponding"": false}, {""display_name"": ""Kyoung-Jun Moon"", ""id"": ""https://openalex.org/A5017446883"", ""orcid"": ""https://orcid.org/0000-0002-2786-7865"", ""author_position"": ""middle"", ""is_corresponding"": false}, {""display_name"": ""Sangmoon Lee"", ""id"": ""https://openalex.org/A5003412235"", ""orcid"": ""https://orcid.org/0000-0001-8252-952X"", ""author_position"": ""middle"", ""is_corresponding"": false}, {""display_name"": ""Kicheon Yoo"", ""id"": ""https://openalex.org/A5021302838"", ""orcid"": ""https://orcid.org/0000-0002-9653-8352"", ""author_position"": ""middle"", ""is_corresponding"": false}, {""display_name"": ""W. Lee"", ""id"": ""https://openalex.org/A5108817434"", ""orcid"": null, ""author_position"": ""middle"", ""is_corresponding"": false}, {""display_name"": ""Seung‐Hwan Yoo"", ""id"": ""https://openalex.org/A5078219549"", ""orcid"": ""https://orcid.org/0000-0003-1135-4931"", ""author_position"": ""middle"", ""is_corresponding"": false}, {""display_name"": ""M.H. Cho"", ""id"": ""https://openalex.org/A5111208425"", ""orcid"": null, ""author_position"": ""middle"", ""is_corresponding"": false}, {""display_name"": ""S.N. Kim"", ""id"": ""https://openalex.org/A5016690719"", ""orcid"": null, ""author_position"": ""middle"", ""is_corresponding"": false}, {""display_name"": ""Masayuki Terai"", ""id"": ""https://openalex.org/A5109328442"", ""orcid"": null, ""author_position"": ""middle"", ""is_corresponding"": false}, {""display_name"": ""Minsoo Kim"", ""id"": ""https://openalex.org/A5100362648"", ""orcid"": ""https://orcid.org/0000-0001-6304-6901"", ""author_position"": ""middle"", ""is_corresponding"": false}, {""display_name"": ""J.H. Bae"", ""id"": ""https://openalex.org/A5053693471"", ""orcid"": ""https://orcid.org/0009-0004-6000-625X"", ""author_position"": ""middle"", ""is_corresponding"": false}, {""display_name"": ""S. Park"", ""id"": ""https://openalex.org/A5015567372"", ""orcid"": ""https://orcid.org/0000-0002-6811-4632"", ""author_position"": ""middle"", ""is_corresponding"": false}, {""display_name"": ""Sangmoon Lee"", ""id"": ""https://openalex.org/A5003412235"", ""orcid"": ""https://orcid.org/0000-0001-8252-952X"", ""author_position"": ""middle"", ""is_corresponding"": false}, {""display_name"": ""M. Hong"", ""id"": ""https://openalex.org/A5108580784"", ""orcid"": null, ""author_position"": ""middle"", ""is_corresponding"": false}, {""display_name"": ""Kyoseung Sim"", ""id"": ""https://openalex.org/A5062645264"", ""orcid"": ""https://orcid.org/0000-0001-5284-6831"", ""author_position"": ""middle"", ""is_corresponding"": false}, {""display_name"": ""Changkyun Im"", ""id"": ""https://openalex.org/A5015280382"", ""orcid"": ""https://orcid.org/0000-0001-9779-3841"", ""author_position"": ""middle"", ""is_corresponding"": false}, {""display_name"": ""Seongbin Hong"", ""id"": ""https://openalex.org/A5046403430"", ""orcid"": ""https://orcid.org/0000-0002-6719-7608"", ""author_position"": ""middle"", ""is_corresponding"": false}, {""display_name"": ""Chang Kyung Sung"", ""id"": ""https://openalex.org/A5077164892"", ""orcid"": ""https://orcid.org/0000-0002-1871-850X"", ""author_position"": ""middle"", ""is_corresponding"": false}, {""display_name"": ""Hyungtak Kim"", ""id"": ""https://openalex.org/A5034774040"", ""orcid"": ""https://orcid.org/0000-0003-4659-1814"", ""author_position"": ""middle"", ""is_corresponding"": false}, {""display_name"": ""Kihong Kim"", ""id"": ""https://openalex.org/A5066597128"", ""orcid"": ""https://orcid.org/0000-0001-9965-3535"", ""author_position"": ""middle"", ""is_corresponding"": false}, {""display_name"": ""Hana Cho"", ""id"": ""https://openalex.org/A5100608211"", ""orcid"": ""https://orcid.org/0000-0002-9394-8671"", ""author_position"": ""middle"", ""is_corresponding"": false}, {""display_name"": ""Sang-Gi Byeon"", ""id"": ""https://openalex.org/A5113789255"", ""orcid"": null, ""author_position"": ""middle"", ""is_corresponding"": false}, {""display_name"": ""I. Shin"", ""id"": ""https://openalex.org/A5109437612"", ""orcid"": null, ""author_position"": ""middle"", ""is_corresponding"": false}, {""display_name"": ""Joo‐Hyung Chae"", ""id"": ""https://openalex.org/A5045809760"", ""orcid"": ""https://orcid.org/0000-0001-6354-5612"", ""author_position"": ""middle"", ""is_corresponding"": false}, {""display_name"": ""Yongsug Tak"", ""id"": ""https://openalex.org/A5063403448"", ""orcid"": ""https://orcid.org/0000-0002-2466-4448"", ""author_position"": ""middle"", ""is_corresponding"": false}, {""display_name"": ""Hee-Sun Yoon"", ""id"": ""https://openalex.org/A5103068967"", ""orcid"": ""https://orcid.org/0000-0001-5662-8997"", ""author_position"": ""middle"", ""is_corresponding"": false}, {""display_name"": ""Seong‐Hyop Kim"", ""id"": ""https://openalex.org/A5100615034"", ""orcid"": ""https://orcid.org/0000-0001-7764-9818"", ""author_position"": ""middle"", ""is_corresponding"": false}, {""display_name"": ""Seong Hoon Jeong"", ""id"": ""https://openalex.org/A5003964842"", ""orcid"": ""https://orcid.org/0000-0001-5638-2851"", ""author_position"": ""middle"", ""is_corresponding"": false}, {""display_name"": ""K. Park"", ""id"": ""https://openalex.org/A5108550801"", ""orcid"": null, ""author_position"": ""middle"", ""is_corresponding"": false}, {""display_name"": ""Seung Hwan Lee"", ""id"": ""https://openalex.org/A5100410180"", ""orcid"": ""https://orcid.org/0000-0002-5839-6533"", ""author_position"": ""middle"", ""is_corresponding"": false}, {""display_name"": ""S.W. Park"", ""id"": ""https://openalex.org/A5111301772"", ""orcid"": null, ""author_position"": ""middle"", ""is_corresponding"": false}, {""display_name"": ""P. Yun"", ""id"": ""https://openalex.org/A5109884860"", ""orcid"": null, ""author_position"": ""middle"", ""is_corresponding"": false}, {""display_name"": ""Seok-Hun Hyun"", ""id"": ""https://openalex.org/A5111511259"", ""orcid"": null, ""author_position"": ""middle"", ""is_corresponding"": false}, {""display_name"": ""S. J. Ahn"", ""id"": ""https://openalex.org/A5044211125"", ""orcid"": null, ""author_position"": ""middle"", ""is_corresponding"": false}, {""display_name"": ""Junha Song"", ""id"": ""https://openalex.org/A5103268456"", ""orcid"": ""https://orcid.org/0000-0003-2424-6198"", ""author_position"": ""last"", ""is_corresponding"": false}]"
10.23919/vlsitechnologyandcir65189.2025.11075219,,,False,"First Demonstration of BEOL-Compatible Co-Sputter Deposited $\text{Te}_{1-x} \text{Se}_{x}$ p-FETs Enabling 3D Stackable Oxide Semiconductor CFET, DRAM, and First CFET-Structured SRAM",4,2025,2025-06-08,https://openalex.org/W4412966516,a-igzo,2025,90,openalex_title_and_abstract_cited_by_count_desc,none,0.0,False,False,False,,https://openalex.org/W4412966516,https://openalex.org/W4412966516,10.23919/vlsitechnologyandcir65189.2025.11075219,,,,,[],article,0.95918549,10,Ying Xu,Ying Xu; Yiyuan Sun; Zuopu Zhou; Zijie Zheng; Sheng Luo; Chen Sun; Yuye Kang; Kai Ni; Gengchiau Liang; Xiao Gong,"[{""display_name"": ""Ying Xu"", ""id"": ""https://openalex.org/A5029459501"", ""orcid"": ""https://orcid.org/0000-0001-9570-8666"", ""author_position"": ""first"", ""is_corresponding"": true}, {""display_name"": ""Yiyuan Sun"", ""id"": ""https://openalex.org/A5114030559"", ""orcid"": ""https://orcid.org/0009-0001-8026-9979"", ""author_position"": ""middle"", ""is_corresponding"": false}, {""display_name"": ""Zuopu Zhou"", ""id"": ""https://openalex.org/A5086756993"", ""orcid"": ""https://orcid.org/0000-0003-4812-8524"", ""author_position"": ""middle"", ""is_corresponding"": false}, {""display_name"": ""Zijie Zheng"", ""id"": ""https://openalex.org/A5000856188"", ""orcid"": ""https://orcid.org/0000-0001-8265-6019"", ""author_position"": ""middle"", ""is_corresponding"": false}, {""display_name"": ""Sheng Luo"", ""id"": ""https://openalex.org/A5029175021"", ""orcid"": ""https://orcid.org/0000-0003-4523-6861"", ""author_position"": ""middle"", ""is_corresponding"": false}, {""display_name"": ""Chen Sun"", ""id"": ""https://openalex.org/A5100722240"", ""orcid"": ""https://orcid.org/0000-0003-2480-2350"", ""author_position"": ""middle"", ""is_corresponding"": false}, {""display_name"": ""Yuye Kang"", ""id"": ""https://openalex.org/A5063188500"", ""orcid"": ""https://orcid.org/0000-0002-9242-565X"", ""author_position"": ""middle"", ""is_corresponding"": false}, {""display_name"": ""Kai Ni"", ""id"": ""https://openalex.org/A5075633314"", ""orcid"": ""https://orcid.org/0000-0002-3628-3431"", ""author_position"": ""middle"", ""is_corresponding"": false}, {""display_name"": ""Gengchiau Liang"", ""id"": ""https://openalex.org/A5000688694"", ""orcid"": ""https://orcid.org/0000-0002-9354-6509"", ""author_position"": ""middle"", ""is_corresponding"": false}, {""display_name"": ""Xiao Gong"", ""id"": ""https://openalex.org/A5112752921"", ""orcid"": null, ""author_position"": ""last"", ""is_corresponding"": false}]"
10.3390/mi16050517,Multidisciplinary Digital Publishing Institute,https://www.mdpi.com/2072-666X/16/5/517/pdf?version=1745828611,True,Photonic–Electronic Modulated a-IGZO Synaptic Transistor with High Linearity Conductance Modulation and Energy-Efficient Multimodal Learning,4,2025,2025-04-28,https://openalex.org/W4409922738,a-igzo,2025,91,openalex_title_and_abstract_cited_by_count_desc,none,0.0,False,False,False,journal,https://openalex.org/W4409922738,https://openalex.org/W4409922738,10.3390/mi16050517,Micromachines,https://openalex.org/S96702057,journal,2072-666X,"[""2072-666X""]",article,0.91261628,4,Ziye Hou,Ziye Hou; Jinrong Shen; Yiming Zhong; Dongping Wu,"[{""display_name"": ""Ziye Hou"", ""id"": ""https://openalex.org/A5043580403"", ""orcid"": ""https://orcid.org/0009-0004-2384-3526"", ""author_position"": ""first"", ""is_corresponding"": false}, {""display_name"": ""Jinrong Shen"", ""id"": ""https://openalex.org/A5011001641"", ""orcid"": ""https://orcid.org/0000-0001-8195-8525"", ""author_position"": ""middle"", ""is_corresponding"": false}, {""display_name"": ""Yiming Zhong"", ""id"": ""https://openalex.org/A5060981631"", ""orcid"": ""https://orcid.org/0000-0002-8452-0833"", ""author_position"": ""middle"", ""is_corresponding"": false}, {""display_name"": ""Dongping Wu"", ""id"": ""https://openalex.org/A5112122493"", ""orcid"": ""https://orcid.org/0009-0006-9873-0846"", ""author_position"": ""last"", ""is_corresponding"": true}]"
10.1002/adfm.202503755,Wiley,,False,"Amorphous IGZO Thin‐film Transistors: Materials, Device Structures, Fabrications, and Application Explorations",3,2025,2025-10-01,https://openalex.org/W4414781154,a-igzo,2025,92,openalex_title_and_abstract_cited_by_count_desc,none,0.0,False,False,False,journal,https://openalex.org/W4414781154,https://openalex.org/W4414781154,10.1002/adfm.202503755,Advanced Functional Materials,https://openalex.org/S135204980,journal,1616-301X,"[""1616-301X"", ""1616-3028""]",article,0.89966656,7,Bin Bao,Bin Bao; Jingying Xie; Tianyu Xia; Jialong Liu; Bo He; Gang He; Shouguo Wang,"[{""display_name"": ""Bin Bao"", ""id"": ""https://openalex.org/A5009579967"", ""orcid"": ""https://orcid.org/0000-0001-8970-3658"", ""author_position"": ""first"", ""is_corresponding"": true}, {""display_name"": ""Jingying Xie"", ""id"": ""https://openalex.org/A5100337730"", ""orcid"": ""https://orcid.org/0000-0002-3877-8745"", ""author_position"": ""middle"", ""is_corresponding"": false}, {""display_name"": ""Tianyu Xia"", ""id"": ""https://openalex.org/A5076719085"", ""orcid"": ""https://orcid.org/0000-0002-8438-8529"", ""author_position"": ""middle"", ""is_corresponding"": false}, {""display_name"": ""Jialong Liu"", ""id"": ""https://openalex.org/A5103094895"", ""orcid"": ""https://orcid.org/0000-0002-6072-1606"", ""author_position"": ""middle"", ""is_corresponding"": false}, {""display_name"": ""Bo He"", ""id"": ""https://openalex.org/A5102993453"", ""orcid"": ""https://orcid.org/0000-0003-3888-6102"", ""author_position"": ""middle"", ""is_corresponding"": false}, {""display_name"": ""Gang He"", ""id"": ""https://openalex.org/A5086561744"", ""orcid"": ""https://orcid.org/0000-0003-4711-0568"", ""author_position"": ""middle"", ""is_corresponding"": true}, {""display_name"": ""Shouguo Wang"", ""id"": ""https://openalex.org/A5108890047"", ""orcid"": ""https://orcid.org/0000-0001-6130-7071"", ""author_position"": ""last"", ""is_corresponding"": true}]"
10.1002/adfm.202512407,Wiley,https://onlinelibrary.wiley.com/doi/pdfdirect/10.1002/adfm.202512407,True,Gaussian‐Sigmoid Reinforcement Transistors: Resolving Exploration‐Exploitation Trade‐Off Through Gate Voltage‐Controlled Activation Functions,3,2025,2025-07-09,https://openalex.org/W4412120754,a-igzo,2025,93,openalex_title_and_abstract_cited_by_count_desc,none,0.0,False,False,False,journal,https://openalex.org/W4412120754,https://openalex.org/W4412120754,10.1002/adfm.202512407,Advanced Functional Materials,https://openalex.org/S135204980,journal,1616-301X,"[""1616-301X"", ""1616-3028""]",article,0.89249791,8,Jisoo Park,Jisoo Park; Juhyung Seo; Ryun‐Han Koo; Dinithi Jayasuriya; Nethmi Jayasinghe; Wonjun Shin; Amit Ranjan Trivedi; Hocheon Yoo,"[{""display_name"": ""Jisoo Park"", ""id"": ""https://openalex.org/A5100779614"", ""orcid"": ""https://orcid.org/0000-0002-3865-083X"", ""author_position"": ""first"", ""is_corresponding"": false}, {""display_name"": ""Juhyung Seo"", ""id"": ""https://openalex.org/A5078617280"", ""orcid"": ""https://orcid.org/0000-0003-4396-9439"", ""author_position"": ""middle"", ""is_corresponding"": false}, {""display_name"": ""Ryun‐Han Koo"", ""id"": ""https://openalex.org/A5022532402"", ""orcid"": ""https://orcid.org/0000-0002-5708-3308"", ""author_position"": ""middle"", ""is_corresponding"": false}, {""display_name"": ""Dinithi Jayasuriya"", ""id"": ""https://openalex.org/A5013620938"", ""orcid"": ""https://orcid.org/0009-0007-9229-3590"", ""author_position"": ""middle"", ""is_corresponding"": false}, {""display_name"": ""Nethmi Jayasinghe"", ""id"": ""https://openalex.org/A5106243812"", ""orcid"": null, ""author_position"": ""middle"", ""is_corresponding"": false}, {""display_name"": ""Wonjun Shin"", ""id"": ""https://openalex.org/A5003829010"", ""orcid"": ""https://orcid.org/0000-0001-9122-2458"", ""author_position"": ""middle"", ""is_corresponding"": true}, {""display_name"": ""Amit Ranjan Trivedi"", ""id"": ""https://openalex.org/A5028132107"", ""orcid"": ""https://orcid.org/0000-0001-5436-7922"", ""author_position"": ""middle"", ""is_corresponding"": true}, {""display_name"": ""Hocheon Yoo"", ""id"": ""https://openalex.org/A5088643953"", ""orcid"": ""https://orcid.org/0000-0003-0772-3327"", ""author_position"": ""last"", ""is_corresponding"": true}]"
10.1002/aelm.202500137,Wiley,https://onlinelibrary.wiley.com/doi/pdfdirect/10.1002/aelm.202500137,True,Ultra‐High Mobility Atomically‐Ordered InGaZnO Transistors Through Atomic Layer Deposition,3,2025,2025-07-13,https://openalex.org/W4412380535,a-igzo,2025,94,openalex_title_and_abstract_cited_by_count_desc,none,0.0,False,False,False,journal,https://openalex.org/W4412380535,https://openalex.org/W4412380535,10.1002/aelm.202500137,Advanced Electronic Materials,https://openalex.org/S2765003236,journal,2199-160X,"[""2199-160X""]",article,0.89319282,6,Yoon‐Seo Kim,Yoon‐Seo Kim; Hyeon Woo Kim; Taewon Hwang; Jinho Ahn; Sung Beom Cho; Jin‐Seong Park,"[{""display_name"": ""Yoon‐Seo Kim"", ""id"": ""https://openalex.org/A5070397885"", ""orcid"": null, ""author_position"": ""first"", ""is_corresponding"": false}, {""display_name"": ""Hyeon Woo Kim"", ""id"": ""https://openalex.org/A5101733210"", ""orcid"": ""https://orcid.org/0000-0003-0010-9551"", ""author_position"": ""middle"", ""is_corresponding"": false}, {""display_name"": ""Taewon Hwang"", ""id"": ""https://openalex.org/A5103221398"", ""orcid"": ""https://orcid.org/0000-0001-8533-4998"", ""author_position"": ""middle"", ""is_corresponding"": false}, {""display_name"": ""Jinho Ahn"", ""id"": ""https://openalex.org/A5110051575"", ""orcid"": null, ""author_position"": ""middle"", ""is_corresponding"": false}, {""display_name"": ""Sung Beom Cho"", ""id"": ""https://openalex.org/A5069861371"", ""orcid"": ""https://orcid.org/0000-0002-3151-0113"", ""author_position"": ""middle"", ""is_corresponding"": true}, {""display_name"": ""Jin‐Seong Park"", ""id"": ""https://openalex.org/A5071947816"", ""orcid"": ""https://orcid.org/0000-0002-9070-5666"", ""author_position"": ""last"", ""is_corresponding"": true}]"
10.1002/pssa.202400894,Wiley,,False,Highly Robust Spray‐Pyrolyzed Al<sub>2</sub>O<sub>3</sub> Gate Insulator for Flexible a‐IGZO Thin‐Film Transistors for Low‐Power Displays,3,2025,2025-01-10,https://openalex.org/W4406255092,a-igzo,2025,95,openalex_title_and_abstract_cited_by_count_desc,none,0.0,False,False,False,journal,https://openalex.org/W4406255092,https://openalex.org/W4406255092,10.1002/pssa.202400894,physica status solidi (a),https://openalex.org/S7159504,journal,1862-6300,"[""1862-6300"", ""1862-6319""]",article,0.85922751,4,Kiwan Ahn,Kiwan Ahn; Md Mobaidul Islam; Yeoungjin Chang; Jin Jang,"[{""display_name"": ""Kiwan Ahn"", ""id"": ""https://openalex.org/A5056410050"", ""orcid"": null, ""author_position"": ""first"", ""is_corresponding"": false}, {""display_name"": ""Md Mobaidul Islam"", ""id"": ""https://openalex.org/A5025227279"", ""orcid"": ""https://orcid.org/0000-0002-0691-575X"", ""author_position"": ""middle"", ""is_corresponding"": false}, {""display_name"": ""Yeoungjin Chang"", ""id"": ""https://openalex.org/A5103845067"", ""orcid"": null, ""author_position"": ""middle"", ""is_corresponding"": false}, {""display_name"": ""Jin Jang"", ""id"": ""https://openalex.org/A5046235309"", ""orcid"": ""https://orcid.org/0000-0002-7572-5669"", ""author_position"": ""last"", ""is_corresponding"": true}]"
10.1002/smll.202504908,Wiley,,False,Wafer‐Scale High Mobility 2D Tellurium Thin‐Film Transistor for Heterogeneous Integrated 3D‐CFET Logic Circuits,3,2025,2025-07-09,https://openalex.org/W4412122603,a-igzo,2025,96,openalex_title_and_abstract_cited_by_count_desc,none,0.0,False,False,False,journal,https://openalex.org/W4412122603,https://openalex.org/W4412122603,10.1002/smll.202504908,Small,https://openalex.org/S94619837,journal,1613-6810,"[""1613-6810"", ""1613-6829""]",article,0.88776327,5,Yalun Tang,Yalun Tang; Yilong Song; Longhui Zeng; Yu‐Hwa Lo; Kenji Nomura,"[{""display_name"": ""Yalun Tang"", ""id"": ""https://openalex.org/A5031810590"", ""orcid"": ""https://orcid.org/0000-0002-2207-1948"", ""author_position"": ""first"", ""is_corresponding"": false}, {""display_name"": ""Yilong Song"", ""id"": ""https://openalex.org/A5016376040"", ""orcid"": ""https://orcid.org/0000-0002-9479-4280"", ""author_position"": ""middle"", ""is_corresponding"": false}, {""display_name"": ""Longhui Zeng"", ""id"": ""https://openalex.org/A5024848327"", ""orcid"": ""https://orcid.org/0000-0003-2742-4711"", ""author_position"": ""middle"", ""is_corresponding"": false}, {""display_name"": ""Yu‐Hwa Lo"", ""id"": ""https://openalex.org/A5072610567"", ""orcid"": ""https://orcid.org/0000-0003-4602-1627"", ""author_position"": ""middle"", ""is_corresponding"": false}, {""display_name"": ""Kenji Nomura"", ""id"": ""https://openalex.org/A5015082666"", ""orcid"": ""https://orcid.org/0000-0002-2786-6563"", ""author_position"": ""last"", ""is_corresponding"": true}]"
10.1007/s00339-025-08424-y,Springer Science+Business Media,,False,Numerical simulations of the efficiency of BiFeO3 perovskite solar cells,3,2025,2025-03-31,https://openalex.org/W4409049792,a-igzo,2025,97,openalex_title_and_abstract_cited_by_count_desc,none,0.0,False,False,False,journal,https://openalex.org/W4409049792,https://openalex.org/W4409049792,10.1007/s00339-025-08424-y,Applied Physics A,https://openalex.org/S52123058,journal,0947-8396,"[""0947-8396"", ""1432-0630""]",article,0.87967941,4,S. Reema Sagitha,S. Reema Sagitha; V. Aravindan; M. Mahendran; Manish Kumar,"[{""display_name"": ""S. Reema Sagitha"", ""id"": ""https://openalex.org/A5116867954"", ""orcid"": null, ""author_position"": ""first"", ""is_corresponding"": true}, {""display_name"": ""V. Aravindan"", ""id"": ""https://openalex.org/A5021429507"", ""orcid"": ""https://orcid.org/0000-0003-2935-8316"", ""author_position"": ""middle"", ""is_corresponding"": false}, {""display_name"": ""M. Mahendran"", ""id"": ""https://openalex.org/A5103210215"", ""orcid"": ""https://orcid.org/0000-0001-9731-3713"", ""author_position"": ""middle"", ""is_corresponding"": false}, {""display_name"": ""Manish Kumar"", ""id"": ""https://openalex.org/A5037861643"", ""orcid"": ""https://orcid.org/0000-0003-1213-4025"", ""author_position"": ""last"", ""is_corresponding"": false}]"
10.1007/s11432-024-4078-1,Springer Nature,,False,A monolithic 3D IGZO-RRAM-SRAM-integrated architecture for robust and efficient compute-in-memory enabling equivalent-ideal device metrics,3,2025,2025-01-15,https://openalex.org/W4406556895,a-igzo,2025,98,openalex_title_and_abstract_cited_by_count_desc,none,0.0,False,False,False,journal,https://openalex.org/W4406556895,https://openalex.org/W4406556895,10.1007/s11432-024-4078-1,Science China Information Sciences,https://openalex.org/S4210218743,journal,1674-733X,"[""1674-733X"", ""1869-1919""]",article,0.86945449,18,Shengzhe Yan,Shengzhe Yan; Zhaori Cong; Zi Wang; Zhuoyu Dai; Zeyu Guo; Zhihang Qian; Xufan Li; Zheng Xu; Chuanke Chen; Nianduan Lu; Chunmeng Dou; Guanhua Yang; Xiaoxin Xu; Di Geng; Jinshan Yue; Lingfei Wang; Ling Li; Ming Liu,"[{""display_name"": ""Shengzhe Yan"", ""id"": ""https://openalex.org/A5085624915"", ""orcid"": ""https://orcid.org/0000-0002-0649-3032"", ""author_position"": ""first"", ""is_corresponding"": true}, {""display_name"": ""Zhaori Cong"", ""id"": ""https://openalex.org/A5052756155"", ""orcid"": ""https://orcid.org/0009-0000-4713-3650"", ""author_position"": ""middle"", ""is_corresponding"": false}, {""display_name"": ""Zi Wang"", ""id"": ""https://openalex.org/A5100338340"", ""orcid"": ""https://orcid.org/0000-0003-1652-7934"", ""author_position"": ""middle"", ""is_corresponding"": false}, {""display_name"": ""Zhuoyu Dai"", ""id"": ""https://openalex.org/A5087160548"", ""orcid"": ""https://orcid.org/0009-0008-6777-9051"", ""author_position"": ""middle"", ""is_corresponding"": false}, {""display_name"": ""Zeyu Guo"", ""id"": ""https://openalex.org/A5114585443"", ""orcid"": ""https://orcid.org/0000-0002-9662-4226"", ""author_position"": ""middle"", ""is_corresponding"": false}, {""display_name"": ""Zhihang Qian"", ""id"": ""https://openalex.org/A5112925527"", ""orcid"": null, ""author_position"": ""middle"", ""is_corresponding"": false}, {""display_name"": ""Xufan Li"", ""id"": ""https://openalex.org/A5101925428"", ""orcid"": ""https://orcid.org/0009-0003-5197-1974"", ""author_position"": ""middle"", ""is_corresponding"": false}, {""display_name"": ""Zheng Xu"", ""id"": ""https://openalex.org/A5100413782"", ""orcid"": ""https://orcid.org/0000-0003-0648-0327"", ""author_position"": ""middle"", ""is_corresponding"": false}, {""display_name"": ""Chuanke Chen"", ""id"": ""https://openalex.org/A5062868417"", ""orcid"": ""https://orcid.org/0009-0001-0477-2927"", ""author_position"": ""middle"", ""is_corresponding"": false}, {""display_name"": ""Nianduan Lu"", ""id"": ""https://openalex.org/A5102840011"", ""orcid"": ""https://orcid.org/0000-0001-8415-7627"", ""author_position"": ""middle"", ""is_corresponding"": false}, {""display_name"": ""Chunmeng Dou"", ""id"": ""https://openalex.org/A5063861198"", ""orcid"": ""https://orcid.org/0000-0003-2192-9655"", ""author_position"": ""middle"", ""is_corresponding"": false}, {""display_name"": ""Guanhua Yang"", ""id"": ""https://openalex.org/A5083546723"", ""orcid"": ""https://orcid.org/0000-0003-4694-7040"", ""author_position"": ""middle"", ""is_corresponding"": false}, {""display_name"": ""Xiaoxin Xu"", ""id"": ""https://openalex.org/A5101997099"", ""orcid"": ""https://orcid.org/0000-0002-1174-8706"", ""author_position"": ""middle"", ""is_corresponding"": false}, {""display_name"": ""Di Geng"", ""id"": ""https://openalex.org/A5077056646"", ""orcid"": ""https://orcid.org/0000-0002-5653-6811"", ""author_position"": ""middle"", ""is_corresponding"": false}, {""display_name"": ""Jinshan Yue"", ""id"": ""https://openalex.org/A5053627404"", ""orcid"": ""https://orcid.org/0000-0001-8234-7400"", ""author_position"": ""middle"", ""is_corresponding"": false}, {""display_name"": ""Lingfei Wang"", ""id"": ""https://openalex.org/A5108784439"", ""orcid"": null, ""author_position"": ""middle"", ""is_corresponding"": false}, {""display_name"": ""Ling Li"", ""id"": ""https://openalex.org/A5100435353"", ""orcid"": ""https://orcid.org/0000-0002-7622-8752"", ""author_position"": ""middle"", ""is_corresponding"": false}, {""display_name"": ""Ming Liu"", ""id"": ""https://openalex.org/A5100642558"", ""orcid"": ""https://orcid.org/0000-0001-9849-1845"", ""author_position"": ""last"", ""is_corresponding"": false}]"
10.1007/s11432-024-4429-7,Springer Nature,,False,Enhanced memory window and reliability of α-IGZO FeFET enabled by atomic-layer-deposited HfO2 interfacial layer,3,2025,2025-05-15,https://openalex.org/W4410443615,a-igzo,2025,99,openalex_title_and_abstract_cited_by_count_desc,none,0.0,False,False,False,journal,https://openalex.org/W4410443615,https://openalex.org/W4410443615,10.1007/s11432-024-4429-7,Science China Information Sciences,https://openalex.org/S4210218743,journal,1674-733X,"[""1674-733X"", ""1869-1919""]",article,0.88619521,12,Yinchi Liu,Yinchi Liu; Xun Lu; Shiyu Li; Hao Zhang; Jining Yang; Yeye Guo; Д. А. Голосов; Chenjie Gu; Hong-Liang Lü; Zhigang Ji; Shijin Ding; Wen-Jun Liu,"[{""display_name"": ""Yinchi Liu"", ""id"": ""https://openalex.org/A5004704480"", ""orcid"": ""https://orcid.org/0009-0007-8361-2879"", ""author_position"": ""first"", ""is_corresponding"": true}, {""display_name"": ""Xun Lu"", ""id"": ""https://openalex.org/A5100898230"", ""orcid"": ""https://orcid.org/0009-0008-4873-8625"", ""author_position"": ""middle"", ""is_corresponding"": false}, {""display_name"": ""Shiyu Li"", ""id"": ""https://openalex.org/A5115580411"", ""orcid"": ""https://orcid.org/0000-0003-2235-7601"", ""author_position"": ""middle"", ""is_corresponding"": false}, {""display_name"": ""Hao Zhang"", ""id"": ""https://openalex.org/A5100396965"", ""orcid"": ""https://orcid.org/0000-0002-8201-3272"", ""author_position"": ""middle"", ""is_corresponding"": false}, {""display_name"": ""Jining Yang"", ""id"": ""https://openalex.org/A5101257124"", ""orcid"": null, ""author_position"": ""middle"", ""is_corresponding"": false}, {""display_name"": ""Yeye Guo"", ""id"": ""https://openalex.org/A5101114721"", ""orcid"": null, ""author_position"": ""middle"", ""is_corresponding"": false}, {""display_name"": ""Д. А. Голосов"", ""id"": ""https://openalex.org/A5062175295"", ""orcid"": ""https://orcid.org/0000-0002-1482-4620"", ""author_position"": ""middle"", ""is_corresponding"": false}, {""display_name"": ""Chenjie Gu"", ""id"": ""https://openalex.org/A5088326953"", ""orcid"": ""https://orcid.org/0000-0002-1339-4534"", ""author_position"": ""middle"", ""is_corresponding"": false}, {""display_name"": ""Hong-Liang Lü"", ""id"": ""https://openalex.org/A5004151688"", ""orcid"": ""https://orcid.org/0000-0001-6839-610X"", ""author_position"": ""middle"", ""is_corresponding"": false}, {""display_name"": ""Zhigang Ji"", ""id"": ""https://openalex.org/A5058083493"", ""orcid"": ""https://orcid.org/0000-0003-1138-804X"", ""author_position"": ""middle"", ""is_corresponding"": false}, {""display_name"": ""Shijin Ding"", ""id"": ""https://openalex.org/A5031360796"", ""orcid"": ""https://orcid.org/0000-0001-7556-161X"", ""author_position"": ""middle"", ""is_corresponding"": false}, {""display_name"": ""Wen-Jun Liu"", ""id"": ""https://openalex.org/A5100380194"", ""orcid"": ""https://orcid.org/0000-0003-4217-8838"", ""author_position"": ""last"", ""is_corresponding"": false}]"
10.1007/s13369-025-10517-y,Springer Science+Business Media,,False,Performance Optimization of an Inorganic Lead-Free CsGeI3 Based Perovskite Solar Cells by SCAPS-1D Simulation,3,2025,2025-08-18,https://openalex.org/W4413285920,a-igzo,2025,100,openalex_title_and_abstract_cited_by_count_desc,none,0.0,False,False,False,journal,https://openalex.org/W4413285920,https://openalex.org/W4413285920,10.1007/s13369-025-10517-y,Arabian Journal for Science and Engineering,https://openalex.org/S4210185304,journal,2191-4281,"[""2191-4281"", ""2193-567X""]",article,0.89658456,2,Salah Eddine Boussaada,Salah Eddine Boussaada; Younes Mouchaal,"[{""display_name"": ""Salah Eddine Boussaada"", ""id"": ""https://openalex.org/A5095916261"", ""orcid"": ""https://orcid.org/0009-0006-2540-3326"", ""author_position"": ""first"", ""is_corresponding"": true}, {""display_name"": ""Younes Mouchaal"", ""id"": ""https://openalex.org/A5029227689"", ""orcid"": null, ""author_position"": ""last"", ""is_corresponding"": false}]"
10.1007/s42341-025-00655-3,Springer Science+Business Media,,False,Enhancing Threshold Voltage Stability in Low-Temperature Processed IGZO TFTs,3,2025,2025-08-02,https://openalex.org/W4412853492,a-igzo,2025,101,openalex_title_and_abstract_cited_by_count_desc,none,0.0,False,False,False,journal,https://openalex.org/W4412853492,https://openalex.org/W4412853492,10.1007/s42341-025-00655-3,Transactions on Electrical and Electronic Materials,https://openalex.org/S35423755,journal,1229-7607,"[""1229-7607"", ""2092-7592""]",article,0.89503208,4,Gahong Lee,Gahong Lee; Yunhui Jang; Yeojin Jeong; Junsin Yi,"[{""display_name"": ""Gahong Lee"", ""id"": ""https://openalex.org/A5041696668"", ""orcid"": ""https://orcid.org/0000-0001-7281-3092"", ""author_position"": ""first"", ""is_corresponding"": false}, {""display_name"": ""Yunhui Jang"", ""id"": ""https://openalex.org/A5109726167"", ""orcid"": null, ""author_position"": ""middle"", ""is_corresponding"": false}, {""display_name"": ""Yeojin Jeong"", ""id"": ""https://openalex.org/A5113190030"", ""orcid"": null, ""author_position"": ""middle"", ""is_corresponding"": false}, {""display_name"": ""Junsin Yi"", ""id"": ""https://openalex.org/A5026986287"", ""orcid"": ""https://orcid.org/0000-0002-6196-0035"", ""author_position"": ""last"", ""is_corresponding"": true}]"
10.1016/j.apsadv.2025.100827,Elsevier BV,,True,Mitigating electrical degradation in ultra-thin IGZO TFTs through contact engineering with Al2O3 interlayer,3,2025,2025-08-25,https://openalex.org/W4413514443,a-igzo,2025,102,openalex_title_and_abstract_cited_by_count_desc,none,0.0,False,False,False,journal,https://openalex.org/W4413514443,https://openalex.org/W4413514443,10.1016/j.apsadv.2025.100827,Applied Surface Science Advances,https://openalex.org/S4210213426,journal,2666-5239,"[""2666-5239""]",article,0.89586911,4,Jinkyu Lee,Jinkyu Lee; Sung‐Soo Bae; Seungyoon Shin; Soo‐Yeon Lee,"[{""display_name"": ""Jinkyu Lee"", ""id"": ""https://openalex.org/A5046146264"", ""orcid"": ""https://orcid.org/0000-0002-2332-1996"", ""author_position"": ""first"", ""is_corresponding"": false}, {""display_name"": ""Sung‐Soo Bae"", ""id"": ""https://openalex.org/A5111548239"", ""orcid"": null, ""author_position"": ""middle"", ""is_corresponding"": false}, {""display_name"": ""Seungyoon Shin"", ""id"": ""https://openalex.org/A5048428793"", ""orcid"": ""https://orcid.org/0009-0002-2104-1381"", ""author_position"": ""middle"", ""is_corresponding"": false}, {""display_name"": ""Soo‐Yeon Lee"", ""id"": ""https://openalex.org/A5100626495"", ""orcid"": ""https://orcid.org/0000-0002-9822-2570"", ""author_position"": ""last"", ""is_corresponding"": true}]"
10.1016/j.bios.2025.117291,Elsevier BV,,True,"Paper-based degradable, label-free microRNA sensing platform based on oxide thin-film transistor arrays",3,2025,2025-02-21,https://openalex.org/W4407776437,a-igzo,2025,103,openalex_title_and_abstract_cited_by_count_desc,none,0.0,False,False,False,journal,https://openalex.org/W4407776437,https://openalex.org/W4407776437,10.1016/j.bios.2025.117291,Biosensors and Bioelectronics,https://openalex.org/S156181945,journal,0956-5663,"[""0956-5663"", ""1873-4235""]",article,0.8680067,9,Xuemei Yin,Xuemei Yin; Qindong Guo; Xingqi Ji; Xiaoqian Li; Hao Xue; Qian Xin; Jiawei Zhang; Zhuocheng Yan; Aimin Song,"[{""display_name"": ""Xuemei Yin"", ""id"": ""https://openalex.org/A5100730021"", ""orcid"": ""https://orcid.org/0000-0001-9439-6058"", ""author_position"": ""first"", ""is_corresponding"": false}, {""display_name"": ""Qindong Guo"", ""id"": ""https://openalex.org/A5003491722"", ""orcid"": null, ""author_position"": ""middle"", ""is_corresponding"": false}, {""display_name"": ""Xingqi Ji"", ""id"": ""https://openalex.org/A5049685527"", ""orcid"": null, ""author_position"": ""middle"", ""is_corresponding"": false}, {""display_name"": ""Xiaoqian Li"", ""id"": ""https://openalex.org/A5100643632"", ""orcid"": ""https://orcid.org/0000-0002-6186-9100"", ""author_position"": ""middle"", ""is_corresponding"": false}, {""display_name"": ""Hao Xue"", ""id"": ""https://openalex.org/A5100337742"", ""orcid"": ""https://orcid.org/0000-0001-6583-993X"", ""author_position"": ""middle"", ""is_corresponding"": false}, {""display_name"": ""Qian Xin"", ""id"": ""https://openalex.org/A5070573117"", ""orcid"": ""https://orcid.org/0000-0003-4605-5894"", ""author_position"": ""middle"", ""is_corresponding"": false}, {""display_name"": ""Jiawei Zhang"", ""id"": ""https://openalex.org/A5064468360"", ""orcid"": ""https://orcid.org/0000-0002-1624-9535"", ""author_position"": ""middle"", ""is_corresponding"": false}, {""display_name"": ""Zhuocheng Yan"", ""id"": ""https://openalex.org/A5051472707"", ""orcid"": ""https://orcid.org/0000-0001-8123-7357"", ""author_position"": ""middle"", ""is_corresponding"": true}, {""display_name"": ""Aimin Song"", ""id"": ""https://openalex.org/A5047271751"", ""orcid"": ""https://orcid.org/0000-0001-6550-518X"", ""author_position"": ""last"", ""is_corresponding"": true}]"
10.1016/j.ceramint.2025.01.458,Elsevier BV,,False,"Synthesis, phase-formation, IR and terahertz spectroscopy of bulk-InGaZnO4 obtained by metal-nitrate-glycol gel decomposition method",3,2025,2025-01-27,https://openalex.org/W4406853074,a-igzo,2025,104,openalex_title_and_abstract_cited_by_count_desc,none,0.0,False,False,False,journal,https://openalex.org/W4406853074,https://openalex.org/W4406853074,10.1016/j.ceramint.2025.01.458,Ceramics International,https://openalex.org/S106928643,journal,0272-8842,"[""0272-8842"", ""1873-3956""]",article,0.87054811,13,G. M. Zirnik,G. M. Zirnik; E. S. Zhukova; I.A. Solizoda; B. P. Gorshunov; Kirill V. Zhivetev; Andrii V. Terentiev; A.S. Chernukha; G. M. Boleiko; Д.А. Учаев; E. S. Anannikov; N.A. Cherkasova; S.A. Gudkova; Д.А. Винник,"[{""display_name"": ""G. M. Zirnik"", ""id"": ""https://openalex.org/A5038082886"", ""orcid"": ""https://orcid.org/0009-0008-4546-1368"", ""author_position"": ""first"", ""is_corresponding"": true}, {""display_name"": ""E. S. Zhukova"", ""id"": ""https://openalex.org/A5017022336"", ""orcid"": ""https://orcid.org/0000-0002-5482-9477"", ""author_position"": ""middle"", ""is_corresponding"": false}, {""display_name"": ""I.A. Solizoda"", ""id"": ""https://openalex.org/A5022616602"", ""orcid"": null, ""author_position"": ""middle"", ""is_corresponding"": false}, {""display_name"": ""B. P. Gorshunov"", ""id"": ""https://openalex.org/A5103045560"", ""orcid"": null, ""author_position"": ""middle"", ""is_corresponding"": false}, {""display_name"": ""Kirill V. Zhivetev"", ""id"": ""https://openalex.org/A5093688760"", ""orcid"": null, ""author_position"": ""middle"", ""is_corresponding"": false}, {""display_name"": ""Andrii V. Terentiev"", ""id"": ""https://openalex.org/A5111131108"", ""orcid"": null, ""author_position"": ""middle"", ""is_corresponding"": false}, {""display_name"": ""A.S. Chernukha"", ""id"": ""https://openalex.org/A5063435475"", ""orcid"": ""https://orcid.org/0000-0002-1272-1628"", ""author_position"": ""middle"", ""is_corresponding"": false}, {""display_name"": ""G. M. Boleiko"", ""id"": ""https://openalex.org/A5073327763"", ""orcid"": null, ""author_position"": ""middle"", ""is_corresponding"": false}, {""display_name"": ""Д.А. Учаев"", ""id"": ""https://openalex.org/A5059705184"", ""orcid"": ""https://orcid.org/0000-0002-8623-4769"", ""author_position"": ""middle"", ""is_corresponding"": false}, {""display_name"": ""E. S. Anannikov"", ""id"": ""https://openalex.org/A5115847568"", ""orcid"": null, ""author_position"": ""middle"", ""is_corresponding"": false}, {""display_name"": ""N.A. Cherkasova"", ""id"": ""https://openalex.org/A5076946048"", ""orcid"": ""https://orcid.org/0009-0009-6437-4320"", ""author_position"": ""middle"", ""is_corresponding"": false}, {""display_name"": ""S.A. Gudkova"", ""id"": ""https://openalex.org/A5006042659"", ""orcid"": ""https://orcid.org/0000-0002-3028-947X"", ""author_position"": ""middle"", ""is_corresponding"": false}, {""display_name"": ""Д.А. Винник"", ""id"": ""https://openalex.org/A5007324974"", ""orcid"": ""https://orcid.org/0000-0002-5190-9834"", ""author_position"": ""last"", ""is_corresponding"": false}]"
10.1016/j.inoche.2025.115291,Elsevier BV,,False,Enhancing the efficiency of lead-free perovskite solar cells: The contribution of WS2 and CBTS to improving Cs2AgBiBr6 performance,3,2025,2025-08-11,https://openalex.org/W4413149978,a-igzo,2025,105,openalex_title_and_abstract_cited_by_count_desc,none,0.0,False,False,False,journal,https://openalex.org/W4413149978,https://openalex.org/W4413149978,10.1016/j.inoche.2025.115291,Inorganic Chemistry Communications,https://openalex.org/S166634186,journal,1387-7003,"[""1387-7003"", ""1879-0259""]",article,0.89619453,6,Md. Shamim Reza,Md. Shamim Reza; Avijit Ghosh; Saeed Hasan Nabil; Aboud Ahmed Awadh Bahajjaj; Hala A. Ibrahium; Islam Uddin Shipu,"[{""display_name"": ""Md. Shamim Reza"", ""id"": ""https://openalex.org/A5012221370"", ""orcid"": ""https://orcid.org/0000-0002-1560-3846"", ""author_position"": ""first"", ""is_corresponding"": false}, {""display_name"": ""Avijit Ghosh"", ""id"": ""https://openalex.org/A5009665162"", ""orcid"": ""https://orcid.org/0009-0000-8044-7686"", ""author_position"": ""middle"", ""is_corresponding"": true}, {""display_name"": ""Saeed Hasan Nabil"", ""id"": ""https://openalex.org/A5117545754"", ""orcid"": null, ""author_position"": ""middle"", ""is_corresponding"": false}, {""display_name"": ""Aboud Ahmed Awadh Bahajjaj"", ""id"": ""https://openalex.org/A5050276448"", ""orcid"": ""https://orcid.org/0000-0003-0134-9039"", ""author_position"": ""middle"", ""is_corresponding"": false}, {""display_name"": ""Hala A. Ibrahium"", ""id"": ""https://openalex.org/A5061201872"", ""orcid"": null, ""author_position"": ""middle"", ""is_corresponding"": false}, {""display_name"": ""Islam Uddin Shipu"", ""id"": ""https://openalex.org/A5096365292"", ""orcid"": null, ""author_position"": ""last"", ""is_corresponding"": false}]"
10.1016/j.nanoen.2025.111395,Elsevier BV,,False,Synergistic multi-wavelength optical stimulation enhances synaptic dynamics and reservoir computing performance in ferroelectric thin-film transistors,3,2025,2025-08-19,https://openalex.org/W4413324166,a-igzo,2025,106,openalex_title_and_abstract_cited_by_count_desc,none,0.0,False,False,False,journal,https://openalex.org/W4413324166,https://openalex.org/W4413324166,10.1016/j.nanoen.2025.111395,Nano Energy,https://openalex.org/S2497301991,journal,2211-2855,"[""2211-2855"", ""2211-3282""]",article,0.89679869,5,Seungjun Lee,Seungjun Lee; Hyuk‐Jae Jang; Gaoyun An; Shier Ju; Sungjun Kim,"[{""display_name"": ""Seungjun Lee"", ""id"": ""https://openalex.org/A5100334427"", ""orcid"": ""https://orcid.org/0000-0001-8197-1287"", ""author_position"": ""first"", ""is_corresponding"": false}, {""display_name"": ""Hyuk‐Jae Jang"", ""id"": ""https://openalex.org/A5101589916"", ""orcid"": ""https://orcid.org/0000-0003-2152-0702"", ""author_position"": ""middle"", ""is_corresponding"": false}, {""display_name"": ""Gaoyun An"", ""id"": ""https://openalex.org/A5054342134"", ""orcid"": ""https://orcid.org/0000-0002-2843-843X"", ""author_position"": ""middle"", ""is_corresponding"": false}, {""display_name"": ""Shier Ju"", ""id"": ""https://openalex.org/A5103366341"", ""orcid"": ""https://orcid.org/0000-0003-1977-3751"", ""author_position"": ""middle"", ""is_corresponding"": false}, {""display_name"": ""Sungjun Kim"", ""id"": ""https://openalex.org/A5100647604"", ""orcid"": ""https://orcid.org/0000-0002-9873-2474"", ""author_position"": ""last"", ""is_corresponding"": true}]"
10.1016/j.rsurfi.2025.100474,Elsevier BV,,True,Numerical investigation of PBDB-T:INTIC based bulk heterojunction organic solar cell with graphene derivatives as HTL,3,2025,2025-03-08,https://openalex.org/W4408252036,a-igzo,2025,107,openalex_title_and_abstract_cited_by_count_desc,none,0.0,False,False,False,journal,https://openalex.org/W4408252036,https://openalex.org/W4408252036,10.1016/j.rsurfi.2025.100474,Results in Surfaces and Interfaces,https://openalex.org/S4210207554,journal,2666-8459,"[""2666-8459""]",article,0.87447439,2,Denet Davis,Denet Davis; K. Sebastian Sudheer,"[{""display_name"": ""Denet Davis"", ""id"": ""https://openalex.org/A5056794502"", ""orcid"": ""https://orcid.org/0000-0001-6673-2499"", ""author_position"": ""first"", ""is_corresponding"": false}, {""display_name"": ""K. Sebastian Sudheer"", ""id"": ""https://openalex.org/A5103046036"", ""orcid"": null, ""author_position"": ""last"", ""is_corresponding"": true}]"
10.1016/j.sse.2025.109077,Elsevier BV,,False,Improvement of charge storage and retention characteristics of HfO2 Charge-Trapping layer in NVM based on InGaZnO channels,3,2025,2025-02-12,https://openalex.org/W4407397793,a-igzo,2025,108,openalex_title_and_abstract_cited_by_count_desc,none,0.0,False,False,False,journal,https://openalex.org/W4407397793,https://openalex.org/W4407397793,10.1016/j.sse.2025.109077,Solid-State Electronics,https://openalex.org/S77418581,journal,0038-1101,"[""0038-1101"", ""1879-2405""]",article,0.87267416,7,Jingwen Chen,Jingwen Chen; Fucheng Wang; Zhong Pan; Jang‐Kun Song; Yong‐Sang Kim; Muhammad Quddamah Khokhar; Junsin Yi,"[{""display_name"": ""Jingwen Chen"", ""id"": ""https://openalex.org/A5100599624"", ""orcid"": ""https://orcid.org/0000-0002-5756-3336"", ""author_position"": ""first"", ""is_corresponding"": false}, {""display_name"": ""Fucheng Wang"", ""id"": ""https://openalex.org/A5049105215"", ""orcid"": ""https://orcid.org/0000-0002-9344-2099"", ""author_position"": ""middle"", ""is_corresponding"": false}, {""display_name"": ""Zhong Pan"", ""id"": ""https://openalex.org/A5108763291"", ""orcid"": null, ""author_position"": ""middle"", ""is_corresponding"": false}, {""display_name"": ""Jang‐Kun Song"", ""id"": ""https://openalex.org/A5001359079"", ""orcid"": ""https://orcid.org/0000-0003-1666-8438"", ""author_position"": ""middle"", ""is_corresponding"": false}, {""display_name"": ""Yong‐Sang Kim"", ""id"": ""https://openalex.org/A5045293337"", ""orcid"": ""https://orcid.org/0000-0003-2986-2686"", ""author_position"": ""middle"", ""is_corresponding"": false}, {""display_name"": ""Muhammad Quddamah Khokhar"", ""id"": ""https://openalex.org/A5054715095"", ""orcid"": ""https://orcid.org/0000-0002-9466-4136"", ""author_position"": ""middle"", ""is_corresponding"": true}, {""display_name"": ""Junsin Yi"", ""id"": ""https://openalex.org/A5026986287"", ""orcid"": ""https://orcid.org/0000-0002-6196-0035"", ""author_position"": ""last"", ""is_corresponding"": true}]"
10.1016/j.surfcoat.2025.131782,Elsevier BV,,False,Evaluation of performance and reliability of TFT devices with ultra-thin HfTiO dielectric layer deposited by plasma enhanced atomic layer deposition,3,2025,2025-01-14,https://openalex.org/W4406358846,a-igzo,2025,109,openalex_title_and_abstract_cited_by_count_desc,none,0.0,False,False,False,journal,https://openalex.org/W4406358846,https://openalex.org/W4406358846,10.1016/j.surfcoat.2025.131782,Surface and Coatings Technology,https://openalex.org/S76010543,journal,0257-8972,"[""0257-8972"", ""1879-3347""]",article,0.86886562,9,Wenzhi Zhang,Wenzhi Zhang; Xiaoying Zhang; Zhi-Xuan Zhang; Yun-Shao Cho; Chien-Jung Huang; Peng Gao; L. Jiang; Yu Qiu; Shui‐Yang Lien,"[{""display_name"": ""Wenzhi Zhang"", ""id"": ""https://openalex.org/A5101546741"", ""orcid"": null, ""author_position"": ""first"", ""is_corresponding"": false}, {""display_name"": ""Xiaoying Zhang"", ""id"": ""https://openalex.org/A5100449440"", ""orcid"": ""https://orcid.org/0000-0002-8130-1889"", ""author_position"": ""middle"", ""is_corresponding"": true}, {""display_name"": ""Zhi-Xuan Zhang"", ""id"": ""https://openalex.org/A5064224524"", ""orcid"": null, ""author_position"": ""middle"", ""is_corresponding"": false}, {""display_name"": ""Yun-Shao Cho"", ""id"": ""https://openalex.org/A5006265485"", ""orcid"": ""https://orcid.org/0000-0002-5009-8216"", ""author_position"": ""middle"", ""is_corresponding"": false}, {""display_name"": ""Chien-Jung Huang"", ""id"": ""https://openalex.org/A5100830661"", ""orcid"": null, ""author_position"": ""middle"", ""is_corresponding"": false}, {""display_name"": ""Peng Gao"", ""id"": ""https://openalex.org/A5038192053"", ""orcid"": ""https://orcid.org/0000-0002-5729-2409"", ""author_position"": ""middle"", ""is_corresponding"": false}, {""display_name"": ""L. Jiang"", ""id"": ""https://openalex.org/A5071854830"", ""orcid"": ""https://orcid.org/0000-0002-0387-629X"", ""author_position"": ""middle"", ""is_corresponding"": false}, {""display_name"": ""Yu Qiu"", ""id"": ""https://openalex.org/A5013638375"", ""orcid"": ""https://orcid.org/0000-0002-1731-7317"", ""author_position"": ""middle"", ""is_corresponding"": false}, {""display_name"": ""Shui‐Yang Lien"", ""id"": ""https://openalex.org/A5083359702"", ""orcid"": ""https://orcid.org/0000-0002-3289-9538"", ""author_position"": ""last"", ""is_corresponding"": true}]"
10.1016/j.vacuum.2025.114154,Elsevier BV,,False,Suppression of defect formation in atomic-layer deposited Al2O3 thin films by addition of AlF3 cycles,3,2025,2025-02-20,https://openalex.org/W4407731282,a-igzo,2025,110,openalex_title_and_abstract_cited_by_count_desc,none,0.0,False,False,False,journal,https://openalex.org/W4407731282,https://openalex.org/W4407731282,10.1016/j.vacuum.2025.114154,Vacuum,https://openalex.org/S86481247,journal,0042-207X,"[""0042-207X"", ""1879-2715""]",article,0.87365306,4,Chang-Yun Na,Chang-Yun Na; Changjun No; Byungkwon Lim; Sungmin Cho,"[{""display_name"": ""Chang-Yun Na"", ""id"": ""https://openalex.org/A5048089414"", ""orcid"": null, ""author_position"": ""first"", ""is_corresponding"": false}, {""display_name"": ""Changjun No"", ""id"": ""https://openalex.org/A5007856147"", ""orcid"": ""https://orcid.org/0009-0002-9842-2457"", ""author_position"": ""middle"", ""is_corresponding"": false}, {""display_name"": ""Byungkwon Lim"", ""id"": ""https://openalex.org/A5088639685"", ""orcid"": null, ""author_position"": ""middle"", ""is_corresponding"": true}, {""display_name"": ""Sungmin Cho"", ""id"": ""https://openalex.org/A5101506135"", ""orcid"": ""https://orcid.org/0000-0001-5858-9725"", ""author_position"": ""last"", ""is_corresponding"": true}]"
10.1021/acsaelm.5c01023,American Chemical Society,,False,Identifying the Chemical Structure of Indium–Gallium–Zinc Oxide Thin Films with Oxygen Vacancy Variation,3,2025,2025-09-09,https://openalex.org/W4414100263,a-igzo,2025,111,openalex_title_and_abstract_cited_by_count_desc,none,0.0,False,False,False,journal,https://openalex.org/W4414100263,https://openalex.org/W4414100263,10.1021/acsaelm.5c01023,ACS Applied Electronic Materials,https://openalex.org/S4210217399,journal,2637-6113,"[""2637-6113""]",article,0.85444162,11,Jong‐Cheol Lee,Jong‐Cheol Lee; Jinheon Choi; Tackhwi Lee; Minsik Kim; S.T. Ahn; Jung-Han Lee; Sung-Ho Lee; Jihyun Kho; YunSeok Choi; Kwangmin Park; Cheol Seong Hwang,"[{""display_name"": ""Jong‐Cheol Lee"", ""id"": ""https://openalex.org/A5054737136"", ""orcid"": ""https://orcid.org/0000-0002-2892-2213"", ""author_position"": ""first"", ""is_corresponding"": false}, {""display_name"": ""Jinheon Choi"", ""id"": ""https://openalex.org/A5048962569"", ""orcid"": null, ""author_position"": ""middle"", ""is_corresponding"": false}, {""display_name"": ""Tackhwi Lee"", ""id"": ""https://openalex.org/A5061136252"", ""orcid"": null, ""author_position"": ""middle"", ""is_corresponding"": false}, {""display_name"": ""Minsik Kim"", ""id"": ""https://openalex.org/A5100629729"", ""orcid"": ""https://orcid.org/0000-0002-5159-1600"", ""author_position"": ""middle"", ""is_corresponding"": false}, {""display_name"": ""S.T. Ahn"", ""id"": ""https://openalex.org/A5025278743"", ""orcid"": null, ""author_position"": ""middle"", ""is_corresponding"": false}, {""display_name"": ""Jung-Han Lee"", ""id"": ""https://openalex.org/A5101949859"", ""orcid"": ""https://orcid.org/0000-0002-1974-8807"", ""author_position"": ""middle"", ""is_corresponding"": false}, {""display_name"": ""Sung-Ho Lee"", ""id"": ""https://openalex.org/A5100402780"", ""orcid"": ""https://orcid.org/0000-0001-9114-2319"", ""author_position"": ""middle"", ""is_corresponding"": false}, {""display_name"": ""Jihyun Kho"", ""id"": ""https://openalex.org/A5109134073"", ""orcid"": null, ""author_position"": ""middle"", ""is_corresponding"": false}, {""display_name"": ""YunSeok Choi"", ""id"": ""https://openalex.org/A5103226212"", ""orcid"": ""https://orcid.org/0000-0002-9971-1501"", ""author_position"": ""middle"", ""is_corresponding"": false}, {""display_name"": ""Kwangmin Park"", ""id"": ""https://openalex.org/A5009891522"", ""orcid"": ""https://orcid.org/0000-0002-2749-8932"", ""author_position"": ""middle"", ""is_corresponding"": false}, {""display_name"": ""Cheol Seong Hwang"", ""id"": ""https://openalex.org/A5027075775"", ""orcid"": ""https://orcid.org/0000-0002-6254-9758"", ""author_position"": ""last"", ""is_corresponding"": true}]"
10.1021/acsami.4c17007,American Chemical Society,,False,Modeling of Composition and Channel Length-Dependent Transient Characteristics in Short-Channel IGZO Field-Effect Transistors,3,2025,2025-01-16,https://openalex.org/W4406428116,a-igzo,2025,112,openalex_title_and_abstract_cited_by_count_desc,none,0.0,False,False,False,journal,https://openalex.org/W4406428116,https://openalex.org/W4406428116,10.1021/acsami.4c17007,ACS Applied Materials & Interfaces,https://openalex.org/S164001016,journal,1944-8244,"[""1944-8244"", ""1944-8252""]",article,0.86736189,14,Donguk Kim,Donguk Kim; Da‐Yeon Lee; Wonjung Kim; Ho Jung Lee; Changwook Kim; Kwanghee Lee; Moonil Jung; Jee-Eun Yang; Younjin Jang; Sungjun Kim; Sangwook Kim; Dae Hwan Kim; Dae Hwan Kim; Dae Hwan Kim,"[{""display_name"": ""Donguk Kim"", ""id"": ""https://openalex.org/A5100607695"", ""orcid"": ""https://orcid.org/0000-0003-3326-4312"", ""author_position"": ""first"", ""is_corresponding"": true}, {""display_name"": ""Da‐Yeon Lee"", ""id"": ""https://openalex.org/A5061810588"", ""orcid"": ""https://orcid.org/0000-0002-4085-0689"", ""author_position"": ""middle"", ""is_corresponding"": false}, {""display_name"": ""Wonjung Kim"", ""id"": ""https://openalex.org/A5071967503"", ""orcid"": ""https://orcid.org/0000-0002-6866-6840"", ""author_position"": ""middle"", ""is_corresponding"": false}, {""display_name"": ""Ho Jung Lee"", ""id"": ""https://openalex.org/A5103047292"", ""orcid"": null, ""author_position"": ""middle"", ""is_corresponding"": false}, {""display_name"": ""Changwook Kim"", ""id"": ""https://openalex.org/A5009152588"", ""orcid"": ""https://orcid.org/0000-0001-8992-6923"", ""author_position"": ""middle"", ""is_corresponding"": false}, {""display_name"": ""Kwanghee Lee"", ""id"": ""https://openalex.org/A5111848385"", ""orcid"": null, ""author_position"": ""middle"", ""is_corresponding"": false}, {""display_name"": ""Moonil Jung"", ""id"": ""https://openalex.org/A5046896670"", ""orcid"": null, ""author_position"": ""middle"", ""is_corresponding"": false}, {""display_name"": ""Jee-Eun Yang"", ""id"": ""https://openalex.org/A5114213920"", ""orcid"": null, ""author_position"": ""middle"", ""is_corresponding"": false}, {""display_name"": ""Younjin Jang"", ""id"": ""https://openalex.org/A5111301691"", ""orcid"": null, ""author_position"": ""middle"", ""is_corresponding"": false}, {""display_name"": ""Sungjun Kim"", ""id"": ""https://openalex.org/A5100647604"", ""orcid"": ""https://orcid.org/0000-0002-9873-2474"", ""author_position"": ""middle"", ""is_corresponding"": false}, {""display_name"": ""Sangwook Kim"", ""id"": ""https://openalex.org/A5100656156"", ""orcid"": ""https://orcid.org/0000-0003-2134-1640"", ""author_position"": ""middle"", ""is_corresponding"": true}, {""display_name"": ""Dae Hwan Kim"", ""id"": ""https://openalex.org/A5100741055"", ""orcid"": ""https://orcid.org/0000-0003-2567-4012"", ""author_position"": ""middle"", ""is_corresponding"": true}, {""display_name"": ""Dae Hwan Kim"", ""id"": null, ""orcid"": ""https://orcid.org/0000-0003-2567-4012"", ""author_position"": ""middle"", ""is_corresponding"": false}, {""display_name"": ""Dae Hwan Kim"", ""id"": null, ""orcid"": ""https://orcid.org/0000-0003-2567-4012"", ""author_position"": ""last"", ""is_corresponding"": true}]"
10.1021/acsami.4c21425,American Chemical Society,,False,Highly Stable Amorphous Metal Oxide Thin-Film Transistors for In Situ X-ray Tolerant Electronics,3,2025,2025-02-18,https://openalex.org/W4407694431,a-igzo,2025,113,openalex_title_and_abstract_cited_by_count_desc,none,0.0,False,False,False,journal,https://openalex.org/W4407694431,https://openalex.org/W4407694431,10.1021/acsami.4c21425,ACS Applied Materials & Interfaces,https://openalex.org/S164001016,journal,1944-8244,"[""1944-8244"", ""1944-8252""]",article,0.8658564,6,Dong‐Won Kang,Dong‐Won Kang; Subin Jeon; Eun Chong Ju; Jeong‐Wan Jo; Jaehyun Kim; Sung Kyu Park,"[{""display_name"": ""Dong‐Won Kang"", ""id"": ""https://openalex.org/A5079713977"", ""orcid"": ""https://orcid.org/0000-0002-4818-8108"", ""author_position"": ""first"", ""is_corresponding"": false}, {""display_name"": ""Subin Jeon"", ""id"": ""https://openalex.org/A5045182123"", ""orcid"": ""https://orcid.org/0000-0003-3653-7718"", ""author_position"": ""middle"", ""is_corresponding"": false}, {""display_name"": ""Eun Chong Ju"", ""id"": ""https://openalex.org/A5102994505"", ""orcid"": null, ""author_position"": ""middle"", ""is_corresponding"": false}, {""display_name"": ""Jeong‐Wan Jo"", ""id"": ""https://openalex.org/A5046949529"", ""orcid"": null, ""author_position"": ""middle"", ""is_corresponding"": false}, {""display_name"": ""Jaehyun Kim"", ""id"": ""https://openalex.org/A5016832965"", ""orcid"": ""https://orcid.org/0000-0002-3937-7599"", ""author_position"": ""middle"", ""is_corresponding"": true}, {""display_name"": ""Sung Kyu Park"", ""id"": ""https://openalex.org/A5060654871"", ""orcid"": ""https://orcid.org/0000-0001-9617-2541"", ""author_position"": ""last"", ""is_corresponding"": true}]"
10.1021/acsami.5c00152,American Chemical Society,,False,"Photoresponse Design in Metal Oxide Semiconductor TFTs toward Diverse Applications: Display Drivers, Photodetectors, and Optoelectronic Synapses",3,2025,2025-01-27,https://openalex.org/W4406847367,a-igzo,2025,114,openalex_title_and_abstract_cited_by_count_desc,none,0.0,False,False,False,journal,https://openalex.org/W4406847367,https://openalex.org/W4406847367,10.1021/acsami.5c00152,ACS Applied Materials & Interfaces,https://openalex.org/S164001016,journal,1944-8244,"[""1944-8244"", ""1944-8252""]",article,0.87426169,10,Hongyu Chen,Hongyu Chen; Junyan Ren; Jingting Sun; Zhipeng Chen; Zhanglong Fu; Tingting Jin; Minghang Lei; Li Qiang Zhu; Lingyan Liang; Cao Hongtao,"[{""display_name"": ""Hongyu Chen"", ""id"": ""https://openalex.org/A5115601811"", ""orcid"": ""https://orcid.org/0000-0002-3926-1959"", ""author_position"": ""first"", ""is_corresponding"": false}, {""display_name"": ""Junyan Ren"", ""id"": ""https://openalex.org/A5053028577"", ""orcid"": ""https://orcid.org/0009-0003-5149-125X"", ""author_position"": ""middle"", ""is_corresponding"": false}, {""display_name"": ""Jingting Sun"", ""id"": ""https://openalex.org/A5113914535"", ""orcid"": null, ""author_position"": ""middle"", ""is_corresponding"": false}, {""display_name"": ""Zhipeng Chen"", ""id"": ""https://openalex.org/A5100325091"", ""orcid"": ""https://orcid.org/0000-0003-2631-4596"", ""author_position"": ""middle"", ""is_corresponding"": false}, {""display_name"": ""Zhanglong Fu"", ""id"": ""https://openalex.org/A5084939520"", ""orcid"": ""https://orcid.org/0000-0002-0896-0351"", ""author_position"": ""middle"", ""is_corresponding"": false}, {""display_name"": ""Tingting Jin"", ""id"": ""https://openalex.org/A5032211278"", ""orcid"": ""https://orcid.org/0000-0003-3712-1562"", ""author_position"": ""middle"", ""is_corresponding"": false}, {""display_name"": ""Minghang Lei"", ""id"": ""https://openalex.org/A5114173758"", ""orcid"": null, ""author_position"": ""middle"", ""is_corresponding"": false}, {""display_name"": ""Li Qiang Zhu"", ""id"": ""https://openalex.org/A5110573734"", ""orcid"": ""https://orcid.org/0000-0002-8249-3421"", ""author_position"": ""middle"", ""is_corresponding"": false}, {""display_name"": ""Lingyan Liang"", ""id"": ""https://openalex.org/A5014126614"", ""orcid"": ""https://orcid.org/0000-0002-6285-6600"", ""author_position"": ""middle"", ""is_corresponding"": true}, {""display_name"": ""Cao Hongtao"", ""id"": ""https://openalex.org/A5103651269"", ""orcid"": null, ""author_position"": ""last"", ""is_corresponding"": true}]"
10.1021/acsami.5c03926,American Chemical Society,,True,Real-Time and Highly Sensitive Detection of Matrix Metalloproteinase 9 (MMP-9) in Tears Using Aptamer Functionalized Electrolyte-Gated IGZO Thin-Film Transistors,3,2025,2025-06-02,https://openalex.org/W4410968954,a-igzo,2025,115,openalex_title_and_abstract_cited_by_count_desc,none,0.0,False,False,False,journal,https://openalex.org/W4410968954,https://openalex.org/W4410968954,10.1021/acsami.5c03926,ACS Applied Materials & Interfaces,https://openalex.org/S164001016,journal,1944-8244,"[""1944-8244"", ""1944-8252""]",article,0.95971088,7,Chuljin Hwang,Chuljin Hwang; J. H. Lee; D.H. Kim; Kyung‐Sun Na; Dae Yu Kim; Dae Yu Kim; Dae Yu Kim,"[{""display_name"": ""Chuljin Hwang"", ""id"": ""https://openalex.org/A5053731939"", ""orcid"": ""https://orcid.org/0000-0001-5646-2077"", ""author_position"": ""first"", ""is_corresponding"": false}, {""display_name"": ""J. H. Lee"", ""id"": ""https://openalex.org/A5013765418"", ""orcid"": null, ""author_position"": ""middle"", ""is_corresponding"": false}, {""display_name"": ""D.H. Kim"", ""id"": ""https://openalex.org/A5025467404"", ""orcid"": null, ""author_position"": ""middle"", ""is_corresponding"": true}, {""display_name"": ""Kyung‐Sun Na"", ""id"": ""https://openalex.org/A5020497100"", ""orcid"": null, ""author_position"": ""middle"", ""is_corresponding"": false}, {""display_name"": ""Dae Yu Kim"", ""id"": ""https://openalex.org/A5110621111"", ""orcid"": ""https://orcid.org/0000-0003-4200-5670"", ""author_position"": ""middle"", ""is_corresponding"": true}, {""display_name"": ""Dae Yu Kim"", ""id"": null, ""orcid"": ""https://orcid.org/0000-0003-4200-5670"", ""author_position"": ""middle"", ""is_corresponding"": true}, {""display_name"": ""Dae Yu Kim"", ""id"": null, ""orcid"": ""https://orcid.org/0000-0003-4200-5670"", ""author_position"": ""last"", ""is_corresponding"": false}]"
10.1021/acsami.5c10418,American Chemical Society,,False,Enhancement of IGZO TFT Performance via Metal-Induced Crystallization: A Pathway to High-Performance Next-Generation Displays,3,2025,2025-08-05,https://openalex.org/W4413001864,a-igzo,2025,116,openalex_title_and_abstract_cited_by_count_desc,none,0.0,False,False,False,journal,https://openalex.org/W4413001864,https://openalex.org/W4413001864,10.1021/acsami.5c10418,ACS Applied Materials & Interfaces,https://openalex.org/S164001016,journal,1944-8244,"[""1944-8244"", ""1944-8252""]",article,0.89010643,4,Sang Mook Kang,Sang Mook Kang; Byoungwoo Kim; Gwang‐Bok Kim; Jae Kyeong Jeong,"[{""display_name"": ""Sang Mook Kang"", ""id"": ""https://openalex.org/A5103058124"", ""orcid"": ""https://orcid.org/0009-0007-4837-2099"", ""author_position"": ""first"", ""is_corresponding"": false}, {""display_name"": ""Byoungwoo Kim"", ""id"": ""https://openalex.org/A5044680401"", ""orcid"": null, ""author_position"": ""middle"", ""is_corresponding"": false}, {""display_name"": ""Gwang‐Bok Kim"", ""id"": ""https://openalex.org/A5036670213"", ""orcid"": ""https://orcid.org/0009-0009-5432-5904"", ""author_position"": ""middle"", ""is_corresponding"": false}, {""display_name"": ""Jae Kyeong Jeong"", ""id"": ""https://openalex.org/A5005183857"", ""orcid"": ""https://orcid.org/0000-0003-3857-1039"", ""author_position"": ""last"", ""is_corresponding"": true}]"
10.1038/s41528-024-00374-4,Nature Portfolio,https://www.nature.com/articles/s41528-024-00374-4.pdf,True,An ultra-low power wake-Up timer compatible with n-FET based flexible technologies,3,2025,2025-01-12,https://openalex.org/W4406290690,a-igzo,2025,117,openalex_title_and_abstract_cited_by_count_desc,none,0.0,False,False,False,journal,https://openalex.org/W4406290690,https://openalex.org/W4406290690,10.1038/s41528-024-00374-4,npj Flexible Electronics,https://openalex.org/S4210223376,journal,2397-4621,"[""2397-4621""]",article,0.84995477,8,D. Narbón,D. Narbón; Juan Luis Soler-Fernández; Ana Isabel Santos; Pedro Barquinha; Rodrigo Martins; Á. Diéguez; Joan Daniel Prades; Oscar Alonso,"[{""display_name"": ""D. Narbón"", ""id"": ""https://openalex.org/A5107477420"", ""orcid"": null, ""author_position"": ""first"", ""is_corresponding"": true}, {""display_name"": ""Juan Luis Soler-Fernández"", ""id"": ""https://openalex.org/A5093461260"", ""orcid"": ""https://orcid.org/0000-0003-1295-2298"", ""author_position"": ""middle"", ""is_corresponding"": false}, {""display_name"": ""Ana Isabel Santos"", ""id"": ""https://openalex.org/A5080433778"", ""orcid"": ""https://orcid.org/0000-0002-9506-7309"", ""author_position"": ""middle"", ""is_corresponding"": false}, {""display_name"": ""Pedro Barquinha"", ""id"": ""https://openalex.org/A5002345754"", ""orcid"": ""https://orcid.org/0000-0002-5446-2759"", ""author_position"": ""middle"", ""is_corresponding"": false}, {""display_name"": ""Rodrigo Martins"", ""id"": ""https://openalex.org/A5088870986"", ""orcid"": ""https://orcid.org/0000-0002-1997-7669"", ""author_position"": ""middle"", ""is_corresponding"": false}, {""display_name"": ""Á. Diéguez"", ""id"": ""https://openalex.org/A5032531213"", ""orcid"": ""https://orcid.org/0000-0001-6721-7245"", ""author_position"": ""middle"", ""is_corresponding"": false}, {""display_name"": ""Joan Daniel Prades"", ""id"": ""https://openalex.org/A5043103920"", ""orcid"": ""https://orcid.org/0000-0001-7055-5499"", ""author_position"": ""middle"", ""is_corresponding"": false}, {""display_name"": ""Oscar Alonso"", ""id"": ""https://openalex.org/A5070936782"", ""orcid"": ""https://orcid.org/0000-0001-9405-3645"", ""author_position"": ""last"", ""is_corresponding"": false}]"
10.1063/5.0252761,American Institute of Physics,,False,Enhanced electrical stability in IGZO TFTs through passivation effects of PTFE in the back-channel layer,3,2025,2025-05-12,https://openalex.org/W4410404003,a-igzo,2025,118,openalex_title_and_abstract_cited_by_count_desc,none,0.0,False,False,False,journal,https://openalex.org/W4410404003,https://openalex.org/W4410404003,10.1063/5.0252761,Applied Physics Letters,https://openalex.org/S105243760,journal,0003-6951,"[""0003-6951"", ""1077-3118"", ""1520-8842""]",article,0.87945853,7,Jae Won Na,Jae Won Na; Kunho Moon; I. Sak Lee; K. Park; H. Kim; Si Joon Kim; Hyun Jae Kim,"[{""display_name"": ""Jae Won Na"", ""id"": ""https://openalex.org/A5074036324"", ""orcid"": ""https://orcid.org/0009-0006-8072-9177"", ""author_position"": ""first"", ""is_corresponding"": true}, {""display_name"": ""Kunho Moon"", ""id"": ""https://openalex.org/A5113204845"", ""orcid"": null, ""author_position"": ""middle"", ""is_corresponding"": false}, {""display_name"": ""I. Sak Lee"", ""id"": ""https://openalex.org/A5018706812"", ""orcid"": ""https://orcid.org/0000-0002-6616-189X"", ""author_position"": ""middle"", ""is_corresponding"": false}, {""display_name"": ""K. Park"", ""id"": ""https://openalex.org/A5003950575"", ""orcid"": ""https://orcid.org/0009-0001-7959-1282"", ""author_position"": ""middle"", ""is_corresponding"": false}, {""display_name"": ""H. Kim"", ""id"": ""https://openalex.org/A5052501077"", ""orcid"": null, ""author_position"": ""middle"", ""is_corresponding"": false}, {""display_name"": ""Si Joon Kim"", ""id"": ""https://openalex.org/A5017556481"", ""orcid"": ""https://orcid.org/0000-0001-9191-9079"", ""author_position"": ""middle"", ""is_corresponding"": false}, {""display_name"": ""Hyun Jae Kim"", ""id"": ""https://openalex.org/A5011866664"", ""orcid"": ""https://orcid.org/0000-0002-6879-9256"", ""author_position"": ""last"", ""is_corresponding"": false}]"
10.1063/5.0274282,American Institute of Physics,,True,Study of the interfacial reaction of high-<i>κ</i> Al2O3 gate oxides with IGZO,3,2025,2025-08-01,https://openalex.org/W4412828493,a-igzo,2025,119,openalex_title_and_abstract_cited_by_count_desc,none,0.0,False,False,False,journal,https://openalex.org/W4412828493,https://openalex.org/W4412828493,10.1063/5.0274282,Journal of Applied Physics,https://openalex.org/S187991544,journal,0021-8979,"[""0021-8979"", ""1089-7550"", ""1520-8850""]",article,0.89005198,7,Reem Alshanbari,Reem Alshanbari; Takahito Imai; Yuanshen Qi; Shin-ichi Yamamoto; Tai‐De Li; M. Eizenberg; Ioannis Kymissis,"[{""display_name"": ""Reem Alshanbari"", ""id"": ""https://openalex.org/A5097930638"", ""orcid"": ""https://orcid.org/0000-0002-5920-8151"", ""author_position"": ""first"", ""is_corresponding"": true}, {""display_name"": ""Takahito Imai"", ""id"": ""https://openalex.org/A5020164919"", ""orcid"": ""https://orcid.org/0000-0002-2795-5080"", ""author_position"": ""middle"", ""is_corresponding"": false}, {""display_name"": ""Yuanshen Qi"", ""id"": ""https://openalex.org/A5055187727"", ""orcid"": ""https://orcid.org/0000-0002-1742-1528"", ""author_position"": ""middle"", ""is_corresponding"": false}, {""display_name"": ""Shin-ichi Yamamoto"", ""id"": ""https://openalex.org/A5119153084"", ""orcid"": null, ""author_position"": ""middle"", ""is_corresponding"": false}, {""display_name"": ""Tai‐De Li"", ""id"": ""https://openalex.org/A5066431723"", ""orcid"": ""https://orcid.org/0000-0003-0515-5135"", ""author_position"": ""middle"", ""is_corresponding"": false}, {""display_name"": ""M. Eizenberg"", ""id"": ""https://openalex.org/A5006073913"", ""orcid"": null, ""author_position"": ""middle"", ""is_corresponding"": false}, {""display_name"": ""Ioannis Kymissis"", ""id"": ""https://openalex.org/A5057447682"", ""orcid"": ""https://orcid.org/0000-0001-7417-1759"", ""author_position"": ""last"", ""is_corresponding"": false}]"
10.1063/5.0282482,American Institute of Physics,,False,Enhancement of long-term memory of IGZO synaptic transistors by the introduction of an Al2O3 charge trapping layer,3,2025,2025-07-07,https://openalex.org/W4412158414,a-igzo,2025,120,openalex_title_and_abstract_cited_by_count_desc,none,0.0,False,False,False,journal,https://openalex.org/W4412158414,https://openalex.org/W4412158414,10.1063/5.0282482,Applied Physics Letters,https://openalex.org/S105243760,journal,0003-6951,"[""0003-6951"", ""1077-3118"", ""1520-8842""]",article,0.88724004,6,Yuhui Wang,Yuhui Wang; Guangtan Miao; Zezhong Yin; Ranran Ci; Guoxia Liu; Fukai Shan,"[{""display_name"": ""Yuhui Wang"", ""id"": ""https://openalex.org/A5100330366"", ""orcid"": ""https://orcid.org/0000-0003-2936-3377"", ""author_position"": ""first"", ""is_corresponding"": true}, {""display_name"": ""Guangtan Miao"", ""id"": ""https://openalex.org/A5058770727"", ""orcid"": ""https://orcid.org/0009-0008-7796-7507"", ""author_position"": ""middle"", ""is_corresponding"": false}, {""display_name"": ""Zezhong Yin"", ""id"": ""https://openalex.org/A5103393082"", ""orcid"": ""https://orcid.org/0009-0008-6642-2296"", ""author_position"": ""middle"", ""is_corresponding"": false}, {""display_name"": ""Ranran Ci"", ""id"": ""https://openalex.org/A5093957824"", ""orcid"": null, ""author_position"": ""middle"", ""is_corresponding"": false}, {""display_name"": ""Guoxia Liu"", ""id"": ""https://openalex.org/A5103023428"", ""orcid"": ""https://orcid.org/0000-0001-7924-0733"", ""author_position"": ""middle"", ""is_corresponding"": false}, {""display_name"": ""Fukai Shan"", ""id"": ""https://openalex.org/A5050718068"", ""orcid"": ""https://orcid.org/0000-0002-7158-9559"", ""author_position"": ""last"", ""is_corresponding"": false}]"
10.1063/5.0287232,American Institute of Physics,,False,A bio-inspired neuromorphic pressure afferent nerve based on fully inkjet-printed synaptic transistor,3,2025,2025-08-11,https://openalex.org/W4413217184,a-igzo,2025,121,openalex_title_and_abstract_cited_by_count_desc,none,0.0,False,False,False,journal,https://openalex.org/W4413217184,https://openalex.org/W4413217184,10.1063/5.0287232,Applied Physics Letters,https://openalex.org/S105243760,journal,0003-6951,"[""0003-6951"", ""1077-3118"", ""1520-8842""]",article,0.89561192,9,Sheng Li,Sheng Li; Chengyao Yang; Liang Jia; Jun Zhang; Zihan Wang; C. Kong; Weiyan Zhu; Qi Wang; Chang Guo,"[{""display_name"": ""Sheng Li"", ""id"": ""https://openalex.org/A5100359787"", ""orcid"": ""https://orcid.org/0000-0001-6083-1701"", ""author_position"": ""first"", ""is_corresponding"": true}, {""display_name"": ""Chengyao Yang"", ""id"": ""https://openalex.org/A5109777888"", ""orcid"": null, ""author_position"": ""middle"", ""is_corresponding"": false}, {""display_name"": ""Liang Jia"", ""id"": ""https://openalex.org/A5100832531"", ""orcid"": ""https://orcid.org/0009-0001-7752-8538"", ""author_position"": ""middle"", ""is_corresponding"": false}, {""display_name"": ""Jun Zhang"", ""id"": ""https://openalex.org/A5100433102"", ""orcid"": ""https://orcid.org/0000-0002-0644-9154"", ""author_position"": ""middle"", ""is_corresponding"": false}, {""display_name"": ""Zihan Wang"", ""id"": ""https://openalex.org/A5100380098"", ""orcid"": ""https://orcid.org/0000-0001-8611-3679"", ""author_position"": ""middle"", ""is_corresponding"": false}, {""display_name"": ""C. Kong"", ""id"": ""https://openalex.org/A5070922536"", ""orcid"": ""https://orcid.org/0009-0000-3768-1362"", ""author_position"": ""middle"", ""is_corresponding"": false}, {""display_name"": ""Weiyan Zhu"", ""id"": ""https://openalex.org/A5100858691"", ""orcid"": ""https://orcid.org/0009-0005-7855-6329"", ""author_position"": ""middle"", ""is_corresponding"": false}, {""display_name"": ""Qi Wang"", ""id"": ""https://openalex.org/A5100341229"", ""orcid"": ""https://orcid.org/0000-0001-8542-9874"", ""author_position"": ""middle"", ""is_corresponding"": false}, {""display_name"": ""Chang Guo"", ""id"": ""https://openalex.org/A5020251673"", ""orcid"": ""https://orcid.org/0000-0002-5833-8552"", ""author_position"": ""last"", ""is_corresponding"": false}]"
10.1080/15980316.2025.2463356,Taylor & Francis,,True,Analysis of channel length-dependent degradation of IGZO TFTs under positive bias stress through TCAD simulation,3,2025,2025-02-12,https://openalex.org/W4407408422,a-igzo,2025,122,openalex_title_and_abstract_cited_by_count_desc,none,0.0,False,False,False,journal,https://openalex.org/W4407408422,https://openalex.org/W4407408422,10.1080/15980316.2025.2463356,Journal of Information Display,https://openalex.org/S2764415853,journal,1598-0316,"[""1598-0316"", ""2158-1606""]",article,0.86357561,3,Seong‐In Cho,Seong‐In Cho; Soobin An; Sooyeon Lee,"[{""display_name"": ""Seong‐In Cho"", ""id"": ""https://openalex.org/A5010787029"", ""orcid"": ""https://orcid.org/0000-0001-6863-6425"", ""author_position"": ""first"", ""is_corresponding"": false}, {""display_name"": ""Soobin An"", ""id"": ""https://openalex.org/A5058092954"", ""orcid"": ""https://orcid.org/0000-0001-6019-3906"", ""author_position"": ""middle"", ""is_corresponding"": false}, {""display_name"": ""Sooyeon Lee"", ""id"": ""https://openalex.org/A5100626490"", ""orcid"": ""https://orcid.org/0000-0001-9188-9674"", ""author_position"": ""last"", ""is_corresponding"": true}]"
10.1088/1361-6463/adae1e,Institute of Physics,https://iopscience.iop.org/article/10.1088/1361-6463/adae1e/pdf,True,Solution-processed organic/inorganic heterojunction synaptic transistor for neuromorphic computing,3,2025,2025-01-24,https://openalex.org/W4406789263,a-igzo,2025,123,openalex_title_and_abstract_cited_by_count_desc,none,0.0,False,False,False,journal,https://openalex.org/W4406789263,https://openalex.org/W4406789263,10.1088/1361-6463/adae1e,Journal of Physics D Applied Physics,https://openalex.org/S111927887,journal,0022-3727,"[""0022-3727"", ""1361-6463""]",article,0.86922889,9,Shuqiong Lan,Shuqiong Lan; Jianxiao Si; Zheng Zhang; Jierui Lin; Rengjian Yu; Wangying Xu; Changjie Zhou; Xiaomei Cai; Wenliang Liao,"[{""display_name"": ""Shuqiong Lan"", ""id"": ""https://openalex.org/A5024933168"", ""orcid"": ""https://orcid.org/0000-0002-9058-5799"", ""author_position"": ""first"", ""is_corresponding"": true}, {""display_name"": ""Jianxiao Si"", ""id"": ""https://openalex.org/A5058737646"", ""orcid"": ""https://orcid.org/0000-0003-3759-4757"", ""author_position"": ""middle"", ""is_corresponding"": true}, {""display_name"": ""Zheng Zhang"", ""id"": ""https://openalex.org/A5100459147"", ""orcid"": ""https://orcid.org/0000-0002-8060-8301"", ""author_position"": ""middle"", ""is_corresponding"": true}, {""display_name"": ""Jierui Lin"", ""id"": ""https://openalex.org/A5113310482"", ""orcid"": null, ""author_position"": ""middle"", ""is_corresponding"": true}, {""display_name"": ""Rengjian Yu"", ""id"": ""https://openalex.org/A5069187375"", ""orcid"": null, ""author_position"": ""middle"", ""is_corresponding"": true}, {""display_name"": ""Wangying Xu"", ""id"": ""https://openalex.org/A5079849304"", ""orcid"": ""https://orcid.org/0000-0002-8862-7224"", ""author_position"": ""middle"", ""is_corresponding"": true}, {""display_name"": ""Changjie Zhou"", ""id"": ""https://openalex.org/A5040805219"", ""orcid"": ""https://orcid.org/0000-0003-3589-326X"", ""author_position"": ""middle"", ""is_corresponding"": true}, {""display_name"": ""Xiaomei Cai"", ""id"": ""https://openalex.org/A5031256733"", ""orcid"": ""https://orcid.org/0000-0003-3782-8875"", ""author_position"": ""middle"", ""is_corresponding"": true}, {""display_name"": ""Wenliang Liao"", ""id"": ""https://openalex.org/A5038823556"", ""orcid"": null, ""author_position"": ""last"", ""is_corresponding"": true}]"
10.1088/1361-6528/ade80f,IOP Publishing,,False,Retention and endurance analysis for 2T0C DRAM based on ALD-ITZO thin film transistors,3,2025,2025-06-25,https://openalex.org/W4411635404,a-igzo,2025,124,openalex_title_and_abstract_cited_by_count_desc,none,0.0,False,False,False,journal,https://openalex.org/W4411635404,https://openalex.org/W4411635404,10.1088/1361-6528/ade80f,Nanotechnology,https://openalex.org/S206811868,journal,0957-4484,"[""0957-4484"", ""1361-6528""]",article,0.88653227,11,Jingxuan Wei,Jingxuan Wei; Yu Zhang; Nannan Li; Bojia Chen; Rongxu Bai; Xuefeng Wu; Wenrui Zhang; Ji Li; Qingqing Sun; David Wei Zhang; Shen Hu,"[{""display_name"": ""Jingxuan Wei"", ""id"": ""https://openalex.org/A5100582973"", ""orcid"": ""https://orcid.org/0009-0003-1892-9803"", ""author_position"": ""first"", ""is_corresponding"": true}, {""display_name"": ""Yu Zhang"", ""id"": ""https://openalex.org/A5092344980"", ""orcid"": ""https://orcid.org/0009-0006-9894-9733"", ""author_position"": ""middle"", ""is_corresponding"": false}, {""display_name"": ""Nannan Li"", ""id"": ""https://openalex.org/A5100419527"", ""orcid"": ""https://orcid.org/0000-0002-8274-5123"", ""author_position"": ""middle"", ""is_corresponding"": false}, {""display_name"": ""Bojia Chen"", ""id"": ""https://openalex.org/A5074988717"", ""orcid"": ""https://orcid.org/0009-0009-3501-7762"", ""author_position"": ""middle"", ""is_corresponding"": false}, {""display_name"": ""Rongxu Bai"", ""id"": ""https://openalex.org/A5007989429"", ""orcid"": null, ""author_position"": ""middle"", ""is_corresponding"": false}, {""display_name"": ""Xuefeng Wu"", ""id"": ""https://openalex.org/A5000457396"", ""orcid"": ""https://orcid.org/0000-0002-9672-6804"", ""author_position"": ""middle"", ""is_corresponding"": false}, {""display_name"": ""Wenrui Zhang"", ""id"": ""https://openalex.org/A5100773212"", ""orcid"": ""https://orcid.org/0000-0002-0223-1924"", ""author_position"": ""middle"", ""is_corresponding"": false}, {""display_name"": ""Ji Li"", ""id"": ""https://openalex.org/A5100745109"", ""orcid"": ""https://orcid.org/0000-0001-7088-6941"", ""author_position"": ""middle"", ""is_corresponding"": false}, {""display_name"": ""Qingqing Sun"", ""id"": ""https://openalex.org/A5031700666"", ""orcid"": ""https://orcid.org/0000-0001-5445-4727"", ""author_position"": ""middle"", ""is_corresponding"": false}, {""display_name"": ""David Wei Zhang"", ""id"": ""https://openalex.org/A5044907599"", ""orcid"": null, ""author_position"": ""middle"", ""is_corresponding"": false}, {""display_name"": ""Shen Hu"", ""id"": ""https://openalex.org/A5052427362"", ""orcid"": ""https://orcid.org/0000-0001-8162-1519"", ""author_position"": ""last"", ""is_corresponding"": false}]"
10.1109/access.2025.3537994,Institute of Electrical and Electronics Engineers,,True,Improvement of Erase Performance Using p-Type Gate in IGZO Channel-Based 3D NAND Flash,3,2025,2025-01-01,https://openalex.org/W4407104112,a-igzo,2025,125,openalex_title_and_abstract_cited_by_count_desc,none,0.0,False,False,False,journal,https://openalex.org/W4407104112,https://openalex.org/W4407104112,10.1109/access.2025.3537994,IEEE Access,https://openalex.org/S2485537415,journal,2169-3536,"[""2169-3536""]",article,0.82504255,3,Myoung‐Gyun Suh,Myoung‐Gyun Suh; Youngho Jung; Daewoong Kang,"[{""display_name"": ""Myoung‐Gyun Suh"", ""id"": ""https://openalex.org/A5051863022"", ""orcid"": ""https://orcid.org/0000-0002-9527-0585"", ""author_position"": ""first"", ""is_corresponding"": true}, {""display_name"": ""Youngho Jung"", ""id"": ""https://openalex.org/A5082249060"", ""orcid"": ""https://orcid.org/0000-0001-8627-5168"", ""author_position"": ""middle"", ""is_corresponding"": false}, {""display_name"": ""Daewoong Kang"", ""id"": ""https://openalex.org/A5063961319"", ""orcid"": ""https://orcid.org/0000-0002-9853-4195"", ""author_position"": ""last"", ""is_corresponding"": false}]"
10.1109/jeds.2025.3566162,Institute of Electrical and Electronics Engineers,,True,IGZO 2T1C DRAM With Low Operation Voltage and High Current Window,3,2025,2025-01-01,https://openalex.org/W4410027563,a-igzo,2025,126,openalex_title_and_abstract_cited_by_count_desc,none,0.0,False,False,False,journal,https://openalex.org/W4410027563,https://openalex.org/W4410027563,10.1109/jeds.2025.3566162,IEEE Journal of the Electron Devices Society,https://openalex.org/S2482167115,journal,2168-6734,"[""2168-6734""]",article,0.87757156,22,Wendong Lu,Wendong Lu; K. Chen; Menggan Liu; Fuxi Liao; Zijing Wu; Nannan Mao; Zihan Li; Xuanming Zhang; Congyan Lu; Jiebin Niu; Bok-Moon Kang; Jinghong Shi; Xie-Shuai Wu; Guilei Wang; Zhengyong Zhu; Jiawei Wang; Lingfei Wang; Di Geng; Nianduan Lu; Guanhua Yang; Chao Zhao; Ling Li,"[{""display_name"": ""Wendong Lu"", ""id"": ""https://openalex.org/A5011593712"", ""orcid"": ""https://orcid.org/0000-0003-4138-3784"", ""author_position"": ""first"", ""is_corresponding"": true}, {""display_name"": ""K. Chen"", ""id"": ""https://openalex.org/A5012413450"", ""orcid"": ""https://orcid.org/0009-0008-1317-8015"", ""author_position"": ""middle"", ""is_corresponding"": false}, {""display_name"": ""Menggan Liu"", ""id"": ""https://openalex.org/A5089872608"", ""orcid"": ""https://orcid.org/0000-0002-9371-1965"", ""author_position"": ""middle"", ""is_corresponding"": false}, {""display_name"": ""Fuxi Liao"", ""id"": ""https://openalex.org/A5063345746"", ""orcid"": ""https://orcid.org/0009-0008-1441-0947"", ""author_position"": ""middle"", ""is_corresponding"": false}, {""display_name"": ""Zijing Wu"", ""id"": ""https://openalex.org/A5100376432"", ""orcid"": ""https://orcid.org/0009-0008-5887-6706"", ""author_position"": ""middle"", ""is_corresponding"": false}, {""display_name"": ""Nannan Mao"", ""id"": ""https://openalex.org/A5063849879"", ""orcid"": ""https://orcid.org/0000-0003-3522-5341"", ""author_position"": ""middle"", ""is_corresponding"": false}, {""display_name"": ""Zihan Li"", ""id"": ""https://openalex.org/A5100672514"", ""orcid"": ""https://orcid.org/0009-0004-3839-0611"", ""author_position"": ""middle"", ""is_corresponding"": false}, {""display_name"": ""Xuanming Zhang"", ""id"": ""https://openalex.org/A5063061958"", ""orcid"": ""https://orcid.org/0000-0001-9208-1845"", ""author_position"": ""middle"", ""is_corresponding"": false}, {""display_name"": ""Congyan Lu"", ""id"": ""https://openalex.org/A5038128382"", ""orcid"": ""https://orcid.org/0000-0002-4064-7410"", ""author_position"": ""middle"", ""is_corresponding"": false}, {""display_name"": ""Jiebin Niu"", ""id"": ""https://openalex.org/A5109914686"", ""orcid"": ""https://orcid.org/0009-0009-6299-0947"", ""author_position"": ""middle"", ""is_corresponding"": false}, {""display_name"": ""Bok-Moon Kang"", ""id"": ""https://openalex.org/A5050146115"", ""orcid"": null, ""author_position"": ""middle"", ""is_corresponding"": false}, {""display_name"": ""Jinghong Shi"", ""id"": ""https://openalex.org/A5103473280"", ""orcid"": null, ""author_position"": ""middle"", ""is_corresponding"": false}, {""display_name"": ""Xie-Shuai Wu"", ""id"": ""https://openalex.org/A5046107289"", ""orcid"": null, ""author_position"": ""middle"", ""is_corresponding"": false}, {""display_name"": ""Guilei Wang"", ""id"": ""https://openalex.org/A5077177380"", ""orcid"": ""https://orcid.org/0000-0002-1311-8863"", ""author_position"": ""middle"", ""is_corresponding"": false}, {""display_name"": ""Zhengyong Zhu"", ""id"": ""https://openalex.org/A5110455678"", ""orcid"": null, ""author_position"": ""middle"", ""is_corresponding"": false}, {""display_name"": ""Jiawei Wang"", ""id"": ""https://openalex.org/A5069850804"", ""orcid"": ""https://orcid.org/0000-0002-3043-8447"", ""author_position"": ""middle"", ""is_corresponding"": false}, {""display_name"": ""Lingfei Wang"", ""id"": ""https://openalex.org/A5033378522"", ""orcid"": ""https://orcid.org/0000-0003-3579-8406"", ""author_position"": ""middle"", ""is_corresponding"": false}, {""display_name"": ""Di Geng"", ""id"": ""https://openalex.org/A5077056646"", ""orcid"": ""https://orcid.org/0000-0002-5653-6811"", ""author_position"": ""middle"", ""is_corresponding"": false}, {""display_name"": ""Nianduan Lu"", ""id"": ""https://openalex.org/A5102840011"", ""orcid"": ""https://orcid.org/0000-0001-8415-7627"", ""author_position"": ""middle"", ""is_corresponding"": false}, {""display_name"": ""Guanhua Yang"", ""id"": ""https://openalex.org/A5083546723"", ""orcid"": ""https://orcid.org/0000-0003-4694-7040"", ""author_position"": ""middle"", ""is_corresponding"": false}, {""display_name"": ""Chao Zhao"", ""id"": ""https://openalex.org/A5041067869"", ""orcid"": ""https://orcid.org/0009-0009-2026-2714"", ""author_position"": ""middle"", ""is_corresponding"": false}, {""display_name"": ""Ling Li"", ""id"": ""https://openalex.org/A5100435353"", ""orcid"": ""https://orcid.org/0000-0002-7622-8752"", ""author_position"": ""last"", ""is_corresponding"": false}]"
10.1109/led.2025.3604792,Institute of Electrical and Electronics Engineers,,False,Asymmetric Contact Resistances in IGZO Vertical Channel-All-Around FETs,3,2025,2025-09-02,https://openalex.org/W4413926059,a-igzo,2025,127,openalex_title_and_abstract_cited_by_count_desc,none,0.0,False,False,False,journal,https://openalex.org/W4413926059,https://openalex.org/W4413926059,10.1109/led.2025.3604792,IEEE Electron Device Letters,https://openalex.org/S19887683,journal,0741-3106,"[""0741-3106"", ""1558-0563""]",article,0.89799937,14,Xianglie Sun,Xianglie Sun; Wei Yu; Fuwang Yang; Meichen Jin; Chang Liu; Chuanke Chen; Weiwei Li; Di Geng; Shujuan Mao; Zhengyong Zhu; J. Zhang; Guilei Wang; Bok-Moon Kang; Chao Zhao,"[{""display_name"": ""Xianglie Sun"", ""id"": ""https://openalex.org/A5055847355"", ""orcid"": ""https://orcid.org/0000-0002-2177-9637"", ""author_position"": ""first"", ""is_corresponding"": true}, {""display_name"": ""Wei Yu"", ""id"": ""https://openalex.org/A5000408731"", ""orcid"": ""https://orcid.org/0000-0002-8913-5985"", ""author_position"": ""middle"", ""is_corresponding"": false}, {""display_name"": ""Fuwang Yang"", ""id"": ""https://openalex.org/A5036263511"", ""orcid"": null, ""author_position"": ""middle"", ""is_corresponding"": false}, {""display_name"": ""Meichen Jin"", ""id"": ""https://openalex.org/A5035451259"", ""orcid"": ""https://orcid.org/0009-0005-1223-3092"", ""author_position"": ""middle"", ""is_corresponding"": false}, {""display_name"": ""Chang Liu"", ""id"": ""https://openalex.org/A5100353148"", ""orcid"": ""https://orcid.org/0000-0001-6314-5424"", ""author_position"": ""middle"", ""is_corresponding"": false}, {""display_name"": ""Chuanke Chen"", ""id"": ""https://openalex.org/A5062868417"", ""orcid"": ""https://orcid.org/0009-0001-0477-2927"", ""author_position"": ""middle"", ""is_corresponding"": false}, {""display_name"": ""Weiwei Li"", ""id"": ""https://openalex.org/A5063400605"", ""orcid"": ""https://orcid.org/0009-0001-0636-7781"", ""author_position"": ""middle"", ""is_corresponding"": false}, {""display_name"": ""Di Geng"", ""id"": ""https://openalex.org/A5077056646"", ""orcid"": ""https://orcid.org/0000-0002-5653-6811"", ""author_position"": ""middle"", ""is_corresponding"": false}, {""display_name"": ""Shujuan Mao"", ""id"": ""https://openalex.org/A5006142662"", ""orcid"": ""https://orcid.org/0000-0002-3350-1659"", ""author_position"": ""middle"", ""is_corresponding"": false}, {""display_name"": ""Zhengyong Zhu"", ""id"": ""https://openalex.org/A5110455678"", ""orcid"": null, ""author_position"": ""middle"", ""is_corresponding"": false}, {""display_name"": ""J. Zhang"", ""id"": ""https://openalex.org/A5055317266"", ""orcid"": ""https://orcid.org/0009-0001-3986-6421"", ""author_position"": ""middle"", ""is_corresponding"": false}, {""display_name"": ""Guilei Wang"", ""id"": ""https://openalex.org/A5077177380"", ""orcid"": ""https://orcid.org/0000-0002-1311-8863"", ""author_position"": ""middle"", ""is_corresponding"": false}, {""display_name"": ""Bok-Moon Kang"", ""id"": ""https://openalex.org/A5050146115"", ""orcid"": null, ""author_position"": ""middle"", ""is_corresponding"": false}, {""display_name"": ""Chao Zhao"", ""id"": ""https://openalex.org/A5041067869"", ""orcid"": ""https://orcid.org/0009-0009-2026-2714"", ""author_position"": ""last"", ""is_corresponding"": false}]"
10.1109/ted.2025.3529399,Institute of Electrical and Electronics Engineers,,False,Quantitative Analysis of Trap Behaviors for Deuterium Annealing Effect on IGZO TFTs by TCAD and Experimental Characterization,3,2025,2025-01-22,https://openalex.org/W4406729265,a-igzo,2025,128,openalex_title_and_abstract_cited_by_count_desc,none,0.0,False,False,False,journal,https://openalex.org/W4406729265,https://openalex.org/W4406729265,10.1109/ted.2025.3529399,IEEE Transactions on Electron Devices,https://openalex.org/S162355128,journal,0018-9383,"[""0018-9383"", ""1557-9646""]",article,0.86184104,16,Hyeonjun Song,Hyeonjun Song; Soon Joo Yoon; Jaewook Yoo; Seongbin Lim; Ja-Yun Ku; Tae-Hyun Kil; Hongseung Lee; Jo Hak Jeong; Soyeon Kim; Moon-Kwon Lee; Hyeon-Sik Jang; Kiyoung Lee; Keun Heo; Jun-Young Park; Youn‐Kyoung Lee; Hagyoul Bae,"[{""display_name"": ""Hyeonjun Song"", ""id"": ""https://openalex.org/A5002412629"", ""orcid"": ""https://orcid.org/0000-0003-1084-0401"", ""author_position"": ""first"", ""is_corresponding"": true}, {""display_name"": ""Soon Joo Yoon"", ""id"": ""https://openalex.org/A5104244852"", ""orcid"": null, ""author_position"": ""middle"", ""is_corresponding"": false}, {""display_name"": ""Jaewook Yoo"", ""id"": ""https://openalex.org/A5101552801"", ""orcid"": ""https://orcid.org/0000-0002-5753-0710"", ""author_position"": ""middle"", ""is_corresponding"": false}, {""display_name"": ""Seongbin Lim"", ""id"": ""https://openalex.org/A5102650312"", ""orcid"": null, ""author_position"": ""middle"", ""is_corresponding"": false}, {""display_name"": ""Ja-Yun Ku"", ""id"": ""https://openalex.org/A5023312857"", ""orcid"": ""https://orcid.org/0000-0002-1518-4653"", ""author_position"": ""middle"", ""is_corresponding"": false}, {""display_name"": ""Tae-Hyun Kil"", ""id"": ""https://openalex.org/A5093265451"", ""orcid"": null, ""author_position"": ""middle"", ""is_corresponding"": false}, {""display_name"": ""Hongseung Lee"", ""id"": ""https://openalex.org/A5110978347"", ""orcid"": null, ""author_position"": ""middle"", ""is_corresponding"": false}, {""display_name"": ""Jo Hak Jeong"", ""id"": ""https://openalex.org/A5113180583"", ""orcid"": null, ""author_position"": ""middle"", ""is_corresponding"": false}, {""display_name"": ""Soyeon Kim"", ""id"": ""https://openalex.org/A5100350586"", ""orcid"": ""https://orcid.org/0000-0003-1331-9937"", ""author_position"": ""middle"", ""is_corresponding"": false}, {""display_name"": ""Moon-Kwon Lee"", ""id"": ""https://openalex.org/A5105473515"", ""orcid"": null, ""author_position"": ""middle"", ""is_corresponding"": false}, {""display_name"": ""Hyeon-Sik Jang"", ""id"": ""https://openalex.org/A5034789801"", ""orcid"": ""https://orcid.org/0000-0002-5164-6624"", ""author_position"": ""middle"", ""is_corresponding"": false}, {""display_name"": ""Kiyoung Lee"", ""id"": ""https://openalex.org/A5100719658"", ""orcid"": ""https://orcid.org/0000-0003-2432-6614"", ""author_position"": ""middle"", ""is_corresponding"": false}, {""display_name"": ""Keun Heo"", ""id"": ""https://openalex.org/A5056140406"", ""orcid"": ""https://orcid.org/0000-0003-0700-7427"", ""author_position"": ""middle"", ""is_corresponding"": false}, {""display_name"": ""Jun-Young Park"", ""id"": ""https://openalex.org/A5100354918"", ""orcid"": ""https://orcid.org/0000-0003-4830-9739"", ""author_position"": ""middle"", ""is_corresponding"": false}, {""display_name"": ""Youn‐Kyoung Lee"", ""id"": ""https://openalex.org/A5091554546"", ""orcid"": ""https://orcid.org/0000-0001-5160-1015"", ""author_position"": ""middle"", ""is_corresponding"": false}, {""display_name"": ""Hagyoul Bae"", ""id"": ""https://openalex.org/A5054179190"", ""orcid"": ""https://orcid.org/0000-0002-2462-4198"", ""author_position"": ""last"", ""is_corresponding"": false}]"
10.1109/ted.2025.3534182,Institute of Electrical and Electronics Engineers,,False,Experimental Demonstration and Modeling of BEOL-Compatible IGZO-Based Ferroelectric-Modulated Diodes,3,2025,2025-02-04,https://openalex.org/W4407129388,a-igzo,2025,129,openalex_title_and_abstract_cited_by_count_desc,none,0.0,False,False,False,journal,https://openalex.org/W4407129388,https://openalex.org/W4407129388,10.1109/ted.2025.3534182,IEEE Transactions on Electron Devices,https://openalex.org/S162355128,journal,0018-9383,"[""0018-9383"", ""1557-9646""]",article,0.84474258,12,Leming Jiao,Leming Jiao; Zuopu Zhou; Zijie Zheng; Kaizhen Han; Qiwen Kong; Xiaolin Wang; Haiwen Xu; Jishen Zhang; Chen Sun; Yuye Kang; Gengchiau Liang; Xiao Gong,"[{""display_name"": ""Leming Jiao"", ""id"": ""https://openalex.org/A5005366342"", ""orcid"": ""https://orcid.org/0000-0002-2562-7630"", ""author_position"": ""first"", ""is_corresponding"": true}, {""display_name"": ""Zuopu Zhou"", ""id"": ""https://openalex.org/A5086756993"", ""orcid"": ""https://orcid.org/0000-0003-4812-8524"", ""author_position"": ""middle"", ""is_corresponding"": false}, {""display_name"": ""Zijie Zheng"", ""id"": ""https://openalex.org/A5000856188"", ""orcid"": ""https://orcid.org/0000-0001-8265-6019"", ""author_position"": ""middle"", ""is_corresponding"": false}, {""display_name"": ""Kaizhen Han"", ""id"": ""https://openalex.org/A5025729156"", ""orcid"": ""https://orcid.org/0000-0002-2376-0921"", ""author_position"": ""middle"", ""is_corresponding"": false}, {""display_name"": ""Qiwen Kong"", ""id"": ""https://openalex.org/A5050799754"", ""orcid"": ""https://orcid.org/0000-0002-8092-6959"", ""author_position"": ""middle"", ""is_corresponding"": false}, {""display_name"": ""Xiaolin Wang"", ""id"": ""https://openalex.org/A5089414360"", ""orcid"": ""https://orcid.org/0000-0002-2131-4178"", ""author_position"": ""middle"", ""is_corresponding"": false}, {""display_name"": ""Haiwen Xu"", ""id"": ""https://openalex.org/A5047929835"", ""orcid"": ""https://orcid.org/0000-0002-3707-3487"", ""author_position"": ""middle"", ""is_corresponding"": false}, {""display_name"": ""Jishen Zhang"", ""id"": ""https://openalex.org/A5103036622"", ""orcid"": ""https://orcid.org/0009-0008-6007-2539"", ""author_position"": ""middle"", ""is_corresponding"": false}, {""display_name"": ""Chen Sun"", ""id"": ""https://openalex.org/A5100729874"", ""orcid"": ""https://orcid.org/0000-0001-5695-7803"", ""author_position"": ""middle"", ""is_corresponding"": false}, {""display_name"": ""Yuye Kang"", ""id"": ""https://openalex.org/A5063188500"", ""orcid"": ""https://orcid.org/0000-0002-9242-565X"", ""author_position"": ""middle"", ""is_corresponding"": false}, {""display_name"": ""Gengchiau Liang"", ""id"": ""https://openalex.org/A5000688694"", ""orcid"": ""https://orcid.org/0000-0002-9354-6509"", ""author_position"": ""middle"", ""is_corresponding"": false}, {""display_name"": ""Xiao Gong"", ""id"": ""https://openalex.org/A5014399843"", ""orcid"": ""https://orcid.org/0000-0002-9243-1937"", ""author_position"": ""last"", ""is_corresponding"": false}]"
10.1109/ted.2025.3564565,Institute of Electrical and Electronics Engineers,,False,Vertical CMOS Inverter With LTPO Technology for Circuit Applications in Active-Matrix Display,3,2025,2025-05-06,https://openalex.org/W4410115290,a-igzo,2025,130,openalex_title_and_abstract_cited_by_count_desc,none,0.0,False,False,False,journal,https://openalex.org/W4410115290,https://openalex.org/W4410115290,10.1109/ted.2025.3564565,IEEE Transactions on Electron Devices,https://openalex.org/S162355128,journal,0018-9383,"[""0018-9383"", ""1557-9646""]",article,0.87869386,7,Jung Chul Kim,Jung Chul Kim; Hyung Tae Kim; I. Sak Lee; Dong Keun Lee; Juhn S. Yoo; Hyun Chul Choi; Hyun Jae Kim,"[{""display_name"": ""Jung Chul Kim"", ""id"": ""https://openalex.org/A5087165444"", ""orcid"": null, ""author_position"": ""first"", ""is_corresponding"": true}, {""display_name"": ""Hyung Tae Kim"", ""id"": ""https://openalex.org/A5110665640"", ""orcid"": null, ""author_position"": ""middle"", ""is_corresponding"": false}, {""display_name"": ""I. Sak Lee"", ""id"": ""https://openalex.org/A5018706812"", ""orcid"": ""https://orcid.org/0000-0002-6616-189X"", ""author_position"": ""middle"", ""is_corresponding"": false}, {""display_name"": ""Dong Keun Lee"", ""id"": ""https://openalex.org/A5114706235"", ""orcid"": ""https://orcid.org/0000-0001-8361-0995"", ""author_position"": ""middle"", ""is_corresponding"": false}, {""display_name"": ""Juhn S. Yoo"", ""id"": ""https://openalex.org/A5059604620"", ""orcid"": null, ""author_position"": ""middle"", ""is_corresponding"": false}, {""display_name"": ""Hyun Chul Choi"", ""id"": ""https://openalex.org/A5103503744"", ""orcid"": null, ""author_position"": ""middle"", ""is_corresponding"": false}, {""display_name"": ""Hyun Jae Kim"", ""id"": ""https://openalex.org/A5011866664"", ""orcid"": ""https://orcid.org/0000-0002-6879-9256"", ""author_position"": ""last"", ""is_corresponding"": false}]"
10.1116/5.0268479,American Institute of Physics,,False,Gallium oxide/indium gallium zinc oxide heterojunction Schottky barrier thin-film transistors with ultrahigh 2D electron density over 6 × 1013/cm2,3,2025,2025-06-02,https://openalex.org/W4410964266,a-igzo,2025,131,openalex_title_and_abstract_cited_by_count_desc,none,0.0,False,False,False,journal,https://openalex.org/W4410964266,https://openalex.org/W4410964266,10.1116/5.0268479,Journal of Vacuum Science & Technology A Vacuum Surfaces and Films,https://openalex.org/S4210190837,journal,0734-2101,"[""0734-2101"", ""1520-8559""]",article,0.88275868,9,Jinxiu Zhao,Jinxiu Zhao; Zhiyu Lin; Chen Wang; Xinghan Cai; Jun Yu; Lu Kang; Ying Wu; Jeffrey Xu; Mengwei Si,"[{""display_name"": ""Jinxiu Zhao"", ""id"": ""https://openalex.org/A5101637090"", ""orcid"": ""https://orcid.org/0000-0002-2008-7620"", ""author_position"": ""first"", ""is_corresponding"": true}, {""display_name"": ""Zhiyu Lin"", ""id"": ""https://openalex.org/A5029159783"", ""orcid"": ""https://orcid.org/0000-0002-5166-9922"", ""author_position"": ""middle"", ""is_corresponding"": false}, {""display_name"": ""Chen Wang"", ""id"": ""https://openalex.org/A5100337551"", ""orcid"": ""https://orcid.org/0000-0002-1906-7366"", ""author_position"": ""middle"", ""is_corresponding"": false}, {""display_name"": ""Xinghan Cai"", ""id"": ""https://openalex.org/A5091834202"", ""orcid"": ""https://orcid.org/0000-0002-9274-2444"", ""author_position"": ""middle"", ""is_corresponding"": false}, {""display_name"": ""Jun Yu"", ""id"": ""https://openalex.org/A5027976449"", ""orcid"": ""https://orcid.org/0000-0001-7153-231X"", ""author_position"": ""middle"", ""is_corresponding"": false}, {""display_name"": ""Lu Kang"", ""id"": ""https://openalex.org/A5111434796"", ""orcid"": null, ""author_position"": ""middle"", ""is_corresponding"": false}, {""display_name"": ""Ying Wu"", ""id"": ""https://openalex.org/A5017858171"", ""orcid"": ""https://orcid.org/0000-0001-6878-927X"", ""author_position"": ""middle"", ""is_corresponding"": false}, {""display_name"": ""Jeffrey Xu"", ""id"": ""https://openalex.org/A5063018829"", ""orcid"": null, ""author_position"": ""middle"", ""is_corresponding"": false}, {""display_name"": ""Mengwei Si"", ""id"": ""https://openalex.org/A5059106002"", ""orcid"": ""https://orcid.org/0000-0003-0397-7741"", ""author_position"": ""last"", ""is_corresponding"": false}]"
10.23919/vlsitechnologyandcir65189.2025.11075080,,,False,First Demonstration of 2-floor GAA In<sub>2</sub>O<sub>3</sub> Nanosheet FET Enabled by TiN Sacrificial Layers and Fluorine Passivation,3,2025,2025-06-08,https://openalex.org/W4412964617,a-igzo,2025,132,openalex_title_and_abstract_cited_by_count_desc,none,0.0,False,False,False,,https://openalex.org/W4412964617,https://openalex.org/W4412964617,10.23919/vlsitechnologyandcir65189.2025.11075080,,,,,[],article,0.84128097,8,Yu-Shan Wu,Yu-Shan Wu; Yuan-Ming Liu; Hung-Cheng Sung; Rongwei Ma; Johannes Gracia; Hideo Fujiwara; Kuan-Wei Lu; C. W. Liu,"[{""display_name"": ""Yu-Shan Wu"", ""id"": ""https://openalex.org/A5103694717"", ""orcid"": null, ""author_position"": ""first"", ""is_corresponding"": true}, {""display_name"": ""Yuan-Ming Liu"", ""id"": ""https://openalex.org/A5058121953"", ""orcid"": ""https://orcid.org/0000-0002-8980-304X"", ""author_position"": ""middle"", ""is_corresponding"": false}, {""display_name"": ""Hung-Cheng Sung"", ""id"": ""https://openalex.org/A5111968575"", ""orcid"": ""https://orcid.org/0009-0007-4550-3786"", ""author_position"": ""middle"", ""is_corresponding"": false}, {""display_name"": ""Rongwei Ma"", ""id"": ""https://openalex.org/A5101677456"", ""orcid"": ""https://orcid.org/0009-0000-9268-5788"", ""author_position"": ""middle"", ""is_corresponding"": false}, {""display_name"": ""Johannes Gracia"", ""id"": ""https://openalex.org/A5070855122"", ""orcid"": null, ""author_position"": ""middle"", ""is_corresponding"": false}, {""display_name"": ""Hideo Fujiwara"", ""id"": ""https://openalex.org/A5111955990"", ""orcid"": null, ""author_position"": ""middle"", ""is_corresponding"": false}, {""display_name"": ""Kuan-Wei Lu"", ""id"": ""https://openalex.org/A5032321053"", ""orcid"": ""https://orcid.org/0000-0001-5253-6120"", ""author_position"": ""middle"", ""is_corresponding"": false}, {""display_name"": ""C. W. Liu"", ""id"": ""https://openalex.org/A5100681944"", ""orcid"": ""https://orcid.org/0000-0002-6439-8754"", ""author_position"": ""last"", ""is_corresponding"": false}]"
10.3390/electronicmat6010002,Multidisciplinary Digital Publishing Institute,https://www.mdpi.com/2673-3978/6/1/2/pdf?version=1737624622,True,Wrapping Amorphous Indium-Gallium-Zinc-Oxide Transistors with High Current Density,3,2025,2025-01-23,https://openalex.org/W4406765433,a-igzo,2025,133,openalex_title_and_abstract_cited_by_count_desc,none,0.0,False,False,False,journal,https://openalex.org/W4406765433,https://openalex.org/W4406765433,10.3390/electronicmat6010002,Electronic Materials,https://openalex.org/S4210240000,journal,2673-3978,"[""2673-3978""]",article,0.86849516,7,Jiaxin Liu,Jiaxin Liu; Shan Huang; Zhenyuan Xiao; Ning Li; Jaekyun Kim; Jidong Jin; Jiawei Zhang,"[{""display_name"": ""Jiaxin Liu"", ""id"": ""https://openalex.org/A5100383779"", ""orcid"": ""https://orcid.org/0009-0008-5838-9991"", ""author_position"": ""first"", ""is_corresponding"": false}, {""display_name"": ""Shan Huang"", ""id"": ""https://openalex.org/A5102927057"", ""orcid"": ""https://orcid.org/0009-0007-6606-2190"", ""author_position"": ""middle"", ""is_corresponding"": false}, {""display_name"": ""Zhenyuan Xiao"", ""id"": ""https://openalex.org/A5007974800"", ""orcid"": ""https://orcid.org/0000-0003-2996-7162"", ""author_position"": ""middle"", ""is_corresponding"": false}, {""display_name"": ""Ning Li"", ""id"": ""https://openalex.org/A5100369007"", ""orcid"": ""https://orcid.org/0000-0002-1830-2723"", ""author_position"": ""middle"", ""is_corresponding"": false}, {""display_name"": ""Jaekyun Kim"", ""id"": ""https://openalex.org/A5037744188"", ""orcid"": ""https://orcid.org/0000-0001-9726-8166"", ""author_position"": ""middle"", ""is_corresponding"": true}, {""display_name"": ""Jidong Jin"", ""id"": ""https://openalex.org/A5051820696"", ""orcid"": ""https://orcid.org/0000-0002-8400-0053"", ""author_position"": ""middle"", ""is_corresponding"": true}, {""display_name"": ""Jiawei Zhang"", ""id"": ""https://openalex.org/A5064468360"", ""orcid"": ""https://orcid.org/0000-0002-1624-9535"", ""author_position"": ""last"", ""is_corresponding"": true}]"
10.1002/advs.202570158,Wiley,https://onlinelibrary.wiley.com/doi/pdfdirect/10.1002/advs.202570158,True,High‐Performance Synapse Arrays for Neuromorphic Computing via Floating Gate‐Engineered IGZO Synaptic Transistors (Adv. Sci. 21/2025),2,2025,2025-06-01,https://openalex.org/W4411772766,a-igzo,2025,134,openalex_title_and_abstract_cited_by_count_desc,none,0.0,False,False,False,journal,https://openalex.org/W4411772766,https://openalex.org/W4411772766,10.1002/advs.202570158,Advanced Science,https://openalex.org/S2737737698,journal,2198-3844,"[""2198-3844""]",article,0.83893146,6,Junhyeong Park,Junhyeong Park; Yumin Yun; Sung‐Soo Bae; Yuseong Jang; Seungyoon Shin; Soo‐Yeon Lee,"[{""display_name"": ""Junhyeong Park"", ""id"": ""https://openalex.org/A5001822348"", ""orcid"": ""https://orcid.org/0000-0002-4318-2882"", ""author_position"": ""first"", ""is_corresponding"": true}, {""display_name"": ""Yumin Yun"", ""id"": ""https://openalex.org/A5052046442"", ""orcid"": ""https://orcid.org/0009-0005-8758-6001"", ""author_position"": ""middle"", ""is_corresponding"": false}, {""display_name"": ""Sung‐Soo Bae"", ""id"": ""https://openalex.org/A5111548239"", ""orcid"": null, ""author_position"": ""middle"", ""is_corresponding"": false}, {""display_name"": ""Yuseong Jang"", ""id"": ""https://openalex.org/A5101495044"", ""orcid"": ""https://orcid.org/0000-0002-9057-482X"", ""author_position"": ""middle"", ""is_corresponding"": false}, {""display_name"": ""Seungyoon Shin"", ""id"": ""https://openalex.org/A5048428793"", ""orcid"": ""https://orcid.org/0009-0002-2104-1381"", ""author_position"": ""middle"", ""is_corresponding"": false}, {""display_name"": ""Soo‐Yeon Lee"", ""id"": ""https://openalex.org/A5100626495"", ""orcid"": ""https://orcid.org/0000-0002-9822-2570"", ""author_position"": ""last"", ""is_corresponding"": false}]"
10.1002/aelm.202400893,Wiley,https://onlinelibrary.wiley.com/doi/pdfdirect/10.1002/aelm.202400893,True,Hydrogen Plasma Treatment for Improving Reliability of In‐Ga‐Zn‐O Transistors Without Side Effects Through Post‐Annealing Process,2,2025,2025-04-28,https://openalex.org/W4409959137,a-igzo,2025,135,openalex_title_and_abstract_cited_by_count_desc,none,0.0,False,False,False,journal,https://openalex.org/W4409959137,https://openalex.org/W4409959137,10.1002/aelm.202400893,Advanced Electronic Materials,https://openalex.org/S2765003236,journal,2199-160X,"[""2199-160X""]",article,0.83242454,9,Taewon Seo,Taewon Seo; Ju‐Young Yun; Seung‐Mo Kim; Changeon Jin; Seongmin Park; Suwon Seong; Dae Hwan Kang; Byoung Hun Lee; Yoonyoung Chung,"[{""display_name"": ""Taewon Seo"", ""id"": ""https://openalex.org/A5102924547"", ""orcid"": ""https://orcid.org/0000-0002-3029-9440"", ""author_position"": ""first"", ""is_corresponding"": false}, {""display_name"": ""Ju‐Young Yun"", ""id"": ""https://openalex.org/A5017226844"", ""orcid"": ""https://orcid.org/0000-0002-5874-6345"", ""author_position"": ""middle"", ""is_corresponding"": false}, {""display_name"": ""Seung‐Mo Kim"", ""id"": ""https://openalex.org/A5053325903"", ""orcid"": null, ""author_position"": ""middle"", ""is_corresponding"": false}, {""display_name"": ""Changeon Jin"", ""id"": ""https://openalex.org/A5111301690"", ""orcid"": null, ""author_position"": ""middle"", ""is_corresponding"": false}, {""display_name"": ""Seongmin Park"", ""id"": ""https://openalex.org/A5100762910"", ""orcid"": ""https://orcid.org/0000-0003-4172-821X"", ""author_position"": ""middle"", ""is_corresponding"": false}, {""display_name"": ""Suwon Seong"", ""id"": ""https://openalex.org/A5041075523"", ""orcid"": null, ""author_position"": ""middle"", ""is_corresponding"": false}, {""display_name"": ""Dae Hwan Kang"", ""id"": ""https://openalex.org/A5053578226"", ""orcid"": ""https://orcid.org/0000-0002-7539-0723"", ""author_position"": ""middle"", ""is_corresponding"": false}, {""display_name"": ""Byoung Hun Lee"", ""id"": ""https://openalex.org/A5105983024"", ""orcid"": ""https://orcid.org/0000-0002-4540-7731"", ""author_position"": ""middle"", ""is_corresponding"": false}, {""display_name"": ""Yoonyoung Chung"", ""id"": ""https://openalex.org/A5090560960"", ""orcid"": ""https://orcid.org/0000-0001-8348-7042"", ""author_position"": ""last"", ""is_corresponding"": true}]"
10.1002/aelm.202500162,Wiley,https://onlinelibrary.wiley.com/doi/pdfdirect/10.1002/aelm.202500162,True,Indium Alloying as a Mobility Booster in IGZO Thin‐Film‐Transistor via Plasma‐Enhanced Atomic Layer Deposition Approach for BEOL Compatible Circuits,2,2025,2025-08-21,https://openalex.org/W4413440650,a-igzo,2025,136,openalex_title_and_abstract_cited_by_count_desc,none,0.0,False,False,False,journal,https://openalex.org/W4413440650,https://openalex.org/W4413440650,10.1002/aelm.202500162,Advanced Electronic Materials,https://openalex.org/S2765003236,journal,2199-160X,"[""2199-160X""]",article,0.8539382,10,Meishan Zhang,Meishan Zhang; Mei Shen; Wenhui Wang; Jun Lan; Jiqing Lu; Yida Dong; Xiao Huang; Zhixiong Li; Longyang Lin; Yida Li,"[{""display_name"": ""Meishan Zhang"", ""id"": ""https://openalex.org/A5102294012"", ""orcid"": null, ""author_position"": ""first"", ""is_corresponding"": false}, {""display_name"": ""Mei Shen"", ""id"": ""https://openalex.org/A5028967702"", ""orcid"": ""https://orcid.org/0000-0002-6559-8272"", ""author_position"": ""middle"", ""is_corresponding"": true}, {""display_name"": ""Wenhui Wang"", ""id"": ""https://openalex.org/A5100370076"", ""orcid"": ""https://orcid.org/0000-0002-5884-6098"", ""author_position"": ""middle"", ""is_corresponding"": false}, {""display_name"": ""Jun Lan"", ""id"": ""https://openalex.org/A5061141477"", ""orcid"": ""https://orcid.org/0000-0003-4824-8243"", ""author_position"": ""middle"", ""is_corresponding"": false}, {""display_name"": ""Jiqing Lu"", ""id"": ""https://openalex.org/A5067081232"", ""orcid"": ""https://orcid.org/0000-0002-1096-7552"", ""author_position"": ""middle"", ""is_corresponding"": false}, {""display_name"": ""Yida Dong"", ""id"": ""https://openalex.org/A5044343897"", ""orcid"": ""https://orcid.org/0009-0000-3431-0590"", ""author_position"": ""middle"", ""is_corresponding"": false}, {""display_name"": ""Xiao Huang"", ""id"": ""https://openalex.org/A5087587237"", ""orcid"": ""https://orcid.org/0000-0003-0245-5271"", ""author_position"": ""middle"", ""is_corresponding"": false}, {""display_name"": ""Zhixiong Li"", ""id"": ""https://openalex.org/A5100640958"", ""orcid"": ""https://orcid.org/0000-0002-7265-0008"", ""author_position"": ""middle"", ""is_corresponding"": false}, {""display_name"": ""Longyang Lin"", ""id"": ""https://openalex.org/A5021091015"", ""orcid"": ""https://orcid.org/0000-0002-4702-737X"", ""author_position"": ""middle"", ""is_corresponding"": false}, {""display_name"": ""Yida Li"", ""id"": ""https://openalex.org/A5049887447"", ""orcid"": ""https://orcid.org/0000-0002-5675-582X"", ""author_position"": ""last"", ""is_corresponding"": true}]"
10.1002/anse.202500003,Wiley,https://onlinelibrary.wiley.com/doi/pdfdirect/10.1002/anse.202500003,True,Electronic Nose Based on a Multi‐Thin Film Transistor Sensor Array Structure for Detecting Odorants with High Selectivity,2,2025,2025-03-27,https://openalex.org/W4408880077,a-igzo,2025,137,openalex_title_and_abstract_cited_by_count_desc,none,0.0,False,False,False,journal,https://openalex.org/W4408880077,https://openalex.org/W4408880077,10.1002/anse.202500003,Analysis & Sensing,https://openalex.org/S4210189799,journal,2629-2742,"[""2629-2742""]",article,0.79062745,14,Sohee Kim,Sohee Kim; Goeun Pyo; Wonhyuk Choi; Hyun Woo Jang; Hyeokjin Kwon; Kwangsu Kim; Su Jin Heo; Dong Su Kim; Jongyoun Kim; Youngu Lee; Hongki Kang; Hyuk‐Jun Kwon; Cheil Moon; Jae Eun Jang,"[{""display_name"": ""Sohee Kim"", ""id"": ""https://openalex.org/A5100411754"", ""orcid"": ""https://orcid.org/0000-0002-4926-8978"", ""author_position"": ""first"", ""is_corresponding"": false}, {""display_name"": ""Goeun Pyo"", ""id"": ""https://openalex.org/A5078674884"", ""orcid"": ""https://orcid.org/0000-0002-0307-9223"", ""author_position"": ""middle"", ""is_corresponding"": false}, {""display_name"": ""Wonhyuk Choi"", ""id"": ""https://openalex.org/A5101775812"", ""orcid"": ""https://orcid.org/0000-0003-1971-0267"", ""author_position"": ""middle"", ""is_corresponding"": false}, {""display_name"": ""Hyun Woo Jang"", ""id"": ""https://openalex.org/A5056068842"", ""orcid"": null, ""author_position"": ""middle"", ""is_corresponding"": false}, {""display_name"": ""Hyeokjin Kwon"", ""id"": ""https://openalex.org/A5101887824"", ""orcid"": ""https://orcid.org/0000-0003-1088-0446"", ""author_position"": ""middle"", ""is_corresponding"": false}, {""display_name"": ""Kwangsu Kim"", ""id"": ""https://openalex.org/A5101586600"", ""orcid"": ""https://orcid.org/0000-0003-0949-7829"", ""author_position"": ""middle"", ""is_corresponding"": false}, {""display_name"": ""Su Jin Heo"", ""id"": ""https://openalex.org/A5102003050"", ""orcid"": ""https://orcid.org/0000-0002-1505-2597"", ""author_position"": ""middle"", ""is_corresponding"": false}, {""display_name"": ""Dong Su Kim"", ""id"": ""https://openalex.org/A5002736998"", ""orcid"": ""https://orcid.org/0000-0002-9911-829X"", ""author_position"": ""middle"", ""is_corresponding"": false}, {""display_name"": ""Jongyoun Kim"", ""id"": ""https://openalex.org/A5102800043"", ""orcid"": ""https://orcid.org/0000-0002-3599-0919"", ""author_position"": ""middle"", ""is_corresponding"": false}, {""display_name"": ""Youngu Lee"", ""id"": ""https://openalex.org/A5046067694"", ""orcid"": ""https://orcid.org/0000-0001-5014-1117"", ""author_position"": ""middle"", ""is_corresponding"": false}, {""display_name"": ""Hongki Kang"", ""id"": ""https://openalex.org/A5079538880"", ""orcid"": ""https://orcid.org/0000-0002-6729-5486"", ""author_position"": ""middle"", ""is_corresponding"": false}, {""display_name"": ""Hyuk‐Jun Kwon"", ""id"": ""https://openalex.org/A5039527129"", ""orcid"": ""https://orcid.org/0000-0002-4767-7444"", ""author_position"": ""middle"", ""is_corresponding"": false}, {""display_name"": ""Cheil Moon"", ""id"": ""https://openalex.org/A5022647420"", ""orcid"": ""https://orcid.org/0000-0002-9741-7229"", ""author_position"": ""middle"", ""is_corresponding"": false}, {""display_name"": ""Jae Eun Jang"", ""id"": ""https://openalex.org/A5050907574"", ""orcid"": ""https://orcid.org/0000-0002-8523-1785"", ""author_position"": ""last"", ""is_corresponding"": true}]"
10.1002/pssa.202400857,Wiley,https://onlinelibrary.wiley.com/doi/pdfdirect/10.1002/pssa.202400857,True,"High Driving Capability of Dual Gate, Dual Sweep Amorphous InGaO Thin Film Transistor by N<sub>2</sub>O Plasma Treatment, Exhibiting Similar Drain Current to P‐Type Poly‐Si Device",2,2025,2025-02-11,https://openalex.org/W4407421058,a-igzo,2025,138,openalex_title_and_abstract_cited_by_count_desc,none,0.0,False,False,False,journal,https://openalex.org/W4407421058,https://openalex.org/W4407421058,10.1002/pssa.202400857,physica status solidi (a),https://openalex.org/S7159504,journal,1862-6300,"[""1862-6300"", ""1862-6319""]",article,0.81612236,7,Jiwon Sun,Jiwon Sun; Jinbaek Bae; Taebin Lim; Myeonggi Jeong; Sabiqun Nahar; Yuna Kim; Jin Jang,"[{""display_name"": ""Jiwon Sun"", ""id"": ""https://openalex.org/A5052706712"", ""orcid"": null, ""author_position"": ""first"", ""is_corresponding"": false}, {""display_name"": ""Jinbaek Bae"", ""id"": ""https://openalex.org/A5024993975"", ""orcid"": ""https://orcid.org/0000-0002-1102-5356"", ""author_position"": ""middle"", ""is_corresponding"": false}, {""display_name"": ""Taebin Lim"", ""id"": ""https://openalex.org/A5086902618"", ""orcid"": ""https://orcid.org/0000-0003-0869-007X"", ""author_position"": ""middle"", ""is_corresponding"": false}, {""display_name"": ""Myeonggi Jeong"", ""id"": ""https://openalex.org/A5101518072"", ""orcid"": ""https://orcid.org/0000-0002-9522-0852"", ""author_position"": ""middle"", ""is_corresponding"": false}, {""display_name"": ""Sabiqun Nahar"", ""id"": ""https://openalex.org/A5112997240"", ""orcid"": ""https://orcid.org/0000-0002-0251-6794"", ""author_position"": ""middle"", ""is_corresponding"": false}, {""display_name"": ""Yuna Kim"", ""id"": ""https://openalex.org/A5100653826"", ""orcid"": ""https://orcid.org/0000-0002-9387-3796"", ""author_position"": ""middle"", ""is_corresponding"": false}, {""display_name"": ""Jin Jang"", ""id"": ""https://openalex.org/A5046235309"", ""orcid"": ""https://orcid.org/0000-0002-7572-5669"", ""author_position"": ""last"", ""is_corresponding"": true}]"
10.1007/s10825-025-02429-9,Springer Science+Business Media,,False,Enhancing memory performance in IGZO-based 2T0C DRAM through comparative analysis of CAA and GAA FET structures,2,2025,2025-09-30,https://openalex.org/W4414622467,a-igzo,2025,139,openalex_title_and_abstract_cited_by_count_desc,none,0.0,False,False,False,journal,https://openalex.org/W4414622467,https://openalex.org/W4414622467,10.1007/s10825-025-02429-9,Journal of Computational Electronics,https://openalex.org/S39312595,journal,1569-8025,"[""1569-8025"", ""1572-8137""]",article,0.86112237,4,Minseop Kim,Minseop Kim; Jaesung Lee; Hyunbo Cho; Jongwook Jeon,"[{""display_name"": ""Minseop Kim"", ""id"": ""https://openalex.org/A5034549633"", ""orcid"": null, ""author_position"": ""first"", ""is_corresponding"": true}, {""display_name"": ""Jaesung Lee"", ""id"": ""https://openalex.org/A5100744043"", ""orcid"": ""https://orcid.org/0000-0002-3757-3510"", ""author_position"": ""middle"", ""is_corresponding"": false}, {""display_name"": ""Hyunbo Cho"", ""id"": ""https://openalex.org/A5088838086"", ""orcid"": ""https://orcid.org/0000-0002-6073-6015"", ""author_position"": ""middle"", ""is_corresponding"": false}, {""display_name"": ""Jongwook Jeon"", ""id"": ""https://openalex.org/A5102495302"", ""orcid"": null, ""author_position"": ""last"", ""is_corresponding"": false}]"
10.1007/s10854-025-14458-y,Springer Science+Business Media,,False,Analysis of total ionizing dose effect and degradation mechanism of a-IGZO TFT,2,2025,2025-02-01,https://openalex.org/W4407926642,a-igzo,2025,140,openalex_title_and_abstract_cited_by_count_desc,none,0.0,False,False,False,journal,https://openalex.org/W4407926642,https://openalex.org/W4407926642,10.1007/s10854-025-14458-y,Journal of Materials Science Materials in Electronics,https://openalex.org/S189509794,journal,0957-4522,"[""0957-4522"", ""1573-482X""]",article,0.81923233,6,Jianjian Wang,Jianjian Wang; Gangping Yan; Jinshun Bi; Sandip Majumdar; Yue Ma; Gaobo Xu,"[{""display_name"": ""Jianjian Wang"", ""id"": ""https://openalex.org/A5100743390"", ""orcid"": ""https://orcid.org/0000-0001-6738-0536"", ""author_position"": ""first"", ""is_corresponding"": false}, {""display_name"": ""Gangping Yan"", ""id"": ""https://openalex.org/A5028093213"", ""orcid"": ""https://orcid.org/0000-0002-5364-3224"", ""author_position"": ""middle"", ""is_corresponding"": false}, {""display_name"": ""Jinshun Bi"", ""id"": ""https://openalex.org/A5069723560"", ""orcid"": ""https://orcid.org/0000-0003-0114-0040"", ""author_position"": ""middle"", ""is_corresponding"": false}, {""display_name"": ""Sandip Majumdar"", ""id"": ""https://openalex.org/A5034257723"", ""orcid"": null, ""author_position"": ""middle"", ""is_corresponding"": false}, {""display_name"": ""Yue Ma"", ""id"": ""https://openalex.org/A5115602373"", ""orcid"": ""https://orcid.org/0000-0001-8412-8308"", ""author_position"": ""middle"", ""is_corresponding"": false}, {""display_name"": ""Gaobo Xu"", ""id"": ""https://openalex.org/A5072583150"", ""orcid"": ""https://orcid.org/0000-0002-4278-251X"", ""author_position"": ""last"", ""is_corresponding"": true}]"
10.1016/j.apsadv.2025.100839,Elsevier BV,,True,Mitigating hydrogen-related instabilities in oxide thin-film transistor via nitrogen-engineered passivation layer for thermal stability,2,2025,2025-09-01,https://openalex.org/W4414048992,a-igzo,2025,141,openalex_title_and_abstract_cited_by_count_desc,none,0.0,False,False,False,journal,https://openalex.org/W4414048992,https://openalex.org/W4414048992,10.1016/j.apsadv.2025.100839,Applied Surface Science Advances,https://openalex.org/S4210213426,journal,2666-5239,"[""2666-5239""]",article,0.85707904,5,I. Sak Lee,I. Sak Lee; Jae Won Na; Kyungmoon Kwak; Jong Bin An; Hyun Jae Kim,"[{""display_name"": ""I. Sak Lee"", ""id"": ""https://openalex.org/A5018706812"", ""orcid"": ""https://orcid.org/0000-0002-6616-189X"", ""author_position"": ""first"", ""is_corresponding"": false}, {""display_name"": ""Jae Won Na"", ""id"": ""https://openalex.org/A5074036324"", ""orcid"": ""https://orcid.org/0009-0006-8072-9177"", ""author_position"": ""middle"", ""is_corresponding"": false}, {""display_name"": ""Kyungmoon Kwak"", ""id"": ""https://openalex.org/A5022876377"", ""orcid"": null, ""author_position"": ""middle"", ""is_corresponding"": false}, {""display_name"": ""Jong Bin An"", ""id"": ""https://openalex.org/A5008726670"", ""orcid"": null, ""author_position"": ""middle"", ""is_corresponding"": false}, {""display_name"": ""Hyun Jae Kim"", ""id"": ""https://openalex.org/A5011866664"", ""orcid"": ""https://orcid.org/0000-0002-6879-9256"", ""author_position"": ""last"", ""is_corresponding"": true}]"
10.1016/j.apsusc.2025.164115,Elsevier BV,,False,Liquid metal printing of 2D IGZO films: Composition control via competitive oxidation and enhanced device performance,2,2025,2025-07-21,https://openalex.org/W4412528619,a-igzo,2025,142,openalex_title_and_abstract_cited_by_count_desc,none,0.0,False,False,False,journal,https://openalex.org/W4412528619,https://openalex.org/W4412528619,10.1016/j.apsusc.2025.164115,Applied Surface Science,https://openalex.org/S42323631,journal,0169-4332,"[""0169-4332"", ""1873-5584""]",article,0.78162935,9,Jiaming Guo,Jiaming Guo; Shanhao Ze; Junbiao Wu; Zhiguo Zhang; Cong Luo; Fei Li; Liu Fei; Jing Li; Baodan Liu,"[{""display_name"": ""Jiaming Guo"", ""id"": ""https://openalex.org/A5072258128"", ""orcid"": null, ""author_position"": ""first"", ""is_corresponding"": false}, {""display_name"": ""Shanhao Ze"", ""id"": ""https://openalex.org/A5095788868"", ""orcid"": null, ""author_position"": ""middle"", ""is_corresponding"": false}, {""display_name"": ""Junbiao Wu"", ""id"": ""https://openalex.org/A5082117135"", ""orcid"": ""https://orcid.org/0000-0002-6369-7453"", ""author_position"": ""middle"", ""is_corresponding"": false}, {""display_name"": ""Zhiguo Zhang"", ""id"": ""https://openalex.org/A5100363352"", ""orcid"": ""https://orcid.org/0000-0002-3290-6849"", ""author_position"": ""middle"", ""is_corresponding"": false}, {""display_name"": ""Cong Luo"", ""id"": ""https://openalex.org/A5083773471"", ""orcid"": ""https://orcid.org/0000-0002-0879-3127"", ""author_position"": ""middle"", ""is_corresponding"": false}, {""display_name"": ""Fei Li"", ""id"": ""https://openalex.org/A5113218120"", ""orcid"": ""https://orcid.org/0009-0008-9543-1861"", ""author_position"": ""middle"", ""is_corresponding"": false}, {""display_name"": ""Liu Fei"", ""id"": ""https://openalex.org/A5114377952"", ""orcid"": ""https://orcid.org/0000-0001-7603-9436"", ""author_position"": ""middle"", ""is_corresponding"": true}, {""display_name"": ""Jing Li"", ""id"": ""https://openalex.org/A5100367188"", ""orcid"": ""https://orcid.org/0000-0002-2256-9818"", ""author_position"": ""middle"", ""is_corresponding"": true}, {""display_name"": ""Baodan Liu"", ""id"": ""https://openalex.org/A5014907414"", ""orcid"": ""https://orcid.org/0000-0001-8141-8940"", ""author_position"": ""last"", ""is_corresponding"": true}]"
10.1016/j.cej.2025.170908,Elsevier BV,,False,High-mobility vertical thin-film transistors enabling vertically integrated OLED devices for high-density displays,2,2025,2025-11-18,https://openalex.org/W4416335078,a-igzo,2025,143,openalex_title_and_abstract_cited_by_count_desc,none,0.0,False,False,False,journal,https://openalex.org/W4416335078,https://openalex.org/W4416335078,10.1016/j.cej.2025.170908,Chemical Engineering Journal,https://openalex.org/S149937609,journal,1385-8947,"[""1385-8947"", ""1873-3212""]",article,0.86517563,4,Nahyun Kim,Nahyun Kim; Chang Y. Ryu; Ho Jin Lee; Tae Geun Kim,"[{""display_name"": ""Nahyun Kim"", ""id"": ""https://openalex.org/A5100706038"", ""orcid"": ""https://orcid.org/0000-0001-9312-3939"", ""author_position"": ""first"", ""is_corresponding"": false}, {""display_name"": ""Chang Y. Ryu"", ""id"": ""https://openalex.org/A5069800673"", ""orcid"": ""https://orcid.org/0000-0002-8013-0328"", ""author_position"": ""middle"", ""is_corresponding"": false}, {""display_name"": ""Ho Jin Lee"", ""id"": ""https://openalex.org/A5100725154"", ""orcid"": null, ""author_position"": ""middle"", ""is_corresponding"": false}, {""display_name"": ""Tae Geun Kim"", ""id"": ""https://openalex.org/A5053171084"", ""orcid"": ""https://orcid.org/0000-0001-6211-1134"", ""author_position"": ""last"", ""is_corresponding"": true}]"
10.1016/j.ceramint.2025.08.368,Elsevier BV,,False,Evolution of microstructure of sputtered films deposited using different indium gallium zinc oxide targets upon annealing,2,2025,2025-08-25,https://openalex.org/W4413578683,a-igzo,2025,144,openalex_title_and_abstract_cited_by_count_desc,none,0.0,False,False,False,journal,https://openalex.org/W4413578683,https://openalex.org/W4413578683,10.1016/j.ceramint.2025.08.368,Ceramics International,https://openalex.org/S106928643,journal,0272-8842,"[""0272-8842"", ""1873-3956""]",article,0.79091477,7,Jie Chen,Jie Chen; Rui Du; Shuhan Liu; Chao Qi; Benshuang Sun; Ruolan Zhong; Jilin He,"[{""display_name"": ""Jie Chen"", ""id"": ""https://openalex.org/A5037124102"", ""orcid"": ""https://orcid.org/0000-0003-2290-1435"", ""author_position"": ""first"", ""is_corresponding"": true}, {""display_name"": ""Rui Du"", ""id"": ""https://openalex.org/A5052170131"", ""orcid"": ""https://orcid.org/0000-0002-7306-4705"", ""author_position"": ""middle"", ""is_corresponding"": false}, {""display_name"": ""Shuhan Liu"", ""id"": ""https://openalex.org/A5101976382"", ""orcid"": ""https://orcid.org/0009-0007-7198-6187"", ""author_position"": ""middle"", ""is_corresponding"": false}, {""display_name"": ""Chao Qi"", ""id"": ""https://openalex.org/A5103004797"", ""orcid"": ""https://orcid.org/0000-0002-7651-3879"", ""author_position"": ""middle"", ""is_corresponding"": false}, {""display_name"": ""Benshuang Sun"", ""id"": ""https://openalex.org/A5102392967"", ""orcid"": null, ""author_position"": ""middle"", ""is_corresponding"": false}, {""display_name"": ""Ruolan Zhong"", ""id"": ""https://openalex.org/A5109829739"", ""orcid"": null, ""author_position"": ""middle"", ""is_corresponding"": false}, {""display_name"": ""Jilin He"", ""id"": ""https://openalex.org/A5102535620"", ""orcid"": null, ""author_position"": ""last"", ""is_corresponding"": false}]"
10.1016/j.device.2025.100988,Elsevier BV,,False,Stochastic self-rectifying memristor crossbar array as physical unclonable function for authentication and tamper-evident image security,2,2025,2025-11-12,https://openalex.org/W4416150125,a-igzo,2025,145,openalex_title_and_abstract_cited_by_count_desc,none,0.0,False,False,False,journal,https://openalex.org/W4416150125,https://openalex.org/W4416150125,10.1016/j.device.2025.100988,Device,https://openalex.org/S4387290120,journal,2666-9986,"[""2666-9986""]",article,0.95396608,14,Guobin Zhang,Guobin Zhang; Zijian Wang; Xuemeng Fan; Qi Luo; Pengtao Li; Zhejia Zhang; Kejie Huang; Yitao Ma; Jennifer Zhang; Dawei Gao; Bin Yu; Qing Wan; Xiangshui Miao; Yishu Zhang,"[{""display_name"": ""Guobin Zhang"", ""id"": ""https://openalex.org/A5107549787"", ""orcid"": ""https://orcid.org/0000-0003-3938-5879"", ""author_position"": ""first"", ""is_corresponding"": true}, {""display_name"": ""Zijian Wang"", ""id"": ""https://openalex.org/A5027960226"", ""orcid"": ""https://orcid.org/0009-0002-0566-2970"", ""author_position"": ""middle"", ""is_corresponding"": false}, {""display_name"": ""Xuemeng Fan"", ""id"": ""https://openalex.org/A5064422459"", ""orcid"": ""https://orcid.org/0009-0000-0184-3382"", ""author_position"": ""middle"", ""is_corresponding"": false}, {""display_name"": ""Qi Luo"", ""id"": ""https://openalex.org/A5100579386"", ""orcid"": ""https://orcid.org/0009-0003-0931-8314"", ""author_position"": ""middle"", ""is_corresponding"": false}, {""display_name"": ""Pengtao Li"", ""id"": ""https://openalex.org/A5028326935"", ""orcid"": ""https://orcid.org/0009-0000-9108-1640"", ""author_position"": ""middle"", ""is_corresponding"": false}, {""display_name"": ""Zhejia Zhang"", ""id"": ""https://openalex.org/A5057371642"", ""orcid"": ""https://orcid.org/0009-0008-1153-0652"", ""author_position"": ""middle"", ""is_corresponding"": false}, {""display_name"": ""Kejie Huang"", ""id"": ""https://openalex.org/A5091073331"", ""orcid"": ""https://orcid.org/0000-0003-3722-9979"", ""author_position"": ""middle"", ""is_corresponding"": false}, {""display_name"": ""Yitao Ma"", ""id"": ""https://openalex.org/A5083627030"", ""orcid"": ""https://orcid.org/0000-0003-4004-0245"", ""author_position"": ""middle"", ""is_corresponding"": false}, {""display_name"": ""Jennifer Zhang"", ""id"": ""https://openalex.org/A5030082356"", ""orcid"": ""https://orcid.org/0000-0002-4485-1750"", ""author_position"": ""middle"", ""is_corresponding"": false}, {""display_name"": ""Dawei Gao"", ""id"": ""https://openalex.org/A5031752129"", ""orcid"": ""https://orcid.org/0009-0002-7786-1506"", ""author_position"": ""middle"", ""is_corresponding"": false}, {""display_name"": ""Bin Yu"", ""id"": ""https://openalex.org/A5042761297"", ""orcid"": ""https://orcid.org/0000-0003-0237-6311"", ""author_position"": ""middle"", ""is_corresponding"": false}, {""display_name"": ""Qing Wan"", ""id"": ""https://openalex.org/A5101056999"", ""orcid"": null, ""author_position"": ""middle"", ""is_corresponding"": false}, {""display_name"": ""Xiangshui Miao"", ""id"": ""https://openalex.org/A5100607861"", ""orcid"": ""https://orcid.org/0000-0002-5621-5495"", ""author_position"": ""middle"", ""is_corresponding"": false}, {""display_name"": ""Yishu Zhang"", ""id"": ""https://openalex.org/A5052823071"", ""orcid"": ""https://orcid.org/0000-0001-8774-7374"", ""author_position"": ""last"", ""is_corresponding"": false}]"
10.1016/j.inoche.2025.113953,Elsevier BV,,False,Modeling lead-free double absorber perovskites CsSn0.5Ge0.5I3 and (FA)2BiCuI6 for efficient PSCs,2,2025,2025-01-17,https://openalex.org/W4406450185,a-igzo,2025,146,openalex_title_and_abstract_cited_by_count_desc,none,0.0,False,False,False,journal,https://openalex.org/W4406450185,https://openalex.org/W4406450185,10.1016/j.inoche.2025.113953,Inorganic Chemistry Communications,https://openalex.org/S166634186,journal,1387-7003,"[""1387-7003"", ""1879-0259""]",article,0.81184087,2,Nafisa Bala,Nafisa Bala; Sanjeev Kumar Mallik,"[{""display_name"": ""Nafisa Bala"", ""id"": ""https://openalex.org/A5072021880"", ""orcid"": ""https://orcid.org/0009-0005-0654-1435"", ""author_position"": ""first"", ""is_corresponding"": true}, {""display_name"": ""Sanjeev Kumar Mallik"", ""id"": ""https://openalex.org/A5110118308"", ""orcid"": null, ""author_position"": ""last"", ""is_corresponding"": false}]"
10.1016/j.jallcom.2025.180711,Elsevier BV,,False,Control of threshold voltage in IGZO/ITO thin-film transistors through tuning oxygen partial pressure,2,2025,2025-05-01,https://openalex.org/W4410055776,a-igzo,2025,147,openalex_title_and_abstract_cited_by_count_desc,none,0.0,False,False,False,journal,https://openalex.org/W4410055776,https://openalex.org/W4410055776,10.1016/j.jallcom.2025.180711,Journal of Alloys and Compounds,https://openalex.org/S67716761,journal,0925-8388,"[""0925-8388"", ""1873-4669""]",article,0.83339579,4,Yao Zhang,Yao Zhang; Yang Qin; Wenxing Huo; Xian Huang,"[{""display_name"": ""Yao Zhang"", ""id"": ""https://openalex.org/A5100446991"", ""orcid"": ""https://orcid.org/0000-0002-7468-2409"", ""author_position"": ""first"", ""is_corresponding"": false}, {""display_name"": ""Yang Qin"", ""id"": ""https://openalex.org/A5107865397"", ""orcid"": ""https://orcid.org/0000-0001-7752-9656"", ""author_position"": ""middle"", ""is_corresponding"": false}, {""display_name"": ""Wenxing Huo"", ""id"": ""https://openalex.org/A5028387086"", ""orcid"": ""https://orcid.org/0000-0002-1832-9328"", ""author_position"": ""middle"", ""is_corresponding"": true}, {""display_name"": ""Xian Huang"", ""id"": ""https://openalex.org/A5021712995"", ""orcid"": ""https://orcid.org/0000-0002-8788-9185"", ""author_position"": ""last"", ""is_corresponding"": false}]"
10.1016/j.mtsust.2025.101105,Elsevier BV,,True,Improved self-rectifying characteristics observed in ZnO/IGZO bilayer RRAM cells using eco-friendly indirect post-treatment,2,2025,2025-04-03,https://openalex.org/W4409113541,a-igzo,2025,148,openalex_title_and_abstract_cited_by_count_desc,none,0.0,False,False,False,journal,https://openalex.org/W4409113541,https://openalex.org/W4409113541,10.1016/j.mtsust.2025.101105,Materials Today Sustainability,https://openalex.org/S4210183045,journal,2589-2347,"[""2589-2347""]",article,0.81649661,4,Myoungsu Chae,Myoungsu Chae; Yuseong Jang; Doowon Lee; Hee‐Dong Kim,"[{""display_name"": ""Myoungsu Chae"", ""id"": ""https://openalex.org/A5018971278"", ""orcid"": ""https://orcid.org/0000-0001-5067-7990"", ""author_position"": ""first"", ""is_corresponding"": false}, {""display_name"": ""Yuseong Jang"", ""id"": ""https://openalex.org/A5101495044"", ""orcid"": null, ""author_position"": ""middle"", ""is_corresponding"": false}, {""display_name"": ""Doowon Lee"", ""id"": ""https://openalex.org/A5068356978"", ""orcid"": ""https://orcid.org/0000-0001-6635-5953"", ""author_position"": ""middle"", ""is_corresponding"": false}, {""display_name"": ""Hee‐Dong Kim"", ""id"": ""https://openalex.org/A5032954709"", ""orcid"": ""https://orcid.org/0000-0003-1555-7509"", ""author_position"": ""last"", ""is_corresponding"": true}]"
10.1016/j.sna.2025.116441,Elsevier BV,,False,High-performance indium-gallium-zinc-oxide thin-film transistor with Al-induced crystallization for ultra-sensitive detection of gastric cancer exosome microRNA-106a,2,2025,2025-03-08,https://openalex.org/W4408255147,a-igzo,2025,149,openalex_title_and_abstract_cited_by_count_desc,none,0.0,False,False,False,journal,https://openalex.org/W4408255147,https://openalex.org/W4408255147,10.1016/j.sna.2025.116441,Sensors and Actuators A Physical,https://openalex.org/S16945967,journal,0924-4247,"[""0924-4247"", ""1873-3069""]",article,0.82168723,10,Tengbo Lv,Tengbo Lv; Jiale Liu; Fei Li; Shenhui Ma; Xianqi Wei; Juan Hu; Xin Li; Chuanyu Han; Shuixiang He; Xiaoli Wang,"[{""display_name"": ""Tengbo Lv"", ""id"": ""https://openalex.org/A5100033732"", ""orcid"": null, ""author_position"": ""first"", ""is_corresponding"": false}, {""display_name"": ""Jiale Liu"", ""id"": ""https://openalex.org/A5100767131"", ""orcid"": ""https://orcid.org/0000-0001-5608-5988"", ""author_position"": ""middle"", ""is_corresponding"": false}, {""display_name"": ""Fei Li"", ""id"": ""https://openalex.org/A5100325768"", ""orcid"": ""https://orcid.org/0000-0001-7490-3884"", ""author_position"": ""middle"", ""is_corresponding"": false}, {""display_name"": ""Shenhui Ma"", ""id"": ""https://openalex.org/A5013286297"", ""orcid"": ""https://orcid.org/0000-0001-9269-4959"", ""author_position"": ""middle"", ""is_corresponding"": false}, {""display_name"": ""Xianqi Wei"", ""id"": ""https://openalex.org/A5100033733"", ""orcid"": null, ""author_position"": ""middle"", ""is_corresponding"": false}, {""display_name"": ""Juan Hu"", ""id"": ""https://openalex.org/A5079701813"", ""orcid"": ""https://orcid.org/0000-0003-0669-3146"", ""author_position"": ""middle"", ""is_corresponding"": false}, {""display_name"": ""Xin Li"", ""id"": ""https://openalex.org/A5100343147"", ""orcid"": null, ""author_position"": ""middle"", ""is_corresponding"": false}, {""display_name"": ""Chuanyu Han"", ""id"": ""https://openalex.org/A5035691777"", ""orcid"": null, ""author_position"": ""middle"", ""is_corresponding"": true}, {""display_name"": ""Shuixiang He"", ""id"": ""https://openalex.org/A5003394756"", ""orcid"": ""https://orcid.org/0000-0002-4832-1896"", ""author_position"": ""middle"", ""is_corresponding"": false}, {""display_name"": ""Xiaoli Wang"", ""id"": ""https://openalex.org/A5100456895"", ""orcid"": ""https://orcid.org/0000-0002-0640-9865"", ""author_position"": ""last"", ""is_corresponding"": true}]"
10.1016/j.sse.2025.109203,Elsevier BV,,False,Analysis of operation delay and switching speed limitation due to source/drain resistance and subgap density of states in amorphous InGaZnOx/HfZrOx ferroelectric thin-film transistor,2,2025,2025-08-05,https://openalex.org/W4412980047,a-igzo,2025,150,openalex_title_and_abstract_cited_by_count_desc,none,0.0,False,False,False,journal,https://openalex.org/W4412980047,https://openalex.org/W4412980047,10.1016/j.sse.2025.109203,Solid-State Electronics,https://openalex.org/S77418581,journal,0038-1101,"[""0038-1101"", ""1879-2405""]",article,0.85265641,9,Sejun Park,Sejun Park; H. J. Yang; Haesung Kim; Hayun Jeong; Sung‐Jin Choi; Dae Hwan Kim; Dong Myong Kim; Minkyu Park; Jong‐Ho Bae,"[{""display_name"": ""Sejun Park"", ""id"": ""https://openalex.org/A5078060778"", ""orcid"": ""https://orcid.org/0009-0006-5931-2406"", ""author_position"": ""first"", ""is_corresponding"": false}, {""display_name"": ""H. J. Yang"", ""id"": ""https://openalex.org/A5076589075"", ""orcid"": ""https://orcid.org/0009-0007-2806-5569"", ""author_position"": ""middle"", ""is_corresponding"": false}, {""display_name"": ""Haesung Kim"", ""id"": ""https://openalex.org/A5022135391"", ""orcid"": ""https://orcid.org/0000-0002-3392-9444"", ""author_position"": ""middle"", ""is_corresponding"": false}, {""display_name"": ""Hayun Jeong"", ""id"": ""https://openalex.org/A5066233715"", ""orcid"": ""https://orcid.org/0009-0000-1969-1241"", ""author_position"": ""middle"", ""is_corresponding"": false}, {""display_name"": ""Sung‐Jin Choi"", ""id"": ""https://openalex.org/A5030691472"", ""orcid"": ""https://orcid.org/0000-0003-1301-2847"", ""author_position"": ""middle"", ""is_corresponding"": false}, {""display_name"": ""Dae Hwan Kim"", ""id"": ""https://openalex.org/A5109063264"", ""orcid"": null, ""author_position"": ""middle"", ""is_corresponding"": false}, {""display_name"": ""Dong Myong Kim"", ""id"": ""https://openalex.org/A5080691938"", ""orcid"": ""https://orcid.org/0000-0002-0858-5854"", ""author_position"": ""middle"", ""is_corresponding"": false}, {""display_name"": ""Minkyu Park"", ""id"": ""https://openalex.org/A5004596647"", ""orcid"": ""https://orcid.org/0000-0003-1139-9347"", ""author_position"": ""middle"", ""is_corresponding"": false}, {""display_name"": ""Jong‐Ho Bae"", ""id"": ""https://openalex.org/A5021913940"", ""orcid"": ""https://orcid.org/0000-0002-1786-7132"", ""author_position"": ""last"", ""is_corresponding"": true}]"
10.1021/acs.jpcc.5c05730,American Chemical Society,,False,"Thermal Atomic Layer Etching of Indium Gallium Zinc Oxide (IGZO), In <sub>2</sub> O <sub>3</sub> , Ga <sub>2</sub> O <sub>3</sub> , and ZnO Using Sequential Hydrogen Fluoride and Acetylacetone Exposures",2,2025,2025-10-30,https://openalex.org/W4415710293,a-igzo,2025,151,openalex_title_and_abstract_cited_by_count_desc,none,0.0,False,False,False,journal,https://openalex.org/W4415710293,https://openalex.org/W4415710293,10.1021/acs.jpcc.5c05730,The Journal of Physical Chemistry C,https://openalex.org/S95739953,journal,1932-7447,"[""1932-7447"", ""1932-7455""]",article,0.78346501,5,Troy A. Colleran,Troy A. Colleran; А. И. Абдулагатов; Jonathan L. Partridge; Andrew S. Cavanagh; Steven M. George,"[{""display_name"": ""Troy A. Colleran"", ""id"": ""https://openalex.org/A5093810676"", ""orcid"": null, ""author_position"": ""first"", ""is_corresponding"": false}, {""display_name"": ""А. И. Абдулагатов"", ""id"": ""https://openalex.org/A5024524484"", ""orcid"": ""https://orcid.org/0000-0002-8026-6612"", ""author_position"": ""middle"", ""is_corresponding"": false}, {""display_name"": ""Jonathan L. Partridge"", ""id"": ""https://openalex.org/A5029314401"", ""orcid"": ""https://orcid.org/0000-0002-0071-9854"", ""author_position"": ""middle"", ""is_corresponding"": false}, {""display_name"": ""Andrew S. Cavanagh"", ""id"": ""https://openalex.org/A5075713957"", ""orcid"": ""https://orcid.org/0000-0002-6201-530X"", ""author_position"": ""middle"", ""is_corresponding"": false}, {""display_name"": ""Steven M. George"", ""id"": ""https://openalex.org/A5033879679"", ""orcid"": ""https://orcid.org/0000-0003-0253-9184"", ""author_position"": ""last"", ""is_corresponding"": true}]"
10.1021/acs.nanolett.5c00313,American Chemical Society,,False,van der Waals Lamination for Effective Bottom Channel Modulation of Oxide Transistors,2,2025,2025-03-27,https://openalex.org/W4408903773,a-igzo,2025,152,openalex_title_and_abstract_cited_by_count_desc,none,0.0,False,False,False,journal,https://openalex.org/W4408903773,https://openalex.org/W4408903773,10.1021/acs.nanolett.5c00313,Nano Letters,https://openalex.org/S143846845,journal,1530-6984,"[""1530-6984"", ""1530-6992""]",article,0.81577906,15,Xiaokun Yang,Xiaokun Yang; Donglin Lu; Rui He; Chen Yang; Zheyi Lu; Liting Liu; Songlong Liu; Quanyang Tao; Likuan Ma; Shuimei Ding; Xiao Liu; Yunxin Li; Yiliu Wang; Lei Liao; Yuan Liu,"[{""display_name"": ""Xiaokun Yang"", ""id"": ""https://openalex.org/A5103203561"", ""orcid"": ""https://orcid.org/0000-0002-5210-0922"", ""author_position"": ""first"", ""is_corresponding"": false}, {""display_name"": ""Donglin Lu"", ""id"": ""https://openalex.org/A5056331471"", ""orcid"": ""https://orcid.org/0000-0001-6461-6144"", ""author_position"": ""middle"", ""is_corresponding"": false}, {""display_name"": ""Rui He"", ""id"": ""https://openalex.org/A5036222212"", ""orcid"": ""https://orcid.org/0000-0001-5039-2952"", ""author_position"": ""middle"", ""is_corresponding"": false}, {""display_name"": ""Chen Yang"", ""id"": ""https://openalex.org/A5100717812"", ""orcid"": ""https://orcid.org/0000-0001-9820-0833"", ""author_position"": ""middle"", ""is_corresponding"": false}, {""display_name"": ""Zheyi Lu"", ""id"": ""https://openalex.org/A5062002878"", ""orcid"": null, ""author_position"": ""middle"", ""is_corresponding"": false}, {""display_name"": ""Liting Liu"", ""id"": ""https://openalex.org/A5101966823"", ""orcid"": ""https://orcid.org/0000-0002-6247-9147"", ""author_position"": ""middle"", ""is_corresponding"": false}, {""display_name"": ""Songlong Liu"", ""id"": ""https://openalex.org/A5013118142"", ""orcid"": null, ""author_position"": ""middle"", ""is_corresponding"": false}, {""display_name"": ""Quanyang Tao"", ""id"": ""https://openalex.org/A5078987455"", ""orcid"": null, ""author_position"": ""middle"", ""is_corresponding"": false}, {""display_name"": ""Likuan Ma"", ""id"": ""https://openalex.org/A5031627650"", ""orcid"": ""https://orcid.org/0000-0002-6120-4096"", ""author_position"": ""middle"", ""is_corresponding"": false}, {""display_name"": ""Shuimei Ding"", ""id"": ""https://openalex.org/A5015765095"", ""orcid"": ""https://orcid.org/0009-0005-2775-3023"", ""author_position"": ""middle"", ""is_corresponding"": false}, {""display_name"": ""Xiao Liu"", ""id"": ""https://openalex.org/A5013391133"", ""orcid"": ""https://orcid.org/0000-0001-6653-1582"", ""author_position"": ""middle"", ""is_corresponding"": false}, {""display_name"": ""Yunxin Li"", ""id"": ""https://openalex.org/A5101532504"", ""orcid"": ""https://orcid.org/0009-0000-0828-9214"", ""author_position"": ""middle"", ""is_corresponding"": false}, {""display_name"": ""Yiliu Wang"", ""id"": ""https://openalex.org/A5103024368"", ""orcid"": ""https://orcid.org/0000-0003-3560-9249"", ""author_position"": ""middle"", ""is_corresponding"": true}, {""display_name"": ""Lei Liao"", ""id"": ""https://openalex.org/A5036022527"", ""orcid"": ""https://orcid.org/0000-0003-1325-2410"", ""author_position"": ""middle"", ""is_corresponding"": false}, {""display_name"": ""Yuan Liu"", ""id"": ""https://openalex.org/A5100390838"", ""orcid"": ""https://orcid.org/0000-0002-0024-9290"", ""author_position"": ""last"", ""is_corresponding"": true}]"
10.1021/acs.nanolett.5c02067,American Chemical Society,,False,Unveiling Radiation-Tolerant Thickness in a-IGZO Thin-Film Transistors with Sub-10 nm Film and Restoring Abnormalities via Energy-Efficient Electrothermal Annealing,2,2025,2025-06-10,https://openalex.org/W4411164382,a-igzo,2025,153,openalex_title_and_abstract_cited_by_count_desc,none,0.0,False,False,False,journal,https://openalex.org/W4411164382,https://openalex.org/W4411164382,10.1021/acs.nanolett.5c02067,Nano Letters,https://openalex.org/S143846845,journal,1530-6984,"[""1530-6984"", ""1530-6992""]",article,0.83371297,15,Sojin Jung,Sojin Jung; Jae‐Hyoung Yoo; Hongseung Lee; Hyeonjun Song; Soyeon Kim; Seongbin Lim; Seohyeon Park; Sung‐Min Jung; Dongwook Won; Jin‐Ha Hwang; Gang Qiu; Tae‐Wan Kim; Kiyoung Lee; Hagyoul Bae; Hagyoul Bae,"[{""display_name"": ""Sojin Jung"", ""id"": ""https://openalex.org/A5112406946"", ""orcid"": null, ""author_position"": ""first"", ""is_corresponding"": false}, {""display_name"": ""Jae‐Hyoung Yoo"", ""id"": ""https://openalex.org/A5109241535"", ""orcid"": ""https://orcid.org/0009-0000-3334-7180"", ""author_position"": ""middle"", ""is_corresponding"": false}, {""display_name"": ""Hongseung Lee"", ""id"": ""https://openalex.org/A5110978347"", ""orcid"": null, ""author_position"": ""middle"", ""is_corresponding"": false}, {""display_name"": ""Hyeonjun Song"", ""id"": ""https://openalex.org/A5109714695"", ""orcid"": null, ""author_position"": ""middle"", ""is_corresponding"": false}, {""display_name"": ""Soyeon Kim"", ""id"": ""https://openalex.org/A5110716981"", ""orcid"": null, ""author_position"": ""middle"", ""is_corresponding"": false}, {""display_name"": ""Seongbin Lim"", ""id"": ""https://openalex.org/A5102650312"", ""orcid"": null, ""author_position"": ""middle"", ""is_corresponding"": false}, {""display_name"": ""Seohyeon Park"", ""id"": ""https://openalex.org/A5113362887"", ""orcid"": null, ""author_position"": ""middle"", ""is_corresponding"": false}, {""display_name"": ""Sung‐Min Jung"", ""id"": ""https://openalex.org/A5001944438"", ""orcid"": ""https://orcid.org/0000-0002-8365-7512"", ""author_position"": ""middle"", ""is_corresponding"": false}, {""display_name"": ""Dongwook Won"", ""id"": ""https://openalex.org/A5103044261"", ""orcid"": ""https://orcid.org/0000-0001-9631-4562"", ""author_position"": ""middle"", ""is_corresponding"": false}, {""display_name"": ""Jin‐Ha Hwang"", ""id"": ""https://openalex.org/A5026901794"", ""orcid"": ""https://orcid.org/0000-0002-9581-7413"", ""author_position"": ""middle"", ""is_corresponding"": false}, {""display_name"": ""Gang Qiu"", ""id"": ""https://openalex.org/A5046303912"", ""orcid"": ""https://orcid.org/0000-0003-2248-3253"", ""author_position"": ""middle"", ""is_corresponding"": false}, {""display_name"": ""Tae‐Wan Kim"", ""id"": ""https://openalex.org/A5100329532"", ""orcid"": ""https://orcid.org/0000-0002-3385-4657"", ""author_position"": ""middle"", ""is_corresponding"": false}, {""display_name"": ""Kiyoung Lee"", ""id"": ""https://openalex.org/A5100719657"", ""orcid"": ""https://orcid.org/0000-0003-1716-6886"", ""author_position"": ""middle"", ""is_corresponding"": false}, {""display_name"": ""Hagyoul Bae"", ""id"": ""https://openalex.org/A5054179190"", ""orcid"": ""https://orcid.org/0000-0002-2462-4198"", ""author_position"": ""middle"", ""is_corresponding"": true}, {""display_name"": ""Hagyoul Bae"", ""id"": null, ""orcid"": ""https://orcid.org/0000-0002-2462-4198"", ""author_position"": ""last"", ""is_corresponding"": true}]"
10.1021/acsaelm.5c00218,American Chemical Society,,False,Enhanced Detectivity and Electrical Properties in Organic Photodetectors Using IGZO Interfacial Layer,2,2025,2025-03-29,https://openalex.org/W4408967141,a-igzo,2025,154,openalex_title_and_abstract_cited_by_count_desc,none,0.0,False,False,False,journal,https://openalex.org/W4408967141,https://openalex.org/W4408967141,10.1021/acsaelm.5c00218,ACS Applied Electronic Materials,https://openalex.org/S4210217399,journal,2637-6113,"[""2637-6113""]",article,0.8283112,5,Gun woong Kim,Gun woong Kim; Jaebum Jeong; Karina Ayu Larasati; Yun‐Hi Kim; Jun Young Kim,"[{""display_name"": ""Gun woong Kim"", ""id"": ""https://openalex.org/A5111019973"", ""orcid"": null, ""author_position"": ""first"", ""is_corresponding"": false}, {""display_name"": ""Jaebum Jeong"", ""id"": ""https://openalex.org/A5109434854"", ""orcid"": ""https://orcid.org/0000-0001-7425-049X"", ""author_position"": ""middle"", ""is_corresponding"": false}, {""display_name"": ""Karina Ayu Larasati"", ""id"": ""https://openalex.org/A5116844812"", ""orcid"": null, ""author_position"": ""middle"", ""is_corresponding"": false}, {""display_name"": ""Yun‐Hi Kim"", ""id"": ""https://openalex.org/A5027372746"", ""orcid"": ""https://orcid.org/0000-0001-8856-4414"", ""author_position"": ""middle"", ""is_corresponding"": true}, {""display_name"": ""Jun Young Kim"", ""id"": ""https://openalex.org/A5100655730"", ""orcid"": ""https://orcid.org/0000-0002-0641-4891"", ""author_position"": ""last"", ""is_corresponding"": true}]"
10.1021/acsaelm.5c00433,American Chemical Society,https://pubs.acs.org/doi/pdf/10.1021/acsaelm.5c00433?ref=article_openPDF,True,Role of Invisible Oxygen in the Trilayer Laminates of Ultrathin a-IGZO/SiO<sub><i>x</i></sub>/a-IGZO Films,2,2025,2025-03-19,https://openalex.org/W4408596788,a-igzo,2025,155,openalex_title_and_abstract_cited_by_count_desc,none,0.0,False,False,False,journal,https://openalex.org/W4408596788,https://openalex.org/W4408596788,10.1021/acsaelm.5c00433,ACS Applied Electronic Materials,https://openalex.org/S4210217399,journal,2637-6113,"[""2637-6113""]",article,0.81802962,7,Aitkazy Kaisha,Aitkazy Kaisha; Olzat Toktarbaiuly; Ardak Ainabаyev; Tolagay Duisebayev; Hongqiang Wang; Nurxat Nuraje; I. V. Shvets,"[{""display_name"": ""Aitkazy Kaisha"", ""id"": ""https://openalex.org/A5060865162"", ""orcid"": ""https://orcid.org/0000-0001-7203-9842"", ""author_position"": ""first"", ""is_corresponding"": true}, {""display_name"": ""Olzat Toktarbaiuly"", ""id"": ""https://openalex.org/A5037024810"", ""orcid"": null, ""author_position"": ""middle"", ""is_corresponding"": false}, {""display_name"": ""Ardak Ainabаyev"", ""id"": ""https://openalex.org/A5003861455"", ""orcid"": ""https://orcid.org/0000-0003-4302-7185"", ""author_position"": ""middle"", ""is_corresponding"": false}, {""display_name"": ""Tolagay Duisebayev"", ""id"": ""https://openalex.org/A5010414129"", ""orcid"": ""https://orcid.org/0000-0002-4992-0495"", ""author_position"": ""middle"", ""is_corresponding"": false}, {""display_name"": ""Hongqiang Wang"", ""id"": ""https://openalex.org/A5100757645"", ""orcid"": ""https://orcid.org/0000-0003-1262-1958"", ""author_position"": ""middle"", ""is_corresponding"": false}, {""display_name"": ""Nurxat Nuraje"", ""id"": ""https://openalex.org/A5082953530"", ""orcid"": ""https://orcid.org/0000-0002-4335-8905"", ""author_position"": ""middle"", ""is_corresponding"": false}, {""display_name"": ""I. V. Shvets"", ""id"": ""https://openalex.org/A5022528530"", ""orcid"": ""https://orcid.org/0000-0001-7451-5435"", ""author_position"": ""last"", ""is_corresponding"": false}]"
10.1021/acsaelm.5c00447,American Chemical Society,,False,Visible Light Wavelength-Dependent Erasing in AOS-Based Charge Trap TFTs for Enhanced Neuromorphic Display Performance,2,2025,2025-06-03,https://openalex.org/W4410983593,a-igzo,2025,156,openalex_title_and_abstract_cited_by_count_desc,none,0.0,False,False,False,journal,https://openalex.org/W4410983593,https://openalex.org/W4410983593,10.1021/acsaelm.5c00447,ACS Applied Electronic Materials,https://openalex.org/S4210217399,journal,2637-6113,"[""2637-6113""]",article,0.83260041,6,Hoon Jeong,Hoon Jeong; Dae‐Hwan Ahn; Seoungmin Park; Gijun Ju; Jae‐Hoon Han; Younghyun Kim,"[{""display_name"": ""Hoon Jeong"", ""id"": ""https://openalex.org/A5046245685"", ""orcid"": ""https://orcid.org/0009-0007-6878-3119"", ""author_position"": ""first"", ""is_corresponding"": false}, {""display_name"": ""Dae‐Hwan Ahn"", ""id"": ""https://openalex.org/A5081571368"", ""orcid"": ""https://orcid.org/0000-0001-5472-6016"", ""author_position"": ""middle"", ""is_corresponding"": false}, {""display_name"": ""Seoungmin Park"", ""id"": ""https://openalex.org/A5060777789"", ""orcid"": null, ""author_position"": ""middle"", ""is_corresponding"": false}, {""display_name"": ""Gijun Ju"", ""id"": ""https://openalex.org/A5102649880"", ""orcid"": ""https://orcid.org/0009-0005-6105-4306"", ""author_position"": ""middle"", ""is_corresponding"": false}, {""display_name"": ""Jae‐Hoon Han"", ""id"": ""https://openalex.org/A5088752485"", ""orcid"": ""https://orcid.org/0000-0003-3575-9140"", ""author_position"": ""middle"", ""is_corresponding"": false}, {""display_name"": ""Younghyun Kim"", ""id"": ""https://openalex.org/A5101427154"", ""orcid"": ""https://orcid.org/0000-0001-8072-1251"", ""author_position"": ""last"", ""is_corresponding"": true}]"
10.1021/acsanm.5c01989,American Chemical Society,,False,Nanometer-Thick Films of Cobalt Phthalocyanine/Indium–Gallium–Zinc Oxide Heterojunctions for Ultraviolet-Assisted Recoverable NO<sub>2</sub> Gas Sensors,2,2025,2025-06-28,https://openalex.org/W4411757319,a-igzo,2025,157,openalex_title_and_abstract_cited_by_count_desc,none,0.0,False,False,False,journal,https://openalex.org/W4411757319,https://openalex.org/W4411757319,10.1021/acsanm.5c01989,ACS Applied Nano Materials,https://openalex.org/S4210191493,journal,2574-0970,"[""2574-0970""]",article,0.83889099,6,Rawat Jaisutti,Rawat Jaisutti; K Thana; Siwaporn Khemphet; Jariyanee Prasongkit; Tanakorn Osotchan; Yong‐Hoon Kim,"[{""display_name"": ""Rawat Jaisutti"", ""id"": ""https://openalex.org/A5028232084"", ""orcid"": ""https://orcid.org/0000-0003-0461-9233"", ""author_position"": ""first"", ""is_corresponding"": true}, {""display_name"": ""K Thana"", ""id"": ""https://openalex.org/A5090109384"", ""orcid"": null, ""author_position"": ""middle"", ""is_corresponding"": false}, {""display_name"": ""Siwaporn Khemphet"", ""id"": ""https://openalex.org/A5104578626"", ""orcid"": null, ""author_position"": ""middle"", ""is_corresponding"": false}, {""display_name"": ""Jariyanee Prasongkit"", ""id"": ""https://openalex.org/A5002874870"", ""orcid"": ""https://orcid.org/0000-0002-4538-2706"", ""author_position"": ""middle"", ""is_corresponding"": false}, {""display_name"": ""Tanakorn Osotchan"", ""id"": ""https://openalex.org/A5108384661"", ""orcid"": null, ""author_position"": ""middle"", ""is_corresponding"": false}, {""display_name"": ""Yong‐Hoon Kim"", ""id"": ""https://openalex.org/A5101404638"", ""orcid"": ""https://orcid.org/0000-0003-0057-1893"", ""author_position"": ""last"", ""is_corresponding"": false}]"
10.1021/acsmaterialslett.5c00348,American Chemical Society,,False,InGaZnO<sub>4</sub> and In<sub>2</sub>O<sub>3</sub> Mobility Trend: The Role of Structural Disorder from Amorphous to Crystalline States,2,2025,2025-04-27,https://openalex.org/W4409851554,a-igzo,2025,158,openalex_title_and_abstract_cited_by_count_desc,none,0.0,False,False,False,journal,https://openalex.org/W4409851554,https://openalex.org/W4409851554,10.1021/acsmaterialslett.5c00348,ACS Materials Letters,https://openalex.org/S4210213087,journal,2639-4979,"[""2639-4979""]",article,0.82306786,8,Hyeongjun Jang,Hyeongjun Jang; Taehyun Kim; Wonsok Lee; Minhee Cho; Daewon Ha; Muhammad A. Alam; Peide D. Ye; Changwook Jeong,"[{""display_name"": ""Hyeongjun Jang"", ""id"": ""https://openalex.org/A5106743145"", ""orcid"": ""https://orcid.org/0009-0003-1455-7395"", ""author_position"": ""first"", ""is_corresponding"": false}, {""display_name"": ""Taehyun Kim"", ""id"": ""https://openalex.org/A5073188576"", ""orcid"": ""https://orcid.org/0009-0009-0414-1226"", ""author_position"": ""middle"", ""is_corresponding"": false}, {""display_name"": ""Wonsok Lee"", ""id"": ""https://openalex.org/A5067798385"", ""orcid"": null, ""author_position"": ""middle"", ""is_corresponding"": false}, {""display_name"": ""Minhee Cho"", ""id"": ""https://openalex.org/A5061244438"", ""orcid"": null, ""author_position"": ""middle"", ""is_corresponding"": false}, {""display_name"": ""Daewon Ha"", ""id"": ""https://openalex.org/A5015290434"", ""orcid"": ""https://orcid.org/0000-0002-9061-8626"", ""author_position"": ""middle"", ""is_corresponding"": false}, {""display_name"": ""Muhammad A. Alam"", ""id"": ""https://openalex.org/A5062737334"", ""orcid"": ""https://orcid.org/0000-0001-8775-6043"", ""author_position"": ""middle"", ""is_corresponding"": false}, {""display_name"": ""Peide D. Ye"", ""id"": ""https://openalex.org/A5063222844"", ""orcid"": ""https://orcid.org/0000-0001-8466-9745"", ""author_position"": ""middle"", ""is_corresponding"": false}, {""display_name"": ""Changwook Jeong"", ""id"": ""https://openalex.org/A5101559977"", ""orcid"": ""https://orcid.org/0000-0003-3962-7153"", ""author_position"": ""last"", ""is_corresponding"": true}]"
10.1021/acsomega.5c01052,American Chemical Society,,True,All-Solution-Processed IGZO Optoelectronic Synaptic Transistor with Dual-Mode Operation toward Artificial Vision Applications,2,2025,2025-04-18,https://openalex.org/W4409569345,a-igzo,2025,159,openalex_title_and_abstract_cited_by_count_desc,none,0.0,False,False,False,journal,https://openalex.org/W4409569345,https://openalex.org/W4409569345,10.1021/acsomega.5c01052,ACS Omega,https://openalex.org/S4210239500,journal,2470-1343,"[""2470-1343""]",article,0.81899482,4,Haonan Xu,Haonan Xu; Lilan Zou; Junru An; Shiwei Lin,"[{""display_name"": ""Haonan Xu"", ""id"": ""https://openalex.org/A5054159297"", ""orcid"": ""https://orcid.org/0000-0003-1032-2305"", ""author_position"": ""first"", ""is_corresponding"": false}, {""display_name"": ""Lilan Zou"", ""id"": ""https://openalex.org/A5050895234"", ""orcid"": ""https://orcid.org/0000-0002-4381-6224"", ""author_position"": ""middle"", ""is_corresponding"": false}, {""display_name"": ""Junru An"", ""id"": ""https://openalex.org/A5050809845"", ""orcid"": ""https://orcid.org/0000-0001-5619-3014"", ""author_position"": ""middle"", ""is_corresponding"": false}, {""display_name"": ""Shiwei Lin"", ""id"": ""https://openalex.org/A5017311635"", ""orcid"": ""https://orcid.org/0000-0001-7325-8182"", ""author_position"": ""last"", ""is_corresponding"": true}]"
10.1021/acsphotonics.5c00975,American Chemical Society,,False,High Responsivity Flexible β-Ga <sub>2</sub> O <sub>3</sub> /IGZO Ultraviolet Photodetectors Enabled by Zr-Modulated Quasi-Two-Dimensional Electron Gas Interfacial Confinement,2,2025,2025-10-08,https://openalex.org/W4414987925,a-igzo,2025,160,openalex_title_and_abstract_cited_by_count_desc,none,0.0,False,False,False,journal,https://openalex.org/W4414987925,https://openalex.org/W4414987925,10.1021/acsphotonics.5c00975,ACS Photonics,https://openalex.org/S135184319,journal,2330-4022,"[""2330-4022""]",article,0.77965484,5,Jiangyiming Jiang,Jiangyiming Jiang; Simeng Wu; Zijian Ding; Qian Xin; Yun Tian,"[{""display_name"": ""Jiangyiming Jiang"", ""id"": ""https://openalex.org/A5093417582"", ""orcid"": ""https://orcid.org/0000-0001-9183-2715"", ""author_position"": ""first"", ""is_corresponding"": false}, {""display_name"": ""Simeng Wu"", ""id"": ""https://openalex.org/A5074323131"", ""orcid"": null, ""author_position"": ""middle"", ""is_corresponding"": false}, {""display_name"": ""Zijian Ding"", ""id"": ""https://openalex.org/A5012038296"", ""orcid"": null, ""author_position"": ""middle"", ""is_corresponding"": false}, {""display_name"": ""Qian Xin"", ""id"": ""https://openalex.org/A5070573117"", ""orcid"": ""https://orcid.org/0000-0003-4605-5894"", ""author_position"": ""middle"", ""is_corresponding"": true}, {""display_name"": ""Yun Tian"", ""id"": ""https://openalex.org/A5101538325"", ""orcid"": ""https://orcid.org/0000-0001-5775-3773"", ""author_position"": ""last"", ""is_corresponding"": true}]"
10.1021/acssensors.4c03676,American Chemical Society,,False,Autonomous and Ultrasensitive Low-Power Metal Oxide Nanofiber Gas Sensor for Source Tracking and Localization,2,2025,2025-04-15,https://openalex.org/W4409476576,a-igzo,2025,161,openalex_title_and_abstract_cited_by_count_desc,none,0.0,False,False,False,journal,https://openalex.org/W4409476576,https://openalex.org/W4409476576,10.1021/acssensors.4c03676,ACS Sensors,https://openalex.org/S2764631046,journal,2379-3694,"[""2379-3694""]",article,0.8195562,12,Qing Ma,Qing Ma; Shihang Cao; Haoyang Wang; Yao Tang; Limei Liu; Enbo Xue; Ziyun Le; Xuyang Feng; Chenhua Wang; Litao Sun; Tobin J. Marks; Binghao Wang,"[{""display_name"": ""Qing Ma"", ""id"": ""https://openalex.org/A5018574295"", ""orcid"": ""https://orcid.org/0000-0003-3125-3513"", ""author_position"": ""first"", ""is_corresponding"": false}, {""display_name"": ""Shihang Cao"", ""id"": ""https://openalex.org/A5032617685"", ""orcid"": ""https://orcid.org/0009-0000-8252-2029"", ""author_position"": ""middle"", ""is_corresponding"": false}, {""display_name"": ""Haoyang Wang"", ""id"": ""https://openalex.org/A5100741708"", ""orcid"": ""https://orcid.org/0009-0002-1700-5919"", ""author_position"": ""middle"", ""is_corresponding"": false}, {""display_name"": ""Yao Tang"", ""id"": ""https://openalex.org/A5100749139"", ""orcid"": ""https://orcid.org/0000-0002-6603-1761"", ""author_position"": ""middle"", ""is_corresponding"": false}, {""display_name"": ""Limei Liu"", ""id"": ""https://openalex.org/A5100665310"", ""orcid"": ""https://orcid.org/0000-0002-8606-0009"", ""author_position"": ""middle"", ""is_corresponding"": true}, {""display_name"": ""Enbo Xue"", ""id"": ""https://openalex.org/A5030071975"", ""orcid"": ""https://orcid.org/0009-0006-6955-1806"", ""author_position"": ""middle"", ""is_corresponding"": false}, {""display_name"": ""Ziyun Le"", ""id"": ""https://openalex.org/A5117164437"", ""orcid"": null, ""author_position"": ""middle"", ""is_corresponding"": false}, {""display_name"": ""Xuyang Feng"", ""id"": ""https://openalex.org/A5101223023"", ""orcid"": null, ""author_position"": ""middle"", ""is_corresponding"": false}, {""display_name"": ""Chenhua Wang"", ""id"": ""https://openalex.org/A5002124158"", ""orcid"": null, ""author_position"": ""middle"", ""is_corresponding"": false}, {""display_name"": ""Litao Sun"", ""id"": ""https://openalex.org/A5009847938"", ""orcid"": ""https://orcid.org/0000-0002-2750-5004"", ""author_position"": ""middle"", ""is_corresponding"": false}, {""display_name"": ""Tobin J. Marks"", ""id"": ""https://openalex.org/A5000731301"", ""orcid"": ""https://orcid.org/0000-0001-8771-0141"", ""author_position"": ""middle"", ""is_corresponding"": true}, {""display_name"": ""Binghao Wang"", ""id"": ""https://openalex.org/A5013735803"", ""orcid"": ""https://orcid.org/0000-0002-9631-6901"", ""author_position"": ""last"", ""is_corresponding"": true}]"
10.1038/s41467-025-62770-2,Nature Portfolio,https://www.nature.com/articles/s41467-025-62770-2.pdf,True,Revisiting the role of oxidation in stable and high-performance lead-free perovskite-IGZO junction field-effect transistors,2,2025,2025-08-11,https://openalex.org/W4413109076,a-igzo,2025,162,openalex_title_and_abstract_cited_by_count_desc,none,0.0,False,False,False,journal,https://openalex.org/W4413109076,https://openalex.org/W4413109076,10.1038/s41467-025-62770-2,Nature Communications,https://openalex.org/S64187185,journal,2041-1723,"[""2041-1723""]",article,0.85152667,15,Seonkwon Kim,Seonkwon Kim; Su Hyun Kim; Hui Ung Hwang; Jeongmin Kim; Jeong Won Kim; In Cheol Kwak; Byeongjae Kang; Seung‐Jae Lee; Sae Byeok Jo; Du Yeol Ryu; Hyunjung Kim; Jae‐Min Myoung; Moon Sung Kang; Saeroonter Oh; Jeong Ho Cho,"[{""display_name"": ""Seonkwon Kim"", ""id"": ""https://openalex.org/A5046036256"", ""orcid"": ""https://orcid.org/0000-0001-6382-2018"", ""author_position"": ""first"", ""is_corresponding"": true}, {""display_name"": ""Su Hyun Kim"", ""id"": ""https://openalex.org/A5015422028"", ""orcid"": null, ""author_position"": ""middle"", ""is_corresponding"": false}, {""display_name"": ""Hui Ung Hwang"", ""id"": ""https://openalex.org/A5021271432"", ""orcid"": null, ""author_position"": ""middle"", ""is_corresponding"": false}, {""display_name"": ""Jeongmin Kim"", ""id"": ""https://openalex.org/A5045994318"", ""orcid"": ""https://orcid.org/0000-0002-0468-8012"", ""author_position"": ""middle"", ""is_corresponding"": false}, {""display_name"": ""Jeong Won Kim"", ""id"": ""https://openalex.org/A5073593789"", ""orcid"": ""https://orcid.org/0000-0002-5881-9911"", ""author_position"": ""middle"", ""is_corresponding"": false}, {""display_name"": ""In Cheol Kwak"", ""id"": ""https://openalex.org/A5116399718"", ""orcid"": ""https://orcid.org/0000-0001-5421-7721"", ""author_position"": ""middle"", ""is_corresponding"": false}, {""display_name"": ""Byeongjae Kang"", ""id"": ""https://openalex.org/A5059563514"", ""orcid"": null, ""author_position"": ""middle"", ""is_corresponding"": false}, {""display_name"": ""Seung‐Jae Lee"", ""id"": ""https://openalex.org/A5100434405"", ""orcid"": ""https://orcid.org/0000-0003-3377-1066"", ""author_position"": ""middle"", ""is_corresponding"": false}, {""display_name"": ""Sae Byeok Jo"", ""id"": ""https://openalex.org/A5070548242"", ""orcid"": ""https://orcid.org/0000-0001-7383-3546"", ""author_position"": ""middle"", ""is_corresponding"": false}, {""display_name"": ""Du Yeol Ryu"", ""id"": ""https://openalex.org/A5056763930"", ""orcid"": ""https://orcid.org/0000-0002-0929-7934"", ""author_position"": ""middle"", ""is_corresponding"": false}, {""display_name"": ""Hyunjung Kim"", ""id"": ""https://openalex.org/A5100439519"", ""orcid"": ""https://orcid.org/0000-0001-6211-4888"", ""author_position"": ""middle"", ""is_corresponding"": false}, {""display_name"": ""Jae‐Min Myoung"", ""id"": ""https://openalex.org/A5058682088"", ""orcid"": ""https://orcid.org/0000-0003-4724-0653"", ""author_position"": ""middle"", ""is_corresponding"": false}, {""display_name"": ""Moon Sung Kang"", ""id"": ""https://openalex.org/A5059114171"", ""orcid"": ""https://orcid.org/0000-0003-0491-5032"", ""author_position"": ""middle"", ""is_corresponding"": false}, {""display_name"": ""Saeroonter Oh"", ""id"": ""https://openalex.org/A5026750440"", ""orcid"": ""https://orcid.org/0000-0003-4281-6879"", ""author_position"": ""middle"", ""is_corresponding"": false}, {""display_name"": ""Jeong Ho Cho"", ""id"": ""https://openalex.org/A5067004576"", ""orcid"": ""https://orcid.org/0000-0002-1030-9920"", ""author_position"": ""last"", ""is_corresponding"": false}]"
10.1039/d4tc04277h,Royal Society of Chemistry,https://pubs.rsc.org/en/content/articlepdf/2025/tc/d4tc04277h,True,Impact of hydrogen-controlled thermal ALD SiO<sub>2</sub> insulators on IGZO channel FETs to optimize the electrical performance,2,2025,2025-01-01,https://openalex.org/W4406932983,a-igzo,2025,163,openalex_title_and_abstract_cited_by_count_desc,none,0.0,False,False,False,journal,https://openalex.org/W4406932983,https://openalex.org/W4406932983,10.1039/d4tc04277h,Journal of Materials Chemistry C,https://openalex.org/S2500738039,journal,2050-7526,"[""2050-7526"", ""2050-7534""]",article,0.81484601,7,Su‐Hwan Choi,Su‐Hwan Choi; Dong-Gyu Kim; Jae‐Hyeok Kwag; Kie Moon Song; Yeonhee Lee; Chang-Kyun Park; Jin‐Seong Park,"[{""display_name"": ""Su‐Hwan Choi"", ""id"": ""https://openalex.org/A5061916152"", ""orcid"": null, ""author_position"": ""first"", ""is_corresponding"": false}, {""display_name"": ""Dong-Gyu Kim"", ""id"": ""https://openalex.org/A5100736033"", ""orcid"": ""https://orcid.org/0009-0001-0575-8692"", ""author_position"": ""middle"", ""is_corresponding"": false}, {""display_name"": ""Jae‐Hyeok Kwag"", ""id"": ""https://openalex.org/A5109674913"", ""orcid"": null, ""author_position"": ""middle"", ""is_corresponding"": false}, {""display_name"": ""Kie Moon Song"", ""id"": ""https://openalex.org/A5111637876"", ""orcid"": ""https://orcid.org/0000-0001-6552-8875"", ""author_position"": ""middle"", ""is_corresponding"": false}, {""display_name"": ""Yeonhee Lee"", ""id"": ""https://openalex.org/A5101720575"", ""orcid"": ""https://orcid.org/0000-0003-3888-9127"", ""author_position"": ""middle"", ""is_corresponding"": false}, {""display_name"": ""Chang-Kyun Park"", ""id"": ""https://openalex.org/A5014434719"", ""orcid"": ""https://orcid.org/0000-0001-9485-5007"", ""author_position"": ""middle"", ""is_corresponding"": false}, {""display_name"": ""Jin‐Seong Park"", ""id"": ""https://openalex.org/A5071947816"", ""orcid"": ""https://orcid.org/0000-0002-9070-5666"", ""author_position"": ""last"", ""is_corresponding"": true}]"
10.1039/d5tc00213c,Royal Society of Chemistry,,False,Enhanced dielectric properties of alternative NO-gas-based SiO<sub>2</sub> films <i>via</i> plasma-enhanced chemical vapor deposition for high-performance indium–gallium–zinc oxide thin-film transistors,2,2025,2025-01-01,https://openalex.org/W4408606851,a-igzo,2025,164,openalex_title_and_abstract_cited_by_count_desc,none,0.0,False,False,False,journal,https://openalex.org/W4408606851,https://openalex.org/W4408606851,10.1039/d5tc00213c,Journal of Materials Chemistry C,https://openalex.org/S2500738039,journal,2050-7526,"[""2050-7526"", ""2050-7534""]",article,0.81390403,7,Se-Ryong Park,Se-Ryong Park; Eunha Kim; Yunhui Jang; Youngjin Kang; Yong‐Hoon Kim; Junsin Yi; Tae‐Jun Ha,"[{""display_name"": ""Se-Ryong Park"", ""id"": ""https://openalex.org/A5111285134"", ""orcid"": null, ""author_position"": ""first"", ""is_corresponding"": false}, {""display_name"": ""Eunha Kim"", ""id"": ""https://openalex.org/A5100644142"", ""orcid"": ""https://orcid.org/0000-0001-7041-1727"", ""author_position"": ""middle"", ""is_corresponding"": false}, {""display_name"": ""Yunhui Jang"", ""id"": ""https://openalex.org/A5109726167"", ""orcid"": null, ""author_position"": ""middle"", ""is_corresponding"": false}, {""display_name"": ""Youngjin Kang"", ""id"": ""https://openalex.org/A5054770671"", ""orcid"": ""https://orcid.org/0000-0001-7554-3999"", ""author_position"": ""middle"", ""is_corresponding"": false}, {""display_name"": ""Yong‐Hoon Kim"", ""id"": ""https://openalex.org/A5101404638"", ""orcid"": ""https://orcid.org/0000-0003-0057-1893"", ""author_position"": ""middle"", ""is_corresponding"": true}, {""display_name"": ""Junsin Yi"", ""id"": ""https://openalex.org/A5112010448"", ""orcid"": null, ""author_position"": ""middle"", ""is_corresponding"": true}, {""display_name"": ""Tae‐Jun Ha"", ""id"": ""https://openalex.org/A5015447473"", ""orcid"": ""https://orcid.org/0000-0002-0935-795X"", ""author_position"": ""last"", ""is_corresponding"": true}]"
10.1063/5.0238211,American Institute of Physics,,False,Low-frequency noise and DC I–V characterization of gamma-ray irradiation-induced degradation and trap behaviors in a-IGZO TFTs,2,2025,2025-02-10,https://openalex.org/W4407390081,a-igzo,2025,165,openalex_title_and_abstract_cited_by_count_desc,none,0.0,False,False,False,journal,https://openalex.org/W4407390081,https://openalex.org/W4407390081,10.1063/5.0238211,Applied Physics Letters,https://openalex.org/S105243760,journal,0003-6951,"[""0003-6951"", ""1077-3118"", ""1520-8842""]",article,0.8051134,18,Hongseung Lee,Hongseung Lee; Jae‐Hyoung Yoo; Hyeonjun Song; Binhyeong Lee; Soon Joo Yoon; Seongbin Lim; Jo Hak Jeong; Soyeon Kim; Seohyeon Park; S H Park; Sojin Jung; Bhishma Pandit; Taehwan Moon; Jin‐Ha Hwang; Kiyoung Lee; Youn‐Kyoung Lee; Keun Heo; Hagyoul Bae,"[{""display_name"": ""Hongseung Lee"", ""id"": ""https://openalex.org/A5110978347"", ""orcid"": null, ""author_position"": ""first"", ""is_corresponding"": true}, {""display_name"": ""Jae‐Hyoung Yoo"", ""id"": ""https://openalex.org/A5109241535"", ""orcid"": ""https://orcid.org/0009-0000-3334-7180"", ""author_position"": ""middle"", ""is_corresponding"": false}, {""display_name"": ""Hyeonjun Song"", ""id"": ""https://openalex.org/A5109714695"", ""orcid"": null, ""author_position"": ""middle"", ""is_corresponding"": false}, {""display_name"": ""Binhyeong Lee"", ""id"": ""https://openalex.org/A5108920742"", ""orcid"": null, ""author_position"": ""middle"", ""is_corresponding"": false}, {""display_name"": ""Soon Joo Yoon"", ""id"": ""https://openalex.org/A5104244852"", ""orcid"": null, ""author_position"": ""middle"", ""is_corresponding"": false}, {""display_name"": ""Seongbin Lim"", ""id"": ""https://openalex.org/A5102650312"", ""orcid"": null, ""author_position"": ""middle"", ""is_corresponding"": false}, {""display_name"": ""Jo Hak Jeong"", ""id"": ""https://openalex.org/A5113180583"", ""orcid"": null, ""author_position"": ""middle"", ""is_corresponding"": false}, {""display_name"": ""Soyeon Kim"", ""id"": ""https://openalex.org/A5110716981"", ""orcid"": null, ""author_position"": ""middle"", ""is_corresponding"": false}, {""display_name"": ""Seohyeon Park"", ""id"": ""https://openalex.org/A5113362887"", ""orcid"": null, ""author_position"": ""middle"", ""is_corresponding"": false}, {""display_name"": ""S H Park"", ""id"": ""https://openalex.org/A5113103233"", ""orcid"": ""https://orcid.org/0009-0001-8224-1072"", ""author_position"": ""middle"", ""is_corresponding"": false}, {""display_name"": ""Sojin Jung"", ""id"": ""https://openalex.org/A5112406946"", ""orcid"": null, ""author_position"": ""middle"", ""is_corresponding"": false}, {""display_name"": ""Bhishma Pandit"", ""id"": ""https://openalex.org/A5066902091"", ""orcid"": ""https://orcid.org/0000-0001-6863-2002"", ""author_position"": ""middle"", ""is_corresponding"": false}, {""display_name"": ""Taehwan Moon"", ""id"": ""https://openalex.org/A5015296818"", ""orcid"": ""https://orcid.org/0000-0003-1197-6677"", ""author_position"": ""middle"", ""is_corresponding"": false}, {""display_name"": ""Jin‐Ha Hwang"", ""id"": ""https://openalex.org/A5026901794"", ""orcid"": ""https://orcid.org/0000-0002-9581-7413"", ""author_position"": ""middle"", ""is_corresponding"": false}, {""display_name"": ""Kiyoung Lee"", ""id"": ""https://openalex.org/A5100719657"", ""orcid"": ""https://orcid.org/0000-0003-1716-6886"", ""author_position"": ""middle"", ""is_corresponding"": false}, {""display_name"": ""Youn‐Kyoung Lee"", ""id"": ""https://openalex.org/A5091554546"", ""orcid"": ""https://orcid.org/0000-0001-5160-1015"", ""author_position"": ""middle"", ""is_corresponding"": false}, {""display_name"": ""Keun Heo"", ""id"": ""https://openalex.org/A5056140406"", ""orcid"": ""https://orcid.org/0000-0003-0700-7427"", ""author_position"": ""middle"", ""is_corresponding"": false}, {""display_name"": ""Hagyoul Bae"", ""id"": ""https://openalex.org/A5054179190"", ""orcid"": ""https://orcid.org/0000-0002-2462-4198"", ""author_position"": ""last"", ""is_corresponding"": false}]"
10.1080/15980316.2025.2541731,Taylor & Francis,https://www.tandfonline.com/doi/pdf/10.1080/15980316.2025.2541731?needAccess=true,True,Photo response of a-IGZO thin films as a function of annealing temperature,2,2025,2025-08-12,https://openalex.org/W4413128510,a-igzo,2025,166,openalex_title_and_abstract_cited_by_count_desc,none,0.0,False,False,False,journal,https://openalex.org/W4413128510,https://openalex.org/W4413128510,10.1080/15980316.2025.2541731,Journal of Information Display,https://openalex.org/S2764415853,journal,1598-0316,"[""1598-0316"", ""2158-1606""]",article,0.85265819,4,Seung Jae Moon,Seung Jae Moon; Juyeon Kim; Junghwan Kim; Byung Seong Bae,"[{""display_name"": ""Seung Jae Moon"", ""id"": ""https://openalex.org/A5084715180"", ""orcid"": ""https://orcid.org/0000-0002-8978-474X"", ""author_position"": ""first"", ""is_corresponding"": false}, {""display_name"": ""Juyeon Kim"", ""id"": ""https://openalex.org/A5100723553"", ""orcid"": ""https://orcid.org/0000-0003-0563-8452"", ""author_position"": ""middle"", ""is_corresponding"": false}, {""display_name"": ""Junghwan Kim"", ""id"": ""https://openalex.org/A5100360488"", ""orcid"": ""https://orcid.org/0000-0002-2311-4567"", ""author_position"": ""middle"", ""is_corresponding"": false}, {""display_name"": ""Byung Seong Bae"", ""id"": ""https://openalex.org/A5055840988"", ""orcid"": ""https://orcid.org/0000-0002-3328-0286"", ""author_position"": ""last"", ""is_corresponding"": true}]"
10.1088/1361-6528/adc607,IOP Publishing,,False,IO/IGZO heterojunction artificial synaptic transistors gated by LiZrO solid electrolyte for multifunctional neuromorphic applications,2,2025,2025-04-04,https://openalex.org/W4409170282,a-igzo,2025,167,openalex_title_and_abstract_cited_by_count_desc,none,0.0,False,False,False,journal,https://openalex.org/W4409170282,https://openalex.org/W4409170282,10.1088/1361-6528/adc607,Nanotechnology,https://openalex.org/S206811868,journal,0957-4484,"[""0957-4484"", ""1361-6528""]",article,0.8169414,6,Minghao Zhang,Minghao Zhang; Yan Wang; Hao Liu; Wenshuo Wu; Guorui Yin; Jie Su,"[{""display_name"": ""Minghao Zhang"", ""id"": ""https://openalex.org/A5115595867"", ""orcid"": ""https://orcid.org/0000-0001-9488-4959"", ""author_position"": ""first"", ""is_corresponding"": true}, {""display_name"": ""Yan Wang"", ""id"": ""https://openalex.org/A5104242696"", ""orcid"": ""https://orcid.org/0009-0008-1871-7321"", ""author_position"": ""middle"", ""is_corresponding"": false}, {""display_name"": ""Hao Liu"", ""id"": ""https://openalex.org/A5100458862"", ""orcid"": ""https://orcid.org/0000-0003-0266-9472"", ""author_position"": ""middle"", ""is_corresponding"": false}, {""display_name"": ""Wenshuo Wu"", ""id"": ""https://openalex.org/A5085349620"", ""orcid"": null, ""author_position"": ""middle"", ""is_corresponding"": false}, {""display_name"": ""Guorui Yin"", ""id"": ""https://openalex.org/A5040483170"", ""orcid"": ""https://orcid.org/0000-0002-1969-0078"", ""author_position"": ""middle"", ""is_corresponding"": false}, {""display_name"": ""Jie Su"", ""id"": ""https://openalex.org/A5046099850"", ""orcid"": ""https://orcid.org/0000-0001-7063-3100"", ""author_position"": ""last"", ""is_corresponding"": false}]"
10.1109/irps48204.2025.10983050,,,True,Impact of Mechanical Stress on IGZO TFTs: Enhancing PBTI Degradation,2,2025,2025-03-30,https://openalex.org/W4410395028,a-igzo,2025,168,openalex_title_and_abstract_cited_by_count_desc,none,0.0,False,False,False,,https://openalex.org/W4410395028,https://openalex.org/W4410395028,10.1109/irps48204.2025.10983050,,,,,[],article,0.8401933,11,Kamlesh Vishwakarma,Kamlesh Vishwakarma; K. Lee; Anastasiia Kruv; A. Chasin; Michiel J. van Setten; C. Pashartis; Oguzhan Orkut Okudur; Mario González; Nouredine Rassoul; A. Belmonte; B. Kaczer,"[{""display_name"": ""Kamlesh Vishwakarma"", ""id"": ""https://openalex.org/A5009933408"", ""orcid"": ""https://orcid.org/0000-0002-3168-0585"", ""author_position"": ""first"", ""is_corresponding"": true}, {""display_name"": ""K. Lee"", ""id"": ""https://openalex.org/A5110711980"", ""orcid"": null, ""author_position"": ""middle"", ""is_corresponding"": false}, {""display_name"": ""Anastasiia Kruv"", ""id"": ""https://openalex.org/A5050420311"", ""orcid"": ""https://orcid.org/0000-0002-0210-4941"", ""author_position"": ""middle"", ""is_corresponding"": false}, {""display_name"": ""A. Chasin"", ""id"": ""https://openalex.org/A5066567414"", ""orcid"": ""https://orcid.org/0000-0003-4497-9866"", ""author_position"": ""middle"", ""is_corresponding"": false}, {""display_name"": ""Michiel J. van Setten"", ""id"": ""https://openalex.org/A5063969731"", ""orcid"": ""https://orcid.org/0000-0003-0557-5260"", ""author_position"": ""middle"", ""is_corresponding"": false}, {""display_name"": ""C. Pashartis"", ""id"": ""https://openalex.org/A5089622712"", ""orcid"": ""https://orcid.org/0000-0002-9102-4993"", ""author_position"": ""middle"", ""is_corresponding"": false}, {""display_name"": ""Oguzhan Orkut Okudur"", ""id"": ""https://openalex.org/A5011121354"", ""orcid"": ""https://orcid.org/0000-0002-4790-7772"", ""author_position"": ""middle"", ""is_corresponding"": false}, {""display_name"": ""Mario González"", ""id"": ""https://openalex.org/A5089143002"", ""orcid"": ""https://orcid.org/0000-0003-4374-4854"", ""author_position"": ""middle"", ""is_corresponding"": false}, {""display_name"": ""Nouredine Rassoul"", ""id"": ""https://openalex.org/A5074709658"", ""orcid"": ""https://orcid.org/0000-0001-9489-3396"", ""author_position"": ""middle"", ""is_corresponding"": false}, {""display_name"": ""A. Belmonte"", ""id"": ""https://openalex.org/A5040772214"", ""orcid"": null, ""author_position"": ""middle"", ""is_corresponding"": false}, {""display_name"": ""B. Kaczer"", ""id"": ""https://openalex.org/A5107405723"", ""orcid"": null, ""author_position"": ""last"", ""is_corresponding"": false}]"
10.1109/led.2025.3548694,Institute of Electrical and Electronics Engineers,,False,Stabilizing ALD Ultrathin In₂O₃ TFTs Under High Humidity Ambient by an Added IGZO Layer,2,2025,2025-03-06,https://openalex.org/W4408182740,a-igzo,2025,169,openalex_title_and_abstract_cited_by_count_desc,none,0.0,False,False,False,journal,https://openalex.org/W4408182740,https://openalex.org/W4408182740,10.1109/led.2025.3548694,IEEE Electron Device Letters,https://openalex.org/S19887683,journal,0741-3106,"[""0741-3106"", ""1558-0563""]",article,0.81447771,12,Shanshan Ju,Shanshan Ju; Jinxiong Li; Yupu Tang; Wei Qian; Fangxing Zhang; Jianzhang Zhu; Tian Xu; Songjie Yang; Lining Zhang; Lei Lü; Shengdong Zhang; Xinwei Wang,"[{""display_name"": ""Shanshan Ju"", ""id"": ""https://openalex.org/A5109730570"", ""orcid"": null, ""author_position"": ""first"", ""is_corresponding"": true}, {""display_name"": ""Jinxiong Li"", ""id"": ""https://openalex.org/A5005901623"", ""orcid"": ""https://orcid.org/0000-0001-5284-9020"", ""author_position"": ""middle"", ""is_corresponding"": false}, {""display_name"": ""Yupu Tang"", ""id"": ""https://openalex.org/A5047997603"", ""orcid"": null, ""author_position"": ""middle"", ""is_corresponding"": false}, {""display_name"": ""Wei Qian"", ""id"": ""https://openalex.org/A5101781628"", ""orcid"": ""https://orcid.org/0000-0002-2970-5069"", ""author_position"": ""middle"", ""is_corresponding"": false}, {""display_name"": ""Fangxing Zhang"", ""id"": ""https://openalex.org/A5035859233"", ""orcid"": ""https://orcid.org/0000-0003-0639-762X"", ""author_position"": ""middle"", ""is_corresponding"": false}, {""display_name"": ""Jianzhang Zhu"", ""id"": ""https://openalex.org/A5068504292"", ""orcid"": ""https://orcid.org/0000-0001-9026-5077"", ""author_position"": ""middle"", ""is_corresponding"": false}, {""display_name"": ""Tian Xu"", ""id"": ""https://openalex.org/A5024071340"", ""orcid"": ""https://orcid.org/0000-0003-2877-9602"", ""author_position"": ""middle"", ""is_corresponding"": false}, {""display_name"": ""Songjie Yang"", ""id"": ""https://openalex.org/A5104097101"", ""orcid"": null, ""author_position"": ""middle"", ""is_corresponding"": false}, {""display_name"": ""Lining Zhang"", ""id"": ""https://openalex.org/A5100781975"", ""orcid"": ""https://orcid.org/0000-0003-1472-7852"", ""author_position"": ""middle"", ""is_corresponding"": false}, {""display_name"": ""Lei Lü"", ""id"": ""https://openalex.org/A5107003653"", ""orcid"": ""https://orcid.org/0000-0001-5275-2181"", ""author_position"": ""middle"", ""is_corresponding"": false}, {""display_name"": ""Shengdong Zhang"", ""id"": ""https://openalex.org/A5021481432"", ""orcid"": ""https://orcid.org/0000-0002-1815-8661"", ""author_position"": ""middle"", ""is_corresponding"": false}, {""display_name"": ""Xinwei Wang"", ""id"": ""https://openalex.org/A5100326632"", ""orcid"": ""https://orcid.org/0000-0002-1191-8162"", ""author_position"": ""last"", ""is_corresponding"": false}]"
10.1109/led.2025.3563967,Institute of Electrical and Electronics Engineers,,False,A Multifunctional Device Combining Photodetection and Neuromorphic Memory for Efficient Target Recognition,2,2025,2025-04-24,https://openalex.org/W4409761356,a-igzo,2025,170,openalex_title_and_abstract_cited_by_count_desc,none,0.0,False,False,False,journal,https://openalex.org/W4409761356,https://openalex.org/W4409761356,10.1109/led.2025.3563967,IEEE Electron Device Letters,https://openalex.org/S19887683,journal,0741-3106,"[""0741-3106"", ""1558-0563""]",article,0.82251479,6,Bingqi Cai,Bingqi Cai; Chen Wang; Kun Chen; Qingqing Sun; David Wei Zhang; Lin Chen,"[{""display_name"": ""Bingqi Cai"", ""id"": ""https://openalex.org/A5029549165"", ""orcid"": ""https://orcid.org/0009-0004-2812-9989"", ""author_position"": ""first"", ""is_corresponding"": true}, {""display_name"": ""Chen Wang"", ""id"": ""https://openalex.org/A5100337630"", ""orcid"": ""https://orcid.org/0000-0002-9380-8898"", ""author_position"": ""middle"", ""is_corresponding"": false}, {""display_name"": ""Kun Chen"", ""id"": ""https://openalex.org/A5051855359"", ""orcid"": ""https://orcid.org/0000-0002-4606-7599"", ""author_position"": ""middle"", ""is_corresponding"": false}, {""display_name"": ""Qingqing Sun"", ""id"": ""https://openalex.org/A5100427505"", ""orcid"": ""https://orcid.org/0000-0002-6533-1834"", ""author_position"": ""middle"", ""is_corresponding"": false}, {""display_name"": ""David Wei Zhang"", ""id"": ""https://openalex.org/A5024269747"", ""orcid"": null, ""author_position"": ""middle"", ""is_corresponding"": false}, {""display_name"": ""Lin Chen"", ""id"": ""https://openalex.org/A5100443762"", ""orcid"": ""https://orcid.org/0000-0002-7145-7564"", ""author_position"": ""last"", ""is_corresponding"": false}]"
10.1109/led.2025.3592802,Institute of Electrical and Electronics Engineers,,False,High-k Gated Ga<sub>2</sub>O<sub>3</sub>/IGZO Heterostructure TFTs With 70.9 mV/dec Subthreshold Swing Fabricated at a Low Thermal Budget of 200 <sup>∘</sup>C,2,2025,2025-07-25,https://openalex.org/W4412718826,a-igzo,2025,171,openalex_title_and_abstract_cited_by_count_desc,none,0.0,False,False,False,journal,https://openalex.org/W4412718826,https://openalex.org/W4412718826,10.1109/led.2025.3592802,IEEE Electron Device Letters,https://openalex.org/S19887683,journal,0741-3106,"[""0741-3106"", ""1558-0563""]",article,0.76837823,10,Zi Chun Liu,Zi Chun Liu; Yudong Xia; Jia Cheng Li; Yanqiong Zheng; Shu Ming Qi; De Dai; Huixia Yang; Yiyun Zhang; Yuan Xiao; Yeliang Wang,"[{""display_name"": ""Zi Chun Liu"", ""id"": ""https://openalex.org/A5085964228"", ""orcid"": ""https://orcid.org/0009-0007-9532-0654"", ""author_position"": ""first"", ""is_corresponding"": true}, {""display_name"": ""Yudong Xia"", ""id"": ""https://openalex.org/A5102004772"", ""orcid"": ""https://orcid.org/0000-0003-4576-1201"", ""author_position"": ""middle"", ""is_corresponding"": false}, {""display_name"": ""Jia Cheng Li"", ""id"": ""https://openalex.org/A5088184858"", ""orcid"": null, ""author_position"": ""middle"", ""is_corresponding"": false}, {""display_name"": ""Yanqiong Zheng"", ""id"": ""https://openalex.org/A5059156645"", ""orcid"": ""https://orcid.org/0000-0002-0082-5323"", ""author_position"": ""middle"", ""is_corresponding"": false}, {""display_name"": ""Shu Ming Qi"", ""id"": ""https://openalex.org/A5008836056"", ""orcid"": null, ""author_position"": ""middle"", ""is_corresponding"": false}, {""display_name"": ""De Dai"", ""id"": ""https://openalex.org/A5104298140"", ""orcid"": null, ""author_position"": ""middle"", ""is_corresponding"": false}, {""display_name"": ""Huixia Yang"", ""id"": ""https://openalex.org/A5073197319"", ""orcid"": ""https://orcid.org/0000-0001-8954-2102"", ""author_position"": ""middle"", ""is_corresponding"": false}, {""display_name"": ""Yiyun Zhang"", ""id"": ""https://openalex.org/A5040322824"", ""orcid"": ""https://orcid.org/0000-0002-1419-485X"", ""author_position"": ""middle"", ""is_corresponding"": false}, {""display_name"": ""Yuan Xiao"", ""id"": ""https://openalex.org/A5057131635"", ""orcid"": null, ""author_position"": ""middle"", ""is_corresponding"": false}, {""display_name"": ""Yeliang Wang"", ""id"": ""https://openalex.org/A5044801484"", ""orcid"": ""https://orcid.org/0000-0002-8896-0748"", ""author_position"": ""last"", ""is_corresponding"": false}]"
10.1109/ted.2025.3526129,Institute of Electrical and Electronics Engineers,,False,Investigation of Bottom Gate Connection in Double-Gate a-IGZO TFTs for Optimizing Compensation Performance of AMOLED Displays,2,2025,2025-01-20,https://openalex.org/W4406611067,a-igzo,2025,172,openalex_title_and_abstract_cited_by_count_desc,none,0.0,False,False,False,journal,https://openalex.org/W4406611067,https://openalex.org/W4406611067,10.1109/ted.2025.3526129,IEEE Transactions on Electron Devices,https://openalex.org/S162355128,journal,0018-9383,"[""0018-9383"", ""1557-9646""]",article,0.79948243,8,Seung Hee Kang,Seung Hee Kang; Moon Ho Lee; Won Ho Son; Do Kyung Kim; Jeong Woo Jang; Sunghyun So; Sang‐Yoon Park; Hyun Jae Kim,"[{""display_name"": ""Seung Hee Kang"", ""id"": ""https://openalex.org/A5101535282"", ""orcid"": ""https://orcid.org/0000-0001-5342-960X"", ""author_position"": ""first"", ""is_corresponding"": true}, {""display_name"": ""Moon Ho Lee"", ""id"": ""https://openalex.org/A5034971703"", ""orcid"": ""https://orcid.org/0000-0002-8435-8557"", ""author_position"": ""middle"", ""is_corresponding"": false}, {""display_name"": ""Won Ho Son"", ""id"": ""https://openalex.org/A5113731748"", ""orcid"": null, ""author_position"": ""middle"", ""is_corresponding"": false}, {""display_name"": ""Do Kyung Kim"", ""id"": ""https://openalex.org/A5100759185"", ""orcid"": ""https://orcid.org/0000-0001-9092-9427"", ""author_position"": ""middle"", ""is_corresponding"": false}, {""display_name"": ""Jeong Woo Jang"", ""id"": ""https://openalex.org/A5109797745"", ""orcid"": null, ""author_position"": ""middle"", ""is_corresponding"": false}, {""display_name"": ""Sunghyun So"", ""id"": ""https://openalex.org/A5089401086"", ""orcid"": ""https://orcid.org/0000-0002-1961-303X"", ""author_position"": ""middle"", ""is_corresponding"": false}, {""display_name"": ""Sang‐Yoon Park"", ""id"": ""https://openalex.org/A5076096527"", ""orcid"": ""https://orcid.org/0000-0001-7624-3373"", ""author_position"": ""middle"", ""is_corresponding"": false}, {""display_name"": ""Hyun Jae Kim"", ""id"": ""https://openalex.org/A5011866664"", ""orcid"": ""https://orcid.org/0000-0002-6879-9256"", ""author_position"": ""last"", ""is_corresponding"": false}]"
10.1109/ted.2025.3556116,Institute of Electrical and Electronics Engineers,,False,Millisecond Pulsed Light Annealing for Improving Performance of Top-Gate Self-Aligned a-IGZO TFT,2,2025,2025-04-09,https://openalex.org/W4409311590,a-igzo,2025,173,openalex_title_and_abstract_cited_by_count_desc,none,0.0,False,False,False,journal,https://openalex.org/W4409311590,https://openalex.org/W4409311590,10.1109/ted.2025.3556116,IEEE Transactions on Electron Devices,https://openalex.org/S162355128,journal,0018-9383,"[""0018-9383"", ""1557-9646""]",article,0.819048,11,Heetae Kim,Heetae Kim; Seohak Park; Ju Young Jeong; Jun‐Hwe Cha; H.C. Lee; Chihun Sung; Jeho Na; Keun Heo; Sung Haeng Cho; Sung‐Yool Choi; Byung Jin Cho,"[{""display_name"": ""Heetae Kim"", ""id"": ""https://openalex.org/A5066330054"", ""orcid"": ""https://orcid.org/0009-0001-0717-6776"", ""author_position"": ""first"", ""is_corresponding"": true}, {""display_name"": ""Seohak Park"", ""id"": ""https://openalex.org/A5042863811"", ""orcid"": null, ""author_position"": ""middle"", ""is_corresponding"": false}, {""display_name"": ""Ju Young Jeong"", ""id"": ""https://openalex.org/A5103491150"", ""orcid"": null, ""author_position"": ""middle"", ""is_corresponding"": false}, {""display_name"": ""Jun‐Hwe Cha"", ""id"": ""https://openalex.org/A5102359760"", ""orcid"": null, ""author_position"": ""middle"", ""is_corresponding"": false}, {""display_name"": ""H.C. Lee"", ""id"": ""https://openalex.org/A5053321739"", ""orcid"": ""https://orcid.org/0009-0000-8513-7433"", ""author_position"": ""middle"", ""is_corresponding"": false}, {""display_name"": ""Chihun Sung"", ""id"": ""https://openalex.org/A5101663944"", ""orcid"": ""https://orcid.org/0000-0002-6581-799X"", ""author_position"": ""middle"", ""is_corresponding"": false}, {""display_name"": ""Jeho Na"", ""id"": ""https://openalex.org/A5019916053"", ""orcid"": ""https://orcid.org/0000-0002-0578-4110"", ""author_position"": ""middle"", ""is_corresponding"": false}, {""display_name"": ""Keun Heo"", ""id"": ""https://openalex.org/A5056140406"", ""orcid"": ""https://orcid.org/0000-0003-0700-7427"", ""author_position"": ""middle"", ""is_corresponding"": false}, {""display_name"": ""Sung Haeng Cho"", ""id"": ""https://openalex.org/A5068250416"", ""orcid"": ""https://orcid.org/0000-0003-1751-1870"", ""author_position"": ""middle"", ""is_corresponding"": false}, {""display_name"": ""Sung‐Yool Choi"", ""id"": ""https://openalex.org/A5040506769"", ""orcid"": ""https://orcid.org/0000-0002-0960-7146"", ""author_position"": ""middle"", ""is_corresponding"": false}, {""display_name"": ""Byung Jin Cho"", ""id"": ""https://openalex.org/A5033875883"", ""orcid"": ""https://orcid.org/0000-0003-3000-5403"", ""author_position"": ""last"", ""is_corresponding"": false}]"
10.1109/ted.2025.3575400,Institute of Electrical and Electronics Engineers,,False,The Critical Role of Passivation Layer and Semiconductor Interface on the Hydrogen Stability of ALD IGZO Transistors,2,2025,2025-06-11,https://openalex.org/W4411203604,a-igzo,2025,174,openalex_title_and_abstract_cited_by_count_desc,none,0.0,False,False,False,journal,https://openalex.org/W4411203604,https://openalex.org/W4411203604,10.1109/ted.2025.3575400,IEEE Transactions on Electron Devices,https://openalex.org/S162355128,journal,0018-9383,"[""0018-9383"", ""1557-9646""]",article,0.84456544,14,Zhiyu Lin,Zhiyu Lin; Lu Kang; Jinxiu Zhao; Chen Wang; Peiyan Hong; Kai Jiang; Shiheng Lu; Ziheng Wang; Heng Wang; Xiuyan Li; Xuefei Li; Ying Wu; Jeffrey Xu; Mengwei Si,"[{""display_name"": ""Zhiyu Lin"", ""id"": ""https://openalex.org/A5001780912"", ""orcid"": ""https://orcid.org/0000-0002-7614-7709"", ""author_position"": ""first"", ""is_corresponding"": true}, {""display_name"": ""Lu Kang"", ""id"": ""https://openalex.org/A5111434796"", ""orcid"": null, ""author_position"": ""middle"", ""is_corresponding"": false}, {""display_name"": ""Jinxiu Zhao"", ""id"": ""https://openalex.org/A5101637090"", ""orcid"": ""https://orcid.org/0000-0002-2008-7620"", ""author_position"": ""middle"", ""is_corresponding"": false}, {""display_name"": ""Chen Wang"", ""id"": ""https://openalex.org/A5004562876"", ""orcid"": ""https://orcid.org/0000-0002-3550-6146"", ""author_position"": ""middle"", ""is_corresponding"": false}, {""display_name"": ""Peiyan Hong"", ""id"": ""https://openalex.org/A5111348779"", ""orcid"": null, ""author_position"": ""middle"", ""is_corresponding"": false}, {""display_name"": ""Kai Jiang"", ""id"": ""https://openalex.org/A5051446500"", ""orcid"": ""https://orcid.org/0000-0002-6871-737X"", ""author_position"": ""middle"", ""is_corresponding"": false}, {""display_name"": ""Shiheng Lu"", ""id"": ""https://openalex.org/A5016555115"", ""orcid"": ""https://orcid.org/0000-0002-5323-7787"", ""author_position"": ""middle"", ""is_corresponding"": false}, {""display_name"": ""Ziheng Wang"", ""id"": ""https://openalex.org/A5001588595"", ""orcid"": null, ""author_position"": ""middle"", ""is_corresponding"": false}, {""display_name"": ""Heng Wang"", ""id"": ""https://openalex.org/A5100453937"", ""orcid"": ""https://orcid.org/0000-0001-7631-0556"", ""author_position"": ""middle"", ""is_corresponding"": false}, {""display_name"": ""Xiuyan Li"", ""id"": ""https://openalex.org/A5100675231"", ""orcid"": ""https://orcid.org/0000-0002-6847-163X"", ""author_position"": ""middle"", ""is_corresponding"": false}, {""display_name"": ""Xuefei Li"", ""id"": ""https://openalex.org/A5100352629"", ""orcid"": ""https://orcid.org/0000-0001-6406-6461"", ""author_position"": ""middle"", ""is_corresponding"": false}, {""display_name"": ""Ying Wu"", ""id"": ""https://openalex.org/A5040789541"", ""orcid"": ""https://orcid.org/0000-0002-2051-4725"", ""author_position"": ""middle"", ""is_corresponding"": false}, {""display_name"": ""Jeffrey Xu"", ""id"": ""https://openalex.org/A5063018829"", ""orcid"": null, ""author_position"": ""middle"", ""is_corresponding"": false}, {""display_name"": ""Mengwei Si"", ""id"": ""https://openalex.org/A5059106002"", ""orcid"": ""https://orcid.org/0000-0003-0397-7741"", ""author_position"": ""last"", ""is_corresponding"": false}]"
10.1109/ted.2025.3582235,Institute of Electrical and Electronics Engineers,,False,Effects of Passivation Layers on the Characteristics and Stability of Indium–Gallium–Zinc Oxide Thin-Film Transistors,2,2025,2025-07-11,https://openalex.org/W4412353389,a-igzo,2025,175,openalex_title_and_abstract_cited_by_count_desc,none,0.0,False,False,False,journal,https://openalex.org/W4412353389,https://openalex.org/W4412353389,10.1109/ted.2025.3582235,IEEE Transactions on Electron Devices,https://openalex.org/S162355128,journal,0018-9383,"[""0018-9383"", ""1557-9646""]",article,0.84173726,6,Yuzhen Zhang,Yuzhen Zhang; Qiuxiao Feng; Wangran Wu; Runxiao Shi; Weifeng Sun; Man Wong,"[{""display_name"": ""Yuzhen Zhang"", ""id"": ""https://openalex.org/A5016720432"", ""orcid"": null, ""author_position"": ""first"", ""is_corresponding"": true}, {""display_name"": ""Qiuxiao Feng"", ""id"": ""https://openalex.org/A5005448908"", ""orcid"": ""https://orcid.org/0000-0001-6568-3795"", ""author_position"": ""middle"", ""is_corresponding"": false}, {""display_name"": ""Wangran Wu"", ""id"": ""https://openalex.org/A5079965756"", ""orcid"": ""https://orcid.org/0000-0001-5806-9754"", ""author_position"": ""middle"", ""is_corresponding"": false}, {""display_name"": ""Runxiao Shi"", ""id"": ""https://openalex.org/A5059875264"", ""orcid"": ""https://orcid.org/0000-0001-5712-7633"", ""author_position"": ""middle"", ""is_corresponding"": false}, {""display_name"": ""Weifeng Sun"", ""id"": ""https://openalex.org/A5100764839"", ""orcid"": ""https://orcid.org/0000-0002-3289-8877"", ""author_position"": ""middle"", ""is_corresponding"": false}, {""display_name"": ""Man Wong"", ""id"": ""https://openalex.org/A5028123645"", ""orcid"": ""https://orcid.org/0000-0002-2837-6646"", ""author_position"": ""last"", ""is_corresponding"": false}]"
10.23919/vlsitechnologyandcir65189.2025.11075056,,,False,First Direct Observation of Two Different Hydrogen-Related Processes Corresponding to the Negative V <sub>TH</sub> Shift Under PBTI Stress in IGZO Transistors by Pd Hydrogen Spillover,2,2025,2025-06-08,https://openalex.org/W4412964310,a-igzo,2025,176,openalex_title_and_abstract_cited_by_count_desc,none,0.0,False,False,False,,https://openalex.org/W4412964310,https://openalex.org/W4412964310,10.23919/vlsitechnologyandcir65189.2025.11075056,,,,,[],article,0.84549755,12,Zhiyu Lin,Zhiyu Lin; Lu Kang; Ying Zhang; Shiheng Lu; Tianning Cui; Liankai Zheng; Jinxiu Zhao; Xiuyan Li; Xin Zhao; Ying Wu; Jeffrey Xu; Mengwei Si,"[{""display_name"": ""Zhiyu Lin"", ""id"": ""https://openalex.org/A5001780912"", ""orcid"": ""https://orcid.org/0000-0002-7614-7709"", ""author_position"": ""first"", ""is_corresponding"": true}, {""display_name"": ""Lu Kang"", ""id"": ""https://openalex.org/A5111434796"", ""orcid"": null, ""author_position"": ""middle"", ""is_corresponding"": false}, {""display_name"": ""Ying Zhang"", ""id"": ""https://openalex.org/A5100386074"", ""orcid"": ""https://orcid.org/0000-0002-0254-4461"", ""author_position"": ""middle"", ""is_corresponding"": false}, {""display_name"": ""Shiheng Lu"", ""id"": ""https://openalex.org/A5100775696"", ""orcid"": ""https://orcid.org/0000-0002-8061-3231"", ""author_position"": ""middle"", ""is_corresponding"": false}, {""display_name"": ""Tianning Cui"", ""id"": ""https://openalex.org/A5053628536"", ""orcid"": ""https://orcid.org/0009-0008-1533-2653"", ""author_position"": ""middle"", ""is_corresponding"": false}, {""display_name"": ""Liankai Zheng"", ""id"": ""https://openalex.org/A5085456173"", ""orcid"": ""https://orcid.org/0009-0002-8045-9091"", ""author_position"": ""middle"", ""is_corresponding"": false}, {""display_name"": ""Jinxiu Zhao"", ""id"": ""https://openalex.org/A5101637090"", ""orcid"": ""https://orcid.org/0000-0002-2008-7620"", ""author_position"": ""middle"", ""is_corresponding"": false}, {""display_name"": ""Xiuyan Li"", ""id"": ""https://openalex.org/A5100675231"", ""orcid"": ""https://orcid.org/0000-0002-6847-163X"", ""author_position"": ""middle"", ""is_corresponding"": false}, {""display_name"": ""Xin Zhao"", ""id"": ""https://openalex.org/A5013286083"", ""orcid"": ""https://orcid.org/0000-0002-0372-638X"", ""author_position"": ""middle"", ""is_corresponding"": false}, {""display_name"": ""Ying Wu"", ""id"": ""https://openalex.org/A5017858171"", ""orcid"": ""https://orcid.org/0000-0001-6878-927X"", ""author_position"": ""middle"", ""is_corresponding"": false}, {""display_name"": ""Jeffrey Xu"", ""id"": ""https://openalex.org/A5063018829"", ""orcid"": null, ""author_position"": ""middle"", ""is_corresponding"": false}, {""display_name"": ""Mengwei Si"", ""id"": ""https://openalex.org/A5059106002"", ""orcid"": ""https://orcid.org/0000-0003-0397-7741"", ""author_position"": ""last"", ""is_corresponding"": false}]"
10.3390/nano15110780,Multidisciplinary Digital Publishing Institute,https://www.mdpi.com/2079-4991/15/11/780/pdf?version=1747982962,True,Effects of Deposition Power and Annealing Temperature on Indium Zinc Oxide (IZO) Film’s Properties and Their Applications to the Source–Drain Electrodes of Amorphous Indium Gallium Zinc Oxide (a-IGZO) Thin-Film Transistors (TFTs),2,2025,2025-05-22,https://openalex.org/W4410597093,a-igzo,2025,177,openalex_title_and_abstract_cited_by_count_desc,none,0.0,False,False,False,journal,https://openalex.org/W4410597093,https://openalex.org/W4410597093,10.3390/nano15110780,Nanomaterials,https://openalex.org/S2764646681,journal,2079-4991,"[""2079-4991""]",article,0.83538619,6,Yih-Shing Lee,Yih-Shing Lee; Chih‐Hsiang Chang; Bing-Shin Le; Nguyễn Hoàng Việt; Tsung-Cheng Tien; Horng−Chih Lin,"[{""display_name"": ""Yih-Shing Lee"", ""id"": ""https://openalex.org/A5081899740"", ""orcid"": ""https://orcid.org/0000-0003-4616-7394"", ""author_position"": ""first"", ""is_corresponding"": true}, {""display_name"": ""Chih‐Hsiang Chang"", ""id"": ""https://openalex.org/A5109549140"", ""orcid"": null, ""author_position"": ""middle"", ""is_corresponding"": false}, {""display_name"": ""Bing-Shin Le"", ""id"": ""https://openalex.org/A5030531559"", ""orcid"": null, ""author_position"": ""middle"", ""is_corresponding"": false}, {""display_name"": ""Nguyễn Hoàng Việt"", ""id"": ""https://openalex.org/A5034067645"", ""orcid"": ""https://orcid.org/0000-0003-3757-2638"", ""author_position"": ""middle"", ""is_corresponding"": false}, {""display_name"": ""Tsung-Cheng Tien"", ""id"": ""https://openalex.org/A5080044106"", ""orcid"": ""https://orcid.org/0000-0002-3264-8480"", ""author_position"": ""middle"", ""is_corresponding"": false}, {""display_name"": ""Horng−Chih Lin"", ""id"": ""https://openalex.org/A5014580722"", ""orcid"": null, ""author_position"": ""last"", ""is_corresponding"": false}]"
10.7498/aps.74.20250703,Science Press,,True,Multidimensional heterogeneous integration of two-dimensional materials and artificial visual systems: Frontier innovations and paradigm-shifting advancements,2,2025,2025-01-01,https://openalex.org/W4412379950,a-igzo,2025,178,openalex_title_and_abstract_cited_by_count_desc,none,0.0,False,False,False,journal,https://openalex.org/W4412379950,https://openalex.org/W4412379950,10.7498/aps.74.20250703,Acta Physica Sinica,https://openalex.org/S950076683,journal,1000-3290,"[""1000-3290""]",article,0.84236862,3,Wen Yu,Wen Yu; Su‐Ting Han; Z.Z. Ye,"[{""display_name"": ""Wen Yu"", ""id"": ""https://openalex.org/A5101541072"", ""orcid"": ""https://orcid.org/0000-0002-2589-4528"", ""author_position"": ""first"", ""is_corresponding"": true}, {""display_name"": ""Su‐Ting Han"", ""id"": ""https://openalex.org/A5118970711"", ""orcid"": ""https://orcid.org/0000-0003-3392-7569"", ""author_position"": ""middle"", ""is_corresponding"": false}, {""display_name"": ""Z.Z. Ye"", ""id"": ""https://openalex.org/A5113616185"", ""orcid"": ""https://orcid.org/0000-0003-0064-8168"", ""author_position"": ""last"", ""is_corresponding"": false}]"
10.1002/adfm.202513449,Wiley,https://onlinelibrary.wiley.com/doi/pdfdirect/10.1002/adfm.202513449,True,Dynamic Control of Synaptic Plasticity by Competing Ferroelectric and Trap‐Assisted Switching in IGZO Transistors with Al <sub>2</sub> O <sub>3</sub> /HfO <sub>2</sub> Dielectrics,1,2025,2025-09-18,https://openalex.org/W4414322088,a-igzo,2025,179,openalex_title_and_abstract_cited_by_count_desc,none,0.0,False,False,False,journal,https://openalex.org/W4414322088,https://openalex.org/W4414322088,10.1002/adfm.202513449,Advanced Functional Materials,https://openalex.org/S135204980,journal,1616-301X,"[""1616-301X"", ""1616-3028""]",article,0.77817334,11,Ojun Kwon,Ojun Kwon; Dong Ho Lee; Se‐Young Oh; Jongwon Yoon; Hyo‐Bae Kim; Ji‐Hoon Ahn; Woojin Park; Han Seul Kim; Byungjin Cho; Han Seul Kim; Byungjin Cho,"[{""display_name"": ""Ojun Kwon"", ""id"": ""https://openalex.org/A5104212980"", ""orcid"": null, ""author_position"": ""first"", ""is_corresponding"": false}, {""display_name"": ""Dong Ho Lee"", ""id"": ""https://openalex.org/A5115588249"", ""orcid"": ""https://orcid.org/0009-0009-3551-2202"", ""author_position"": ""middle"", ""is_corresponding"": false}, {""display_name"": ""Se‐Young Oh"", ""id"": ""https://openalex.org/A5103344838"", ""orcid"": null, ""author_position"": ""middle"", ""is_corresponding"": false}, {""display_name"": ""Jongwon Yoon"", ""id"": ""https://openalex.org/A5034353694"", ""orcid"": ""https://orcid.org/0000-0001-6425-6046"", ""author_position"": ""middle"", ""is_corresponding"": false}, {""display_name"": ""Hyo‐Bae Kim"", ""id"": ""https://openalex.org/A5034679391"", ""orcid"": null, ""author_position"": ""middle"", ""is_corresponding"": false}, {""display_name"": ""Ji‐Hoon Ahn"", ""id"": ""https://openalex.org/A5019949282"", ""orcid"": ""https://orcid.org/0000-0001-6928-4038"", ""author_position"": ""middle"", ""is_corresponding"": true}, {""display_name"": ""Woojin Park"", ""id"": ""https://openalex.org/A5101550837"", ""orcid"": null, ""author_position"": ""middle"", ""is_corresponding"": false}, {""display_name"": ""Han Seul Kim"", ""id"": ""https://openalex.org/A5011407861"", ""orcid"": null, ""author_position"": ""middle"", ""is_corresponding"": true}, {""display_name"": ""Byungjin Cho"", ""id"": ""https://openalex.org/A5015391135"", ""orcid"": ""https://orcid.org/0000-0002-3885-8139"", ""author_position"": ""middle"", ""is_corresponding"": false}, {""display_name"": ""Han Seul Kim"", ""id"": null, ""orcid"": ""https://orcid.org/0000-0003-0731-6705"", ""author_position"": ""middle"", ""is_corresponding"": true}, {""display_name"": ""Byungjin Cho"", ""id"": null, ""orcid"": ""https://orcid.org/0000-0002-3885-8139"", ""author_position"": ""last"", ""is_corresponding"": true}]"
10.1002/adfm.202527758,Wiley,,False,In‐Cycle Helium Plasma Integrated Atomic Layer Deposition Process for Screening Effect Alleviation and Performance Enhancement in a‐IGZO TFTs,1,2025,2025-11-20,https://openalex.org/W4416409527,a-igzo,2025,180,openalex_title_and_abstract_cited_by_count_desc,none,0.0,False,False,False,journal,https://openalex.org/W4416409527,https://openalex.org/W4416409527,10.1002/adfm.202527758,Advanced Functional Materials,https://openalex.org/S135204980,journal,1616-301X,"[""1616-301X"", ""1616-3028""]",article,0.79971898,11,Suhwan Hwang,Suhwan Hwang; Chan Lee; Jongwook Jeon; Jiho Lee; Haeyeon Lee; Minho Jin; Jong Chan Shin; Taeyun Kim; Sung‐Hoon Lee; H.S. Yoon; Youn Sang Kim,"[{""display_name"": ""Suhwan Hwang"", ""id"": ""https://openalex.org/A5007611552"", ""orcid"": null, ""author_position"": ""first"", ""is_corresponding"": false}, {""display_name"": ""Chan Lee"", ""id"": ""https://openalex.org/A5100663730"", ""orcid"": ""https://orcid.org/0000-0003-0813-6335"", ""author_position"": ""middle"", ""is_corresponding"": false}, {""display_name"": ""Jongwook Jeon"", ""id"": ""https://openalex.org/A5011216580"", ""orcid"": ""https://orcid.org/0000-0002-5232-650X"", ""author_position"": ""middle"", ""is_corresponding"": false}, {""display_name"": ""Jiho Lee"", ""id"": ""https://openalex.org/A5053195373"", ""orcid"": ""https://orcid.org/0000-0002-5587-9599"", ""author_position"": ""middle"", ""is_corresponding"": false}, {""display_name"": ""Haeyeon Lee"", ""id"": ""https://openalex.org/A5029327843"", ""orcid"": ""https://orcid.org/0009-0004-6860-7869"", ""author_position"": ""middle"", ""is_corresponding"": false}, {""display_name"": ""Minho Jin"", ""id"": ""https://openalex.org/A5091565608"", ""orcid"": ""https://orcid.org/0000-0001-8074-1391"", ""author_position"": ""middle"", ""is_corresponding"": false}, {""display_name"": ""Jong Chan Shin"", ""id"": ""https://openalex.org/A5027683412"", ""orcid"": ""https://orcid.org/0000-0001-6935-9511"", ""author_position"": ""middle"", ""is_corresponding"": false}, {""display_name"": ""Taeyun Kim"", ""id"": ""https://openalex.org/A5101503307"", ""orcid"": ""https://orcid.org/0000-0002-9390-0870"", ""author_position"": ""middle"", ""is_corresponding"": false}, {""display_name"": ""Sung‐Hoon Lee"", ""id"": ""https://openalex.org/A5100741443"", ""orcid"": ""https://orcid.org/0000-0002-8553-8007"", ""author_position"": ""middle"", ""is_corresponding"": false}, {""display_name"": ""H.S. Yoon"", ""id"": ""https://openalex.org/A5113140622"", ""orcid"": null, ""author_position"": ""middle"", ""is_corresponding"": false}, {""display_name"": ""Youn Sang Kim"", ""id"": ""https://openalex.org/A5072235115"", ""orcid"": ""https://orcid.org/0000-0002-4580-2037"", ""author_position"": ""last"", ""is_corresponding"": true}]"
10.1002/adma.202508889,Advanced Materials,,True,HZO/HSO Superlattice ReFET Array Integrating Optical Sensing for Neuromorphic Vision Computing,1,2025,2025-10-15,https://openalex.org/W4415221798,a-igzo,2025,181,openalex_title_and_abstract_cited_by_count_desc,none,0.0,False,False,False,journal,https://openalex.org/W4415221798,https://openalex.org/W4415221798,10.1002/adma.202508889,Advanced Materials,https://openalex.org/S99352657,journal,0935-9648,"[""0935-9648"", ""1521-4095""]",article,0.79796879,11,Bingjie Dang,Bingjie Dang; Kaixuan Sun; Hanxin Su; Jiaxin Chen; Pengyu Yao; Tao Zeng; Shu Shi; Guowei Zhou; Liang Liu; Xiaohong Xu; Jingsheng Chen,"[{""display_name"": ""Bingjie Dang"", ""id"": ""https://openalex.org/A5010291266"", ""orcid"": null, ""author_position"": ""first"", ""is_corresponding"": false}, {""display_name"": ""Kaixuan Sun"", ""id"": ""https://openalex.org/A5110577773"", ""orcid"": null, ""author_position"": ""middle"", ""is_corresponding"": false}, {""display_name"": ""Hanxin Su"", ""id"": ""https://openalex.org/A5060858164"", ""orcid"": null, ""author_position"": ""middle"", ""is_corresponding"": false}, {""display_name"": ""Jiaxin Chen"", ""id"": ""https://openalex.org/A5005351521"", ""orcid"": ""https://orcid.org/0009-0008-7846-9622"", ""author_position"": ""middle"", ""is_corresponding"": false}, {""display_name"": ""Pengyu Yao"", ""id"": ""https://openalex.org/A5002434716"", ""orcid"": null, ""author_position"": ""middle"", ""is_corresponding"": false}, {""display_name"": ""Tao Zeng"", ""id"": ""https://openalex.org/A5100684230"", ""orcid"": ""https://orcid.org/0000-0002-8682-0426"", ""author_position"": ""middle"", ""is_corresponding"": false}, {""display_name"": ""Shu Shi"", ""id"": ""https://openalex.org/A5083785273"", ""orcid"": ""https://orcid.org/0000-0003-0945-5637"", ""author_position"": ""middle"", ""is_corresponding"": false}, {""display_name"": ""Guowei Zhou"", ""id"": ""https://openalex.org/A5042010967"", ""orcid"": ""https://orcid.org/0000-0002-7023-6225"", ""author_position"": ""middle"", ""is_corresponding"": false}, {""display_name"": ""Liang Liu"", ""id"": ""https://openalex.org/A5101432997"", ""orcid"": ""https://orcid.org/0000-0002-9389-6891"", ""author_position"": ""middle"", ""is_corresponding"": false}, {""display_name"": ""Xiaohong Xu"", ""id"": ""https://openalex.org/A5100319787"", ""orcid"": ""https://orcid.org/0000-0001-7588-4793"", ""author_position"": ""middle"", ""is_corresponding"": true}, {""display_name"": ""Jingsheng Chen"", ""id"": ""https://openalex.org/A5100772415"", ""orcid"": ""https://orcid.org/0000-0003-3188-2803"", ""author_position"": ""last"", ""is_corresponding"": true}]"
10.1002/adma.202509367,Advanced Materials,,False,Monolithic 3D Integration of Vertical Memory with Phototransistor for Near‐Sensor Cryptography and Homomorphic Data Searching,1,2025,2025-10-29,https://openalex.org/W4415665950,a-igzo,2025,182,openalex_title_and_abstract_cited_by_count_desc,none,0.0,False,False,False,journal,https://openalex.org/W4415665950,https://openalex.org/W4415665950,10.1002/adma.202509367,Advanced Materials,https://openalex.org/S99352657,journal,0935-9648,"[""0935-9648"", ""1521-4095""]",article,0.9021452,13,Batyrbek Alimkhanuly,Batyrbek Alimkhanuly; Minwoo Lee; Anupom Devnath; Junseong Bae; Jun‐Ho Choi; Shubham Patil; Taemin Sim; Seung Jae Moon; Gisung Lee; Arman Kadyrov; Sandeep Kumar Maurya; Seunghyun Lee; Seunghyun Lee,"[{""display_name"": ""Batyrbek Alimkhanuly"", ""id"": ""https://openalex.org/A5065423112"", ""orcid"": null, ""author_position"": ""first"", ""is_corresponding"": false}, {""display_name"": ""Minwoo Lee"", ""id"": ""https://openalex.org/A5100768026"", ""orcid"": ""https://orcid.org/0000-0002-3369-2790"", ""author_position"": ""middle"", ""is_corresponding"": false}, {""display_name"": ""Anupom Devnath"", ""id"": ""https://openalex.org/A5092234587"", ""orcid"": null, ""author_position"": ""middle"", ""is_corresponding"": false}, {""display_name"": ""Junseong Bae"", ""id"": ""https://openalex.org/A5022502551"", ""orcid"": ""https://orcid.org/0000-0002-9735-4504"", ""author_position"": ""middle"", ""is_corresponding"": false}, {""display_name"": ""Jun‐Ho Choi"", ""id"": ""https://openalex.org/A5070496831"", ""orcid"": ""https://orcid.org/0000-0001-5237-5566"", ""author_position"": ""middle"", ""is_corresponding"": false}, {""display_name"": ""Shubham Patil"", ""id"": ""https://openalex.org/A5074446285"", ""orcid"": ""https://orcid.org/0000-0001-6535-5919"", ""author_position"": ""middle"", ""is_corresponding"": false}, {""display_name"": ""Taemin Sim"", ""id"": ""https://openalex.org/A5120175941"", ""orcid"": null, ""author_position"": ""middle"", ""is_corresponding"": false}, {""display_name"": ""Seung Jae Moon"", ""id"": ""https://openalex.org/A5084715180"", ""orcid"": ""https://orcid.org/0000-0002-8978-474X"", ""author_position"": ""middle"", ""is_corresponding"": false}, {""display_name"": ""Gisung Lee"", ""id"": ""https://openalex.org/A5023667315"", ""orcid"": null, ""author_position"": ""middle"", ""is_corresponding"": false}, {""display_name"": ""Arman Kadyrov"", ""id"": ""https://openalex.org/A5016771560"", ""orcid"": ""https://orcid.org/0009-0008-9777-8770"", ""author_position"": ""middle"", ""is_corresponding"": false}, {""display_name"": ""Sandeep Kumar Maurya"", ""id"": ""https://openalex.org/A5048442844"", ""orcid"": ""https://orcid.org/0000-0002-0999-1512"", ""author_position"": ""middle"", ""is_corresponding"": false}, {""display_name"": ""Seunghyun Lee"", ""id"": ""https://openalex.org/A5100426789"", ""orcid"": ""https://orcid.org/0000-0002-4701-2856"", ""author_position"": ""middle"", ""is_corresponding"": true}, {""display_name"": ""Seunghyun Lee"", ""id"": null, ""orcid"": ""https://orcid.org/0000-0002-4701-2856"", ""author_position"": ""last"", ""is_corresponding"": false}]"
10.1002/adts.202501693,Wiley,,False,Performance Engineering of Cs <sub>2</sub> AuScI <sub>6</sub> Double Halide Perovskite Solar Cell: A DFT and SCAPS‐1D Approach to 31.82% Efficiency,1,2025,2025-11-29,https://openalex.org/W4416819257,a-igzo,2025,183,openalex_title_and_abstract_cited_by_count_desc,none,0.0,False,False,False,journal,https://openalex.org/W4416819257,https://openalex.org/W4416819257,10.1002/adts.202501693,Advanced Theory and Simulations,https://openalex.org/S4210193742,journal,2513-0390,"[""2513-0390""]",article,0.80592516,5,S. Mahmud,S. Mahmud; Md. Mazedul Islam; Md. Mukter Hossain; M. M. Uddin; M. A. Ali,"[{""display_name"": ""S. Mahmud"", ""id"": ""https://openalex.org/A5084699628"", ""orcid"": ""https://orcid.org/0000-0002-4538-4357"", ""author_position"": ""first"", ""is_corresponding"": true}, {""display_name"": ""Md. Mazedul Islam"", ""id"": ""https://openalex.org/A5011572159"", ""orcid"": ""https://orcid.org/0000-0001-6373-5563"", ""author_position"": ""middle"", ""is_corresponding"": false}, {""display_name"": ""Md. Mukter Hossain"", ""id"": ""https://openalex.org/A5064369039"", ""orcid"": ""https://orcid.org/0000-0002-8506-1202"", ""author_position"": ""middle"", ""is_corresponding"": false}, {""display_name"": ""M. M. Uddin"", ""id"": ""https://openalex.org/A5049435017"", ""orcid"": ""https://orcid.org/0000-0001-7999-5079"", ""author_position"": ""middle"", ""is_corresponding"": false}, {""display_name"": ""M. A. Ali"", ""id"": ""https://openalex.org/A5083909838"", ""orcid"": ""https://orcid.org/0000-0003-4957-2192"", ""author_position"": ""last"", ""is_corresponding"": true}]"
10.1002/aelm.202500399,Wiley,,True,Nonequilibrium Nitrogen Spike Annealing for Crystallization Enhancement Achieves High Mobility and Reliability in IGO TFTs,1,2025,2025-09-29,https://openalex.org/W4414616312,a-igzo,2025,184,openalex_title_and_abstract_cited_by_count_desc,none,0.0,False,False,False,journal,https://openalex.org/W4414616312,https://openalex.org/W4414616312,10.1002/aelm.202500399,Advanced Electronic Materials,https://openalex.org/S2765003236,journal,2199-160X,"[""2199-160X""]",article,0.79304616,14,Kuo Zhang,Kuo Zhang; Jiayi Wang; Ziheng Bai; Chunyu Zhang; Tong Yu; Yang Xu; Nannan You; Rui Chen; Zhicheng Wu; Di Geng; Menggan Liu; Shengkai Wang; Ling Li; Ming Liu,"[{""display_name"": ""Kuo Zhang"", ""id"": ""https://openalex.org/A5102856900"", ""orcid"": ""https://orcid.org/0009-0006-8060-4665"", ""author_position"": ""first"", ""is_corresponding"": true}, {""display_name"": ""Jiayi Wang"", ""id"": ""https://openalex.org/A5015375551"", ""orcid"": ""https://orcid.org/0000-0003-3880-4242"", ""author_position"": ""middle"", ""is_corresponding"": false}, {""display_name"": ""Ziheng Bai"", ""id"": ""https://openalex.org/A5002808121"", ""orcid"": ""https://orcid.org/0000-0001-5171-4968"", ""author_position"": ""middle"", ""is_corresponding"": false}, {""display_name"": ""Chunyu Zhang"", ""id"": ""https://openalex.org/A5100683453"", ""orcid"": ""https://orcid.org/0009-0001-4302-039X"", ""author_position"": ""middle"", ""is_corresponding"": false}, {""display_name"": ""Tong Yu"", ""id"": ""https://openalex.org/A5013148123"", ""orcid"": ""https://orcid.org/0000-0002-3246-1579"", ""author_position"": ""middle"", ""is_corresponding"": false}, {""display_name"": ""Yang Xu"", ""id"": ""https://openalex.org/A5101983163"", ""orcid"": ""https://orcid.org/0000-0002-6952-5206"", ""author_position"": ""middle"", ""is_corresponding"": false}, {""display_name"": ""Nannan You"", ""id"": ""https://openalex.org/A5070438012"", ""orcid"": null, ""author_position"": ""middle"", ""is_corresponding"": false}, {""display_name"": ""Rui Chen"", ""id"": ""https://openalex.org/A5100403620"", ""orcid"": ""https://orcid.org/0000-0002-0445-7847"", ""author_position"": ""middle"", ""is_corresponding"": false}, {""display_name"": ""Zhicheng Wu"", ""id"": ""https://openalex.org/A5101623284"", ""orcid"": ""https://orcid.org/0000-0002-7656-3251"", ""author_position"": ""middle"", ""is_corresponding"": false}, {""display_name"": ""Di Geng"", ""id"": ""https://openalex.org/A5077056646"", ""orcid"": ""https://orcid.org/0000-0002-5653-6811"", ""author_position"": ""middle"", ""is_corresponding"": false}, {""display_name"": ""Menggan Liu"", ""id"": ""https://openalex.org/A5089872608"", ""orcid"": ""https://orcid.org/0000-0002-9371-1965"", ""author_position"": ""middle"", ""is_corresponding"": false}, {""display_name"": ""Shengkai Wang"", ""id"": ""https://openalex.org/A5035136663"", ""orcid"": ""https://orcid.org/0000-0002-9701-5107"", ""author_position"": ""middle"", ""is_corresponding"": false}, {""display_name"": ""Ling Li"", ""id"": ""https://openalex.org/A5100435353"", ""orcid"": ""https://orcid.org/0000-0002-7622-8752"", ""author_position"": ""middle"", ""is_corresponding"": false}, {""display_name"": ""Ming Liu"", ""id"": ""https://openalex.org/A5100347764"", ""orcid"": ""https://orcid.org/0000-0002-0937-7547"", ""author_position"": ""last"", ""is_corresponding"": false}]"
10.1002/aesr.202500053,Wiley,,True,"Deposition of Pb‐Free CsGeI <sub> 3− <i>x</i> </sub> Cl <sub> <i>x</i> </sub> in Atmospheric Conditions, and Exploring Suitable Carrier Transport Materials for Improving its Power Conversion Efficiency: A Numerical Simulation Approach",1,2025,2025-05-19,https://openalex.org/W4410506641,a-igzo,2025,185,openalex_title_and_abstract_cited_by_count_desc,none,0.0,False,False,False,journal,https://openalex.org/W4410506641,https://openalex.org/W4410506641,10.1002/aesr.202500053,Advanced Energy and Sustainability Research,https://openalex.org/S4210231858,journal,2699-9412,"[""2699-9412""]",article,0.71992591,6,M. Kamruzzaman,M. Kamruzzaman; Md. Faruk Hossain; Shah Azharul Islam; A.M.M. Tanveer Karim; Harinarayan Das; Md. Al‐Helal,"[{""display_name"": ""M. Kamruzzaman"", ""id"": ""https://openalex.org/A5102995090"", ""orcid"": ""https://orcid.org/0000-0003-3591-5799"", ""author_position"": ""first"", ""is_corresponding"": true}, {""display_name"": ""Md. Faruk Hossain"", ""id"": ""https://openalex.org/A5089902070"", ""orcid"": ""https://orcid.org/0000-0003-3118-5805"", ""author_position"": ""middle"", ""is_corresponding"": false}, {""display_name"": ""Shah Azharul Islam"", ""id"": ""https://openalex.org/A5045322325"", ""orcid"": null, ""author_position"": ""middle"", ""is_corresponding"": false}, {""display_name"": ""A.M.M. Tanveer Karim"", ""id"": ""https://openalex.org/A5019569823"", ""orcid"": ""https://orcid.org/0000-0002-2150-6487"", ""author_position"": ""middle"", ""is_corresponding"": false}, {""display_name"": ""Harinarayan Das"", ""id"": ""https://openalex.org/A5038783311"", ""orcid"": ""https://orcid.org/0000-0003-0783-916X"", ""author_position"": ""middle"", ""is_corresponding"": false}, {""display_name"": ""Md. Al‐Helal"", ""id"": ""https://openalex.org/A5056170736"", ""orcid"": null, ""author_position"": ""last"", ""is_corresponding"": false}]"
10.1002/aisy.202500285,Wiley,https://onlinelibrary.wiley.com/doi/pdfdirect/10.1002/aisy.202500285,True,A Novel Indium Gallium Zinc Oxide Channel‐Based Electrochemical Field Effect Transistor for Physical Reservoir Computing,1,2025,2025-07-24,https://openalex.org/W4412625259,a-igzo,2025,186,openalex_title_and_abstract_cited_by_count_desc,none,0.0,False,False,False,journal,https://openalex.org/W4412625259,https://openalex.org/W4412625259,10.1002/aisy.202500285,Advanced Intelligent Systems,https://openalex.org/S4210212817,journal,2640-4567,"[""2640-4567""]",article,0.75891312,6,Hyejin Kim,Hyejin Kim; Jinho Byun; Junghoon Park; Kiheun Lee; Daewon Ha; Seyoung Kim,"[{""display_name"": ""Hyejin Kim"", ""id"": ""https://openalex.org/A5102967191"", ""orcid"": ""https://orcid.org/0009-0002-7748-2100"", ""author_position"": ""first"", ""is_corresponding"": false}, {""display_name"": ""Jinho Byun"", ""id"": ""https://openalex.org/A5113398579"", ""orcid"": null, ""author_position"": ""middle"", ""is_corresponding"": false}, {""display_name"": ""Junghoon Park"", ""id"": ""https://openalex.org/A5078914400"", ""orcid"": ""https://orcid.org/0000-0001-8982-0387"", ""author_position"": ""middle"", ""is_corresponding"": false}, {""display_name"": ""Kiheun Lee"", ""id"": ""https://openalex.org/A5101355146"", ""orcid"": null, ""author_position"": ""middle"", ""is_corresponding"": false}, {""display_name"": ""Daewon Ha"", ""id"": ""https://openalex.org/A5015290434"", ""orcid"": ""https://orcid.org/0000-0002-9061-8626"", ""author_position"": ""middle"", ""is_corresponding"": false}, {""display_name"": ""Seyoung Kim"", ""id"": ""https://openalex.org/A5100417274"", ""orcid"": ""https://orcid.org/0000-0002-0408-1165"", ""author_position"": ""last"", ""is_corresponding"": true}]"
10.1002/aisy.202500402,Wiley,https://onlinelibrary.wiley.com/doi/pdfdirect/10.1002/aisy.202500402,True,Optoelectronic Neuromorphic System Based on Amorphous Indium–Gallium–Zinc–Oxide Thin‐Film Transistor for Spiking Neural Networks,1,2025,2025-07-21,https://openalex.org/W4412531201,a-igzo,2025,187,openalex_title_and_abstract_cited_by_count_desc,none,0.0,False,False,False,journal,https://openalex.org/W4412531201,https://openalex.org/W4412531201,10.1002/aisy.202500402,Advanced Intelligent Systems,https://openalex.org/S4210212817,journal,2640-4567,"[""2640-4567""]",article,0.75659037,7,Yumin Yun,Yumin Yun; Junhyeong Park; Min Kong; J. Lee; Sung‐Soo Bae; Chanjin Park; Soo‐Yeon Lee,"[{""display_name"": ""Yumin Yun"", ""id"": ""https://openalex.org/A5052046442"", ""orcid"": ""https://orcid.org/0009-0005-8758-6001"", ""author_position"": ""first"", ""is_corresponding"": false}, {""display_name"": ""Junhyeong Park"", ""id"": ""https://openalex.org/A5001822348"", ""orcid"": ""https://orcid.org/0000-0002-4318-2882"", ""author_position"": ""middle"", ""is_corresponding"": false}, {""display_name"": ""Min Kong"", ""id"": ""https://openalex.org/A5111991863"", ""orcid"": null, ""author_position"": ""middle"", ""is_corresponding"": false}, {""display_name"": ""J. Lee"", ""id"": ""https://openalex.org/A5111724227"", ""orcid"": null, ""author_position"": ""middle"", ""is_corresponding"": false}, {""display_name"": ""Sung‐Soo Bae"", ""id"": ""https://openalex.org/A5111548239"", ""orcid"": null, ""author_position"": ""middle"", ""is_corresponding"": false}, {""display_name"": ""Chanjin Park"", ""id"": ""https://openalex.org/A5099433328"", ""orcid"": ""https://orcid.org/0009-0006-2214-0997"", ""author_position"": ""middle"", ""is_corresponding"": false}, {""display_name"": ""Soo‐Yeon Lee"", ""id"": ""https://openalex.org/A5100626495"", ""orcid"": ""https://orcid.org/0000-0002-9822-2570"", ""author_position"": ""last"", ""is_corresponding"": true}]"
10.1002/ente.202501270,Wiley,,False,Enhanced Charge Transport and Energy Alignment in Perovskite Solar Cells Using PCNI2‐BTI and Inorganic Interlayers: A Theoretical Study,1,2025,2025-09-04,https://openalex.org/W4413993523,a-igzo,2025,188,openalex_title_and_abstract_cited_by_count_desc,none,0.0,False,False,False,journal,https://openalex.org/W4413993523,https://openalex.org/W4413993523,10.1002/ente.202501270,Energy Technology,https://openalex.org/S2765059294,journal,2194-4288,"[""2194-4288"", ""2194-4296""]",article,0.77435296,3,Shalani Gupta,Shalani Gupta; N.K. Bansal; Trilok Singh,"[{""display_name"": ""Shalani Gupta"", ""id"": ""https://openalex.org/A5104038465"", ""orcid"": ""https://orcid.org/0009-0002-8710-3207"", ""author_position"": ""first"", ""is_corresponding"": false}, {""display_name"": ""N.K. Bansal"", ""id"": ""https://openalex.org/A5016619724"", ""orcid"": ""https://orcid.org/0000-0001-5403-6293"", ""author_position"": ""middle"", ""is_corresponding"": false}, {""display_name"": ""Trilok Singh"", ""id"": ""https://openalex.org/A5054800796"", ""orcid"": ""https://orcid.org/0000-0003-2322-7403"", ""author_position"": ""last"", ""is_corresponding"": true}]"
10.1002/jsid.2043,Wiley,,False,Role of oxygen interstitials in drain current drop effect of a‐InGaZnO thin‐film transistors,1,2025,2025-03-12,https://openalex.org/W4408418083,a-igzo,2025,189,openalex_title_and_abstract_cited_by_count_desc,none,0.0,False,False,False,journal,https://openalex.org/W4408418083,https://openalex.org/W4408418083,10.1002/jsid.2043,Journal of the Society for Information Display,https://openalex.org/S184312719,journal,1071-0922,"[""1071-0922"", ""1938-3657""]",article,0.69432454,4,Shi‐Min Ge,Shi‐Min Ge; Juncheng Xiao; Dong Yuan; Shengdong Zhang,"[{""display_name"": ""Shi‐Min Ge"", ""id"": ""https://openalex.org/A5047805714"", ""orcid"": null, ""author_position"": ""first"", ""is_corresponding"": false}, {""display_name"": ""Juncheng Xiao"", ""id"": ""https://openalex.org/A5067990750"", ""orcid"": null, ""author_position"": ""middle"", ""is_corresponding"": false}, {""display_name"": ""Dong Yuan"", ""id"": ""https://openalex.org/A5048766921"", ""orcid"": ""https://orcid.org/0000-0002-8592-6181"", ""author_position"": ""middle"", ""is_corresponding"": false}, {""display_name"": ""Shengdong Zhang"", ""id"": ""https://openalex.org/A5021481432"", ""orcid"": ""https://orcid.org/0000-0002-1815-8661"", ""author_position"": ""last"", ""is_corresponding"": true}]"
10.1002/pssr.202400350,Wiley,,False,Revealing Dielectric's Degradation Effect on Charge Transport in Dual Gate In–Ga–Zn–O Thin Film Transistor via Accumulation–Depletion Operation Mode,1,2025,2025-02-10,https://openalex.org/W4407323842,a-igzo,2025,190,openalex_title_and_abstract_cited_by_count_desc,none,0.0,False,False,False,journal,https://openalex.org/W4407323842,https://openalex.org/W4407323842,10.1002/pssr.202400350,physica status solidi (RRL) - Rapid Research Letters,https://openalex.org/S4210198591,journal,1862-6254,"[""1862-6254"", ""1862-6270""]",article,0.68138504,9,Xichen Chuai,Xichen Chuai; Guanhua Yang; Xinlv Duan; Congyan Lu; Nianduan Lu; Di Geng; Ying Zhao; Jiawei Wang; Ling Li,"[{""display_name"": ""Xichen Chuai"", ""id"": ""https://openalex.org/A5035273428"", ""orcid"": ""https://orcid.org/0000-0002-8939-6624"", ""author_position"": ""first"", ""is_corresponding"": false}, {""display_name"": ""Guanhua Yang"", ""id"": ""https://openalex.org/A5083546723"", ""orcid"": ""https://orcid.org/0000-0003-4694-7040"", ""author_position"": ""middle"", ""is_corresponding"": false}, {""display_name"": ""Xinlv Duan"", ""id"": ""https://openalex.org/A5009183677"", ""orcid"": ""https://orcid.org/0000-0001-5183-7060"", ""author_position"": ""middle"", ""is_corresponding"": false}, {""display_name"": ""Congyan Lu"", ""id"": ""https://openalex.org/A5038128382"", ""orcid"": ""https://orcid.org/0000-0002-4064-7410"", ""author_position"": ""middle"", ""is_corresponding"": false}, {""display_name"": ""Nianduan Lu"", ""id"": ""https://openalex.org/A5102840011"", ""orcid"": ""https://orcid.org/0000-0001-8415-7627"", ""author_position"": ""middle"", ""is_corresponding"": false}, {""display_name"": ""Di Geng"", ""id"": ""https://openalex.org/A5077056646"", ""orcid"": ""https://orcid.org/0000-0002-5653-6811"", ""author_position"": ""middle"", ""is_corresponding"": false}, {""display_name"": ""Ying Zhao"", ""id"": ""https://openalex.org/A5071334150"", ""orcid"": ""https://orcid.org/0000-0002-9414-2717"", ""author_position"": ""middle"", ""is_corresponding"": true}, {""display_name"": ""Jiawei Wang"", ""id"": ""https://openalex.org/A5100388762"", ""orcid"": ""https://orcid.org/0000-0002-1847-7267"", ""author_position"": ""middle"", ""is_corresponding"": true}, {""display_name"": ""Ling Li"", ""id"": ""https://openalex.org/A5100435353"", ""orcid"": ""https://orcid.org/0000-0002-7622-8752"", ""author_position"": ""last"", ""is_corresponding"": false}]"
10.1002/pssr.202500027,Wiley,https://onlinelibrary.wiley.com/doi/pdfdirect/10.1002/pssr.202500027,True,Ultrahigh Current Vertical Channel‐All‐Around Indium–Gallium–Zinc–Oxide Field‐Effect Transistors Using Indium–Tin–Oxide Electrode with Sub‐100 nm Critical Dimension,1,2025,2025-03-13,https://openalex.org/W4408414405,a-igzo,2025,191,openalex_title_and_abstract_cited_by_count_desc,none,0.0,False,False,False,journal,https://openalex.org/W4408414405,https://openalex.org/W4408414405,10.1002/pssr.202500027,physica status solidi (RRL) - Rapid Research Letters,https://openalex.org/S4210198591,journal,1862-6254,"[""1862-6254"", ""1862-6270""]",article,0.69427957,16,Chunyu Zhang,Chunyu Zhang; Chuanke Chen; Yanjun Tang; Kaiping Zhang; Congyan Lu; Wanming Wu; Ziheng Bai; Jiebin Niu; Shengjie Zhao; Yu Liu; Cheng Lü; Peiwen Zhang; Nianduan Lu; Guanhua Yang; Di Geng; Ling Li,"[{""display_name"": ""Chunyu Zhang"", ""id"": ""https://openalex.org/A5100683453"", ""orcid"": ""https://orcid.org/0009-0001-4302-039X"", ""author_position"": ""first"", ""is_corresponding"": false}, {""display_name"": ""Chuanke Chen"", ""id"": ""https://openalex.org/A5027064130"", ""orcid"": null, ""author_position"": ""middle"", ""is_corresponding"": false}, {""display_name"": ""Yanjun Tang"", ""id"": ""https://openalex.org/A5101716308"", ""orcid"": ""https://orcid.org/0000-0002-3882-5935"", ""author_position"": ""middle"", ""is_corresponding"": false}, {""display_name"": ""Kaiping Zhang"", ""id"": ""https://openalex.org/A5101530326"", ""orcid"": null, ""author_position"": ""middle"", ""is_corresponding"": false}, {""display_name"": ""Congyan Lu"", ""id"": ""https://openalex.org/A5038128382"", ""orcid"": ""https://orcid.org/0000-0002-4064-7410"", ""author_position"": ""middle"", ""is_corresponding"": false}, {""display_name"": ""Wanming Wu"", ""id"": ""https://openalex.org/A5066689075"", ""orcid"": ""https://orcid.org/0009-0009-4005-4752"", ""author_position"": ""middle"", ""is_corresponding"": false}, {""display_name"": ""Ziheng Bai"", ""id"": ""https://openalex.org/A5002808121"", ""orcid"": ""https://orcid.org/0000-0001-5171-4968"", ""author_position"": ""middle"", ""is_corresponding"": false}, {""display_name"": ""Jiebin Niu"", ""id"": ""https://openalex.org/A5109914686"", ""orcid"": ""https://orcid.org/0009-0009-6299-0947"", ""author_position"": ""middle"", ""is_corresponding"": false}, {""display_name"": ""Shengjie Zhao"", ""id"": ""https://openalex.org/A5101612776"", ""orcid"": ""https://orcid.org/0000-0002-1908-1133"", ""author_position"": ""middle"", ""is_corresponding"": false}, {""display_name"": ""Yu Liu"", ""id"": ""https://openalex.org/A5100345852"", ""orcid"": ""https://orcid.org/0000-0002-8417-6913"", ""author_position"": ""middle"", ""is_corresponding"": false}, {""display_name"": ""Cheng Lü"", ""id"": ""https://openalex.org/A5100717728"", ""orcid"": ""https://orcid.org/0000-0003-2922-6962"", ""author_position"": ""middle"", ""is_corresponding"": false}, {""display_name"": ""Peiwen Zhang"", ""id"": ""https://openalex.org/A5068626657"", ""orcid"": null, ""author_position"": ""middle"", ""is_corresponding"": false}, {""display_name"": ""Nianduan Lu"", ""id"": ""https://openalex.org/A5102840011"", ""orcid"": ""https://orcid.org/0000-0001-8415-7627"", ""author_position"": ""middle"", ""is_corresponding"": false}, {""display_name"": ""Guanhua Yang"", ""id"": ""https://openalex.org/A5083546723"", ""orcid"": ""https://orcid.org/0000-0003-4694-7040"", ""author_position"": ""middle"", ""is_corresponding"": false}, {""display_name"": ""Di Geng"", ""id"": ""https://openalex.org/A5077056646"", ""orcid"": ""https://orcid.org/0000-0002-5653-6811"", ""author_position"": ""middle"", ""is_corresponding"": true}, {""display_name"": ""Ling Li"", ""id"": ""https://openalex.org/A5100435353"", ""orcid"": ""https://orcid.org/0000-0002-7622-8752"", ""author_position"": ""last"", ""is_corresponding"": false}]"
10.1002/sdtp.18940,Wiley,,False,P‐1.35: High‐performance Thin‐Film Transistors with ITZO/IGZO Heterojunction,1,2025,2025-06-01,https://openalex.org/W4412588622,a-igzo,2025,192,openalex_title_and_abstract_cited_by_count_desc,none,0.0,False,False,False,journal,https://openalex.org/W4412588622,https://openalex.org/W4412588622,10.1002/sdtp.18940,SID Symposium Digest of Technical Papers,https://openalex.org/S4210171700,journal,0097-966X,"[""0097-966X"", ""2154-6738"", ""2154-6746"", ""2168-0159""]",article,0.75208849,4,Zhenyuan Xiao,Zhenyuan Xiao; Shibo Zhang; Jidong Jin; Jaekyun Kim,"[{""display_name"": ""Zhenyuan Xiao"", ""id"": ""https://openalex.org/A5007974800"", ""orcid"": ""https://orcid.org/0000-0003-2996-7162"", ""author_position"": ""first"", ""is_corresponding"": true}, {""display_name"": ""Shibo Zhang"", ""id"": ""https://openalex.org/A5101912181"", ""orcid"": ""https://orcid.org/0009-0003-5842-0884"", ""author_position"": ""middle"", ""is_corresponding"": false}, {""display_name"": ""Jidong Jin"", ""id"": ""https://openalex.org/A5051820696"", ""orcid"": ""https://orcid.org/0000-0002-8400-0053"", ""author_position"": ""middle"", ""is_corresponding"": false}, {""display_name"": ""Jaekyun Kim"", ""id"": ""https://openalex.org/A5037744188"", ""orcid"": ""https://orcid.org/0000-0001-9726-8166"", ""author_position"": ""last"", ""is_corresponding"": false}]"
10.1002/smll.202501335,Wiley,,False,Filter‐Less Polychromatic Recognition in One Photosensitive Oscillator via Dual‐Perception Feature Decoupling,1,2025,2025-06-16,https://openalex.org/W4411346372,a-igzo,2025,193,openalex_title_and_abstract_cited_by_count_desc,none,0.0,False,False,False,journal,https://openalex.org/W4411346372,https://openalex.org/W4411346372,10.1002/smll.202501335,Small,https://openalex.org/S94619837,journal,1613-6810,"[""1613-6810"", ""1613-6829""]",article,0.73678066,15,Hailong Wang,Hailong Wang; Zhexin Li; Hao Xu; Lingchen Liu; Wenxuan Zhang; Yiqiang Zheng; Xiaokun Qin; Bowen Zhong; Linlin Li; Yanmeng Shi; Yuqing Huang; Jing Zhang; Yongchao Yu; Zheng Lou; Lili Wang,"[{""display_name"": ""Hailong Wang"", ""id"": ""https://openalex.org/A5100367761"", ""orcid"": ""https://orcid.org/0000-0003-2993-8396"", ""author_position"": ""first"", ""is_corresponding"": false}, {""display_name"": ""Zhexin Li"", ""id"": ""https://openalex.org/A5030656981"", ""orcid"": ""https://orcid.org/0000-0002-5097-8571"", ""author_position"": ""middle"", ""is_corresponding"": false}, {""display_name"": ""Hao Xu"", ""id"": ""https://openalex.org/A5101830020"", ""orcid"": ""https://orcid.org/0009-0005-2949-4459"", ""author_position"": ""middle"", ""is_corresponding"": false}, {""display_name"": ""Lingchen Liu"", ""id"": ""https://openalex.org/A5069397844"", ""orcid"": null, ""author_position"": ""middle"", ""is_corresponding"": false}, {""display_name"": ""Wenxuan Zhang"", ""id"": ""https://openalex.org/A5100629637"", ""orcid"": ""https://orcid.org/0009-0002-1774-7912"", ""author_position"": ""middle"", ""is_corresponding"": false}, {""display_name"": ""Yiqiang Zheng"", ""id"": ""https://openalex.org/A5015573727"", ""orcid"": null, ""author_position"": ""middle"", ""is_corresponding"": false}, {""display_name"": ""Xiaokun Qin"", ""id"": ""https://openalex.org/A5104348606"", ""orcid"": null, ""author_position"": ""middle"", ""is_corresponding"": false}, {""display_name"": ""Bowen Zhong"", ""id"": ""https://openalex.org/A5080112141"", ""orcid"": ""https://orcid.org/0000-0002-6180-6142"", ""author_position"": ""middle"", ""is_corresponding"": false}, {""display_name"": ""Linlin Li"", ""id"": ""https://openalex.org/A5100318922"", ""orcid"": ""https://orcid.org/0000-0003-1041-4533"", ""author_position"": ""middle"", ""is_corresponding"": false}, {""display_name"": ""Yanmeng Shi"", ""id"": ""https://openalex.org/A5055821899"", ""orcid"": ""https://orcid.org/0000-0002-5648-0328"", ""author_position"": ""middle"", ""is_corresponding"": false}, {""display_name"": ""Yuqing Huang"", ""id"": ""https://openalex.org/A5051073531"", ""orcid"": ""https://orcid.org/0000-0003-4583-6365"", ""author_position"": ""middle"", ""is_corresponding"": false}, {""display_name"": ""Jing Zhang"", ""id"": ""https://openalex.org/A5076247663"", ""orcid"": ""https://orcid.org/0000-0002-3750-374X"", ""author_position"": ""middle"", ""is_corresponding"": false}, {""display_name"": ""Yongchao Yu"", ""id"": ""https://openalex.org/A5031706660"", ""orcid"": ""https://orcid.org/0000-0003-4235-0079"", ""author_position"": ""middle"", ""is_corresponding"": true}, {""display_name"": ""Zheng Lou"", ""id"": ""https://openalex.org/A5082944404"", ""orcid"": ""https://orcid.org/0000-0001-5744-3759"", ""author_position"": ""middle"", ""is_corresponding"": true}, {""display_name"": ""Lili Wang"", ""id"": ""https://openalex.org/A5051585653"", ""orcid"": ""https://orcid.org/0000-0002-0422-4277"", ""author_position"": ""last"", ""is_corresponding"": true}]"
10.1002/smll.202506026,Wiley,,False,AI‐Integrated Optoelectronic Platform for Low‐Latency Classification of Toxic Industrial Chemicals,1,2025,2025-08-14,https://openalex.org/W4413138309,a-igzo,2025,194,openalex_title_and_abstract_cited_by_count_desc,none,0.0,False,False,False,journal,https://openalex.org/W4413138309,https://openalex.org/W4413138309,10.1002/smll.202506026,Small,https://openalex.org/S94619837,journal,1613-6810,"[""1613-6810"", ""1613-6829""]",article,0.73396614,11,Jang‐Kyun Kwak,Jang‐Kyun Kwak; Jae-Seong Kim; Riya Dutta; Min‐Jae Kim; Mikyung Kang; Aiping Hui; Yunjeong Yu; Jihoon Shin; Hogun Park; Donghwan Kim; Sunkook Kim,"[{""display_name"": ""Jang‐Kyun Kwak"", ""id"": ""https://openalex.org/A5102522383"", ""orcid"": null, ""author_position"": ""first"", ""is_corresponding"": false}, {""display_name"": ""Jae-Seong Kim"", ""id"": ""https://openalex.org/A5101532563"", ""orcid"": ""https://orcid.org/0009-0009-4770-3743"", ""author_position"": ""middle"", ""is_corresponding"": false}, {""display_name"": ""Riya Dutta"", ""id"": ""https://openalex.org/A5041352220"", ""orcid"": ""https://orcid.org/0009-0005-7382-622X"", ""author_position"": ""middle"", ""is_corresponding"": false}, {""display_name"": ""Min‐Jae Kim"", ""id"": ""https://openalex.org/A5104248655"", ""orcid"": ""https://orcid.org/0000-0001-6070-6417"", ""author_position"": ""middle"", ""is_corresponding"": false}, {""display_name"": ""Mikyung Kang"", ""id"": ""https://openalex.org/A5044550389"", ""orcid"": ""https://orcid.org/0000-0002-0592-1648"", ""author_position"": ""middle"", ""is_corresponding"": false}, {""display_name"": ""Aiping Hui"", ""id"": ""https://openalex.org/A5026156763"", ""orcid"": null, ""author_position"": ""middle"", ""is_corresponding"": false}, {""display_name"": ""Yunjeong Yu"", ""id"": ""https://openalex.org/A5064373574"", ""orcid"": null, ""author_position"": ""middle"", ""is_corresponding"": false}, {""display_name"": ""Jihoon Shin"", ""id"": ""https://openalex.org/A5076447060"", ""orcid"": ""https://orcid.org/0000-0002-0677-9161"", ""author_position"": ""middle"", ""is_corresponding"": false}, {""display_name"": ""Hogun Park"", ""id"": ""https://openalex.org/A5071646906"", ""orcid"": ""https://orcid.org/0000-0003-0576-5806"", ""author_position"": ""middle"", ""is_corresponding"": true}, {""display_name"": ""Donghwan Kim"", ""id"": ""https://openalex.org/A5100370730"", ""orcid"": ""https://orcid.org/0000-0002-0795-059X"", ""author_position"": ""middle"", ""is_corresponding"": true}, {""display_name"": ""Sunkook Kim"", ""id"": ""https://openalex.org/A5009384770"", ""orcid"": ""https://orcid.org/0000-0003-3724-6728"", ""author_position"": ""last"", ""is_corresponding"": true}]"
10.1007/s10853-025-10827-4,Springer Science+Business Media,,False,"Nanosheet transistors: materials, devices, systems and applications",1,2025,2025-04-01,https://openalex.org/W4409646122,a-igzo,2025,195,openalex_title_and_abstract_cited_by_count_desc,none,0.0,False,False,False,journal,https://openalex.org/W4409646122,https://openalex.org/W4409646122,10.1007/s10853-025-10827-4,Journal of Materials Science,https://openalex.org/S26125866,journal,0022-2461,"[""0022-2461"", ""1573-4803""]",article,0.72007663,4,A. Angelin Delighta,A. Angelin Delighta; J. S. Raj Kumar; I. V. Binola K Jebalin; D. Nirmal,"[{""display_name"": ""A. Angelin Delighta"", ""id"": ""https://openalex.org/A5117237416"", ""orcid"": null, ""author_position"": ""first"", ""is_corresponding"": true}, {""display_name"": ""J. S. Raj Kumar"", ""id"": ""https://openalex.org/A5101434865"", ""orcid"": null, ""author_position"": ""middle"", ""is_corresponding"": false}, {""display_name"": ""I. V. Binola K Jebalin"", ""id"": ""https://openalex.org/A5094171115"", ""orcid"": null, ""author_position"": ""middle"", ""is_corresponding"": false}, {""display_name"": ""D. Nirmal"", ""id"": ""https://openalex.org/A5019998420"", ""orcid"": ""https://orcid.org/0000-0002-9751-2816"", ""author_position"": ""last"", ""is_corresponding"": false}]"
10.1007/s10854-025-14957-y,Springer Science+Business Media,,False,Analysis of specific contact resistance between ITO/IGZO interface and its influence on IGZO transistor performance,1,2025,2025-05-01,https://openalex.org/W4410809302,a-igzo,2025,196,openalex_title_and_abstract_cited_by_count_desc,none,0.0,False,False,False,journal,https://openalex.org/W4410809302,https://openalex.org/W4410809302,10.1007/s10854-025-14957-y,Journal of Materials Science Materials in Electronics,https://openalex.org/S189509794,journal,0957-4522,"[""0957-4522"", ""1573-482X""]",article,0.73515016,2,Ishan Choudhary,Ishan Choudhary; Sunita Mehta,"[{""display_name"": ""Ishan Choudhary"", ""id"": ""https://openalex.org/A5051499433"", ""orcid"": ""https://orcid.org/0000-0001-6032-737X"", ""author_position"": ""first"", ""is_corresponding"": true}, {""display_name"": ""Sunita Mehta"", ""id"": ""https://openalex.org/A5103130655"", ""orcid"": ""https://orcid.org/0000-0002-8059-4034"", ""author_position"": ""last"", ""is_corresponding"": false}]"
10.1007/s10854-025-15496-2,Springer Science+Business Media,,False,Application of high-k gate dielectric multilayer Al2O3/TiO2/Al2O3 anodized film in IGZO thin-film transistors,1,2025,2025-08-01,https://openalex.org/W4413219852,a-igzo,2025,197,openalex_title_and_abstract_cited_by_count_desc,none,0.0,False,False,False,journal,https://openalex.org/W4413219852,https://openalex.org/W4413219852,10.1007/s10854-025-15496-2,Journal of Materials Science Materials in Electronics,https://openalex.org/S189509794,journal,0957-4522,"[""0957-4522"", ""1573-482X""]",article,0.76728562,11,Nong Xiao,Nong Xiao; Haojun Zhang; Jianwen Chen; Haixing Tan; Si Liu; Wenbo Zhu; Xiucai Wang; Xinmei Yu; Peng Xiao; Deping Chen; Yu Huang,"[{""display_name"": ""Nong Xiao"", ""id"": ""https://openalex.org/A5023506057"", ""orcid"": ""https://orcid.org/0000-0002-2166-977X"", ""author_position"": ""first"", ""is_corresponding"": true}, {""display_name"": ""Haojun Zhang"", ""id"": ""https://openalex.org/A5082240165"", ""orcid"": ""https://orcid.org/0000-0002-5993-5260"", ""author_position"": ""middle"", ""is_corresponding"": false}, {""display_name"": ""Jianwen Chen"", ""id"": ""https://openalex.org/A5100689468"", ""orcid"": ""https://orcid.org/0000-0002-6436-6568"", ""author_position"": ""middle"", ""is_corresponding"": false}, {""display_name"": ""Haixing Tan"", ""id"": ""https://openalex.org/A5102693121"", ""orcid"": null, ""author_position"": ""middle"", ""is_corresponding"": false}, {""display_name"": ""Si Liu"", ""id"": ""https://openalex.org/A5002651405"", ""orcid"": ""https://orcid.org/0000-0001-8465-9395"", ""author_position"": ""middle"", ""is_corresponding"": false}, {""display_name"": ""Wenbo Zhu"", ""id"": ""https://openalex.org/A5045145869"", ""orcid"": ""https://orcid.org/0000-0001-7835-4990"", ""author_position"": ""middle"", ""is_corresponding"": false}, {""display_name"": ""Xiucai Wang"", ""id"": ""https://openalex.org/A5040827527"", ""orcid"": ""https://orcid.org/0000-0003-4318-0278"", ""author_position"": ""middle"", ""is_corresponding"": false}, {""display_name"": ""Xinmei Yu"", ""id"": ""https://openalex.org/A5067280204"", ""orcid"": null, ""author_position"": ""middle"", ""is_corresponding"": false}, {""display_name"": ""Peng Xiao"", ""id"": ""https://openalex.org/A5003999816"", ""orcid"": ""https://orcid.org/0000-0002-6106-672X"", ""author_position"": ""middle"", ""is_corresponding"": false}, {""display_name"": ""Deping Chen"", ""id"": ""https://openalex.org/A5031179510"", ""orcid"": null, ""author_position"": ""middle"", ""is_corresponding"": false}, {""display_name"": ""Yu Huang"", ""id"": ""https://openalex.org/A5041318946"", ""orcid"": ""https://orcid.org/0000-0003-1793-0741"", ""author_position"": ""last"", ""is_corresponding"": false}]"
10.1007/s40042-025-01290-0,Springer Science+Business Media,,False,Improving the electrical properties and stability of amorphous indium gallium zinc oxide thin-film transistors through ozone treatment,1,2025,2025-02-03,https://openalex.org/W4407104334,a-igzo,2025,198,openalex_title_and_abstract_cited_by_count_desc,none,0.0,False,False,False,journal,https://openalex.org/W4407104334,https://openalex.org/W4407104334,10.1007/s40042-025-01290-0,Journal of the Korean Physical Society,https://openalex.org/S28330355,journal,0374-4884,"[""0374-4884"", ""1976-8524""]",article,0.69605534,5,Yeongtae Choi,Yeongtae Choi; Seokyoon Shin; Chang-Woo Byun; Heesoo Kim; Hyeongtag Jeon,"[{""display_name"": ""Yeongtae Choi"", ""id"": ""https://openalex.org/A5051701157"", ""orcid"": null, ""author_position"": ""first"", ""is_corresponding"": false}, {""display_name"": ""Seokyoon Shin"", ""id"": ""https://openalex.org/A5112328179"", ""orcid"": null, ""author_position"": ""middle"", ""is_corresponding"": false}, {""display_name"": ""Chang-Woo Byun"", ""id"": ""https://openalex.org/A5018400485"", ""orcid"": ""https://orcid.org/0000-0003-2632-8349"", ""author_position"": ""middle"", ""is_corresponding"": false}, {""display_name"": ""Heesoo Kim"", ""id"": ""https://openalex.org/A5100774088"", ""orcid"": ""https://orcid.org/0000-0001-9351-8850"", ""author_position"": ""middle"", ""is_corresponding"": false}, {""display_name"": ""Hyeongtag Jeon"", ""id"": ""https://openalex.org/A5013519625"", ""orcid"": ""https://orcid.org/0000-0003-2502-7413"", ""author_position"": ""last"", ""is_corresponding"": true}]"
10.1016/j.apsusc.2025.164044,Elsevier BV,,False,A novel AZO capping approach on SnO thin-film transistors for efficient threshold voltage modulation and electrical performance enhancement,1,2025,2025-07-15,https://openalex.org/W4412426007,a-igzo,2025,199,openalex_title_and_abstract_cited_by_count_desc,none,0.0,False,False,False,journal,https://openalex.org/W4412426007,https://openalex.org/W4412426007,10.1016/j.apsusc.2025.164044,Applied Surface Science,https://openalex.org/S42323631,journal,0169-4332,"[""0169-4332"", ""1873-5584""]",article,0.75448344,6,Jongyoun Park,Jongyoun Park; Sungjoo Song; Seung‐Hwan Kim; Jong-hyun Kim; Jeong‐Kyu Kim; Hyun‐Yong Yu,"[{""display_name"": ""Jongyoun Park"", ""id"": ""https://openalex.org/A5108747745"", ""orcid"": ""https://orcid.org/0009-0008-7367-6083"", ""author_position"": ""first"", ""is_corresponding"": false}, {""display_name"": ""Sungjoo Song"", ""id"": ""https://openalex.org/A5008825348"", ""orcid"": ""https://orcid.org/0009-0009-1488-5106"", ""author_position"": ""middle"", ""is_corresponding"": false}, {""display_name"": ""Seung‐Hwan Kim"", ""id"": ""https://openalex.org/A5100451561"", ""orcid"": ""https://orcid.org/0000-0002-5899-2853"", ""author_position"": ""middle"", ""is_corresponding"": false}, {""display_name"": ""Jong-hyun Kim"", ""id"": ""https://openalex.org/A5102080009"", ""orcid"": null, ""author_position"": ""middle"", ""is_corresponding"": false}, {""display_name"": ""Jeong‐Kyu Kim"", ""id"": ""https://openalex.org/A5001505424"", ""orcid"": ""https://orcid.org/0000-0003-2175-5798"", ""author_position"": ""middle"", ""is_corresponding"": false}, {""display_name"": ""Hyun‐Yong Yu"", ""id"": ""https://openalex.org/A5007392884"", ""orcid"": ""https://orcid.org/0000-0001-9446-5981"", ""author_position"": ""last"", ""is_corresponding"": true}]"
10.1016/j.apsusc.2025.164388,Elsevier BV,,False,Complex conductivity characterization of InGaZnO films using terahertz time-domain spectroscopy,1,2025,2025-08-23,https://openalex.org/W4413449437,a-igzo,2025,200,openalex_title_and_abstract_cited_by_count_desc,none,0.0,False,False,False,journal,https://openalex.org/W4413449437,https://openalex.org/W4413449437,10.1016/j.apsusc.2025.164388,Applied Surface Science,https://openalex.org/S42323631,journal,0169-4332,"[""0169-4332"", ""1873-5584""]",article,0.77113239,5,Sein Lee,Sein Lee; Junho Ryeom; Jang‐Yeon Kwon; Geunchang Choi; Seok Daniel Namgung,"[{""display_name"": ""Sein Lee"", ""id"": ""https://openalex.org/A5068128658"", ""orcid"": ""https://orcid.org/0000-0002-6715-2389"", ""author_position"": ""first"", ""is_corresponding"": false}, {""display_name"": ""Junho Ryeom"", ""id"": ""https://openalex.org/A5053012899"", ""orcid"": ""https://orcid.org/0000-0001-7415-7121"", ""author_position"": ""middle"", ""is_corresponding"": false}, {""display_name"": ""Jang‐Yeon Kwon"", ""id"": ""https://openalex.org/A5049885361"", ""orcid"": ""https://orcid.org/0000-0002-5231-8307"", ""author_position"": ""middle"", ""is_corresponding"": false}, {""display_name"": ""Geunchang Choi"", ""id"": ""https://openalex.org/A5072123638"", ""orcid"": ""https://orcid.org/0000-0002-2081-7910"", ""author_position"": ""middle"", ""is_corresponding"": true}, {""display_name"": ""Seok Daniel Namgung"", ""id"": ""https://openalex.org/A5031184174"", ""orcid"": ""https://orcid.org/0000-0001-6049-0433"", ""author_position"": ""last"", ""is_corresponding"": true}]"
