doi,publisher,pdf_url,open_access,title,cited_by_count,publication_year,publication_date,openalex_id,benchmark_query,benchmark_year,benchmark_min_year,benchmark_max_year,benchmark_rank,benchmark_source,doi_resolution_method,doi_resolution_confidence,resolved_from_ssrn,resolved_from_repository,resolved_from_arxiv,original_source_type,original_openalex_id,resolved_target_openalex_id,original_doi,journal,journal_id,journal_type,journal_issn_l,journal_issn_json,work_type,citation_normalized_percentile,author_count,first_author,authors_display,authors_json
10.1126/science.adt3011,American Association for the Advancement of Science,,True,Circularly polarized electroluminescence from chiral supramolecular semiconductor thin films,67,2025,2025-03-13,https://openalex.org/W4408399306,OLED,,2025,,1,openalex_title_and_abstract_cited_by_count_desc,none,0.0,False,False,False,journal,https://openalex.org/W4408399306,https://openalex.org/W4408399306,10.1126/science.adt3011,Science,https://openalex.org/S3880285,journal,0036-8075,"[""0036-8075"", ""1095-9203""]",article,0.99993895,24,Rituparno Chowdhury,Rituparno Chowdhury; Marco D. Preuss; H. S. Cho; Joshua J. P. Thompson; Samarpita Sen; Tomi K. Baikie; Pratyush Ghosh; Yorrick Boeije; Xian Wei Chua; Kai‐Wei Chang; Erjuan Guo; Joost J. B. van der Tol; Bart W. L. van den Bersselaar; Andrea Taddeucci; Nicolas Daub; Daphne M. Dekker; Scott T. Keene; Ghislaine Vantomme; Bruno Ehrler; Stefan C. J. Meskers; Akshay Rao; Bartomeu Monserrat; E. W. Meijer; Richard H. Friend,"[{""display_name"": ""Rituparno Chowdhury"", ""id"": ""https://openalex.org/A5077194436"", ""orcid"": ""https://orcid.org/0000-0003-3063-4576"", ""author_position"": ""first"", ""is_corresponding"": false}, {""display_name"": ""Marco D. Preuss"", ""id"": ""https://openalex.org/A5002357883"", ""orcid"": ""https://orcid.org/0000-0002-5986-487X"", ""author_position"": ""middle"", ""is_corresponding"": false}, {""display_name"": ""H. S. Cho"", ""id"": ""https://openalex.org/A5080720333"", ""orcid"": null, ""author_position"": ""middle"", ""is_corresponding"": false}, {""display_name"": ""Joshua J. P. Thompson"", ""id"": ""https://openalex.org/A5009601822"", ""orcid"": ""https://orcid.org/0000-0003-1066-0224"", ""author_position"": ""middle"", ""is_corresponding"": false}, {""display_name"": ""Samarpita Sen"", ""id"": ""https://openalex.org/A5081673772"", ""orcid"": ""https://orcid.org/0000-0002-1026-2376"", ""author_position"": ""middle"", ""is_corresponding"": false}, {""display_name"": ""Tomi K. Baikie"", ""id"": ""https://openalex.org/A5077353813"", ""orcid"": ""https://orcid.org/0000-0002-0845-167X"", ""author_position"": ""middle"", ""is_corresponding"": false}, {""display_name"": ""Pratyush Ghosh"", ""id"": ""https://openalex.org/A5069083787"", ""orcid"": ""https://orcid.org/0000-0001-5780-3718"", ""author_position"": ""middle"", ""is_corresponding"": false}, {""display_name"": ""Yorrick Boeije"", ""id"": ""https://openalex.org/A5031310819"", ""orcid"": ""https://orcid.org/0000-0002-4346-3123"", ""author_position"": ""middle"", ""is_corresponding"": false}, {""display_name"": ""Xian Wei Chua"", ""id"": ""https://openalex.org/A5011662524"", ""orcid"": ""https://orcid.org/0000-0003-3015-6834"", ""author_position"": ""middle"", ""is_corresponding"": false}, {""display_name"": ""Kai‐Wei Chang"", ""id"": ""https://openalex.org/A5028071578"", ""orcid"": ""https://orcid.org/0000-0003-4432-2346"", ""author_position"": ""middle"", ""is_corresponding"": false}, {""display_name"": ""Erjuan Guo"", ""id"": ""https://openalex.org/A5085074215"", ""orcid"": ""https://orcid.org/0000-0002-2205-8030"", ""author_position"": ""middle"", ""is_corresponding"": false}, {""display_name"": ""Joost J. B. van der Tol"", ""id"": ""https://openalex.org/A5031763985"", ""orcid"": ""https://orcid.org/0000-0001-9842-8395"", ""author_position"": ""middle"", ""is_corresponding"": false}, {""display_name"": ""Bart W. L. van den Bersselaar"", ""id"": ""https://openalex.org/A5081827149"", ""orcid"": ""https://orcid.org/0000-0002-0424-2061"", ""author_position"": ""middle"", ""is_corresponding"": false}, {""display_name"": ""Andrea Taddeucci"", ""id"": ""https://openalex.org/A5083253427"", ""orcid"": ""https://orcid.org/0009-0003-4467-7283"", ""author_position"": ""middle"", ""is_corresponding"": false}, {""display_name"": ""Nicolas Daub"", ""id"": ""https://openalex.org/A5028635793"", ""orcid"": ""https://orcid.org/0000-0002-8296-0931"", ""author_position"": ""middle"", ""is_corresponding"": false}, {""display_name"": ""Daphne M. Dekker"", ""id"": ""https://openalex.org/A5034285582"", ""orcid"": null, ""author_position"": ""middle"", ""is_corresponding"": false}, {""display_name"": ""Scott T. Keene"", ""id"": ""https://openalex.org/A5073845081"", ""orcid"": ""https://orcid.org/0000-0002-6635-670X"", ""author_position"": ""middle"", ""is_corresponding"": false}, {""display_name"": ""Ghislaine Vantomme"", ""id"": ""https://openalex.org/A5087701202"", ""orcid"": ""https://orcid.org/0000-0003-2036-8892"", ""author_position"": ""middle"", ""is_corresponding"": false}, {""display_name"": ""Bruno Ehrler"", ""id"": ""https://openalex.org/A5043650069"", ""orcid"": ""https://orcid.org/0000-0002-5307-3241"", ""author_position"": ""middle"", ""is_corresponding"": false}, {""display_name"": ""Stefan C. J. Meskers"", ""id"": ""https://openalex.org/A5028259338"", ""orcid"": ""https://orcid.org/0000-0001-9236-591X"", ""author_position"": ""middle"", ""is_corresponding"": false}, {""display_name"": ""Akshay Rao"", ""id"": ""https://openalex.org/A5074568357"", ""orcid"": ""https://orcid.org/0000-0003-4261-0766"", ""author_position"": ""middle"", ""is_corresponding"": false}, {""display_name"": ""Bartomeu Monserrat"", ""id"": ""https://openalex.org/A5067635985"", ""orcid"": ""https://orcid.org/0000-0002-4233-4071"", ""author_position"": ""middle"", ""is_corresponding"": false}, {""display_name"": ""E. W. Meijer"", ""id"": ""https://openalex.org/A5077491842"", ""orcid"": ""https://orcid.org/0000-0003-4126-7492"", ""author_position"": ""middle"", ""is_corresponding"": true}, {""display_name"": ""Richard H. Friend"", ""id"": ""https://openalex.org/A5060458159"", ""orcid"": ""https://orcid.org/0000-0001-6565-6308"", ""author_position"": ""last"", ""is_corresponding"": true}]"
10.3390/jcs9010042,Multidisciplinary Digital Publishing Institute,https://www.mdpi.com/2504-477X/9/1/42/pdf?version=1737076756,True,Advances in Conductive Polymer-Based Flexible Electronics for Multifunctional Applications,67,2025,2025-01-16,https://openalex.org/W4406466927,OLED,,2025,,2,openalex_title_and_abstract_cited_by_count_desc,none,0.0,False,False,False,journal,https://openalex.org/W4406466927,https://openalex.org/W4406466927,10.3390/jcs9010042,Journal of Composites Science,https://openalex.org/S4210181540,journal,2504-477X,"[""2504-477X""]",article,0.99978154,9,Md. Abdus Shahid,Md. Abdus Shahid; Md. Mostafizur Rahman; Md. Tanvir Hossaın; Imam Hossain; Md. Sohan Sheikh; Md. Sunjidur Rahman; Md Nasir Uddin; Scott W. Donne; Md. Ikram Ul Hoque,"[{""display_name"": ""Md. Abdus Shahid"", ""id"": ""https://openalex.org/A5044382449"", ""orcid"": ""https://orcid.org/0000-0002-0192-3531"", ""author_position"": ""first"", ""is_corresponding"": true}, {""display_name"": ""Md. Mostafizur Rahman"", ""id"": ""https://openalex.org/A5100776684"", ""orcid"": ""https://orcid.org/0000-0003-3709-949X"", ""author_position"": ""middle"", ""is_corresponding"": false}, {""display_name"": ""Md. Tanvir Hossaın"", ""id"": ""https://openalex.org/A5024498719"", ""orcid"": ""https://orcid.org/0000-0001-8572-2560"", ""author_position"": ""middle"", ""is_corresponding"": false}, {""display_name"": ""Imam Hossain"", ""id"": ""https://openalex.org/A5103014530"", ""orcid"": ""https://orcid.org/0000-0003-3801-1701"", ""author_position"": ""middle"", ""is_corresponding"": false}, {""display_name"": ""Md. Sohan Sheikh"", ""id"": ""https://openalex.org/A5113335712"", ""orcid"": null, ""author_position"": ""middle"", ""is_corresponding"": false}, {""display_name"": ""Md. Sunjidur Rahman"", ""id"": ""https://openalex.org/A5111291766"", ""orcid"": null, ""author_position"": ""middle"", ""is_corresponding"": false}, {""display_name"": ""Md Nasir Uddin"", ""id"": ""https://openalex.org/A5018789178"", ""orcid"": ""https://orcid.org/0000-0002-5887-1322"", ""author_position"": ""middle"", ""is_corresponding"": false}, {""display_name"": ""Scott W. Donne"", ""id"": ""https://openalex.org/A5055141415"", ""orcid"": ""https://orcid.org/0000-0001-9389-7870"", ""author_position"": ""middle"", ""is_corresponding"": false}, {""display_name"": ""Md. Ikram Ul Hoque"", ""id"": ""https://openalex.org/A5102738535"", ""orcid"": ""https://orcid.org/0000-0002-6021-8621"", ""author_position"": ""last"", ""is_corresponding"": true}]"
10.1038/s41467-024-55680-2,Nature Portfolio,https://www.nature.com/articles/s41467-024-55680-2.pdf,True,Sulfur-locked multiple resonance emitters for high performance orange-red/deep-red OLEDs,49,2025,2025-01-02,https://openalex.org/W4406016317,OLED,,2025,,3,openalex_title_and_abstract_cited_by_count_desc,none,0.0,False,False,False,journal,https://openalex.org/W4406016317,https://openalex.org/W4406016317,10.1038/s41467-024-55680-2,Nature Communications,https://openalex.org/S64187185,journal,2041-1723,"[""2041-1723""]",article,0.99886673,6,Yexuan Pu,Yexuan Pu; Jin Qian; Yuewei Zhang; Chenglong Li; Lian Duan; Yue Wang,"[{""display_name"": ""Yexuan Pu"", ""id"": ""https://openalex.org/A5054926211"", ""orcid"": null, ""author_position"": ""first"", ""is_corresponding"": true}, {""display_name"": ""Jin Qian"", ""id"": ""https://openalex.org/A5055408579"", ""orcid"": ""https://orcid.org/0000-0002-3597-5460"", ""author_position"": ""middle"", ""is_corresponding"": false}, {""display_name"": ""Yuewei Zhang"", ""id"": ""https://openalex.org/A5084368738"", ""orcid"": ""https://orcid.org/0000-0002-6664-527X"", ""author_position"": ""middle"", ""is_corresponding"": false}, {""display_name"": ""Chenglong Li"", ""id"": ""https://openalex.org/A5100398939"", ""orcid"": ""https://orcid.org/0000-0003-2523-6151"", ""author_position"": ""middle"", ""is_corresponding"": false}, {""display_name"": ""Lian Duan"", ""id"": ""https://openalex.org/A5070210507"", ""orcid"": ""https://orcid.org/0000-0003-2750-0972"", ""author_position"": ""middle"", ""is_corresponding"": false}, {""display_name"": ""Yue Wang"", ""id"": ""https://openalex.org/A5100371961"", ""orcid"": null, ""author_position"": ""last"", ""is_corresponding"": false}]"
10.1002/adom.202402653,Wiley,,False,Recent Advances in Narrow Emission Bandwidth Materials for Application in Organic Light‐Emitting Diodes,41,2025,2025-02-21,https://openalex.org/W4407813147,OLED,,2025,,4,openalex_title_and_abstract_cited_by_count_desc,none,0.0,False,False,False,journal,https://openalex.org/W4407813147,https://openalex.org/W4407813147,10.1002/adom.202402653,Advanced Optical Materials,https://openalex.org/S108229257,journal,2195-1071,"[""2195-1071""]",article,0.99830008,3,Jihoon Kang,Jihoon Kang; Dong Jin Shin; Jun Yeob Lee,"[{""display_name"": ""Jihoon Kang"", ""id"": ""https://openalex.org/A5065004104"", ""orcid"": ""https://orcid.org/0000-0002-4888-9289"", ""author_position"": ""first"", ""is_corresponding"": false}, {""display_name"": ""Dong Jin Shin"", ""id"": ""https://openalex.org/A5040658802"", ""orcid"": ""https://orcid.org/0000-0002-4390-2843"", ""author_position"": ""middle"", ""is_corresponding"": false}, {""display_name"": ""Jun Yeob Lee"", ""id"": ""https://openalex.org/A5046901133"", ""orcid"": ""https://orcid.org/0000-0002-7677-0605"", ""author_position"": ""last"", ""is_corresponding"": true}]"
10.1038/s41467-024-55564-5,Nature Portfolio,https://www.nature.com/articles/s41467-024-55564-5.pdf,True,Ultra-low power-consumption OLEDs via phosphor-assisted thermally-activated-delayed-fluorescence-sensitized narrowband emission,36,2025,2025-01-02,https://openalex.org/W4405986597,OLED,,2025,,5,openalex_title_and_abstract_cited_by_count_desc,none,0.0,False,False,False,journal,https://openalex.org/W4405986597,https://openalex.org/W4405986597,10.1038/s41467-024-55564-5,Nature Communications,https://openalex.org/S64187185,journal,2041-1723,"[""2041-1723""]",article,0.99766426,6,Yin Chen,Yin Chen; Yangyang Xin; Tianyu Huang; Qisheng Zhang; Lian Duan; Dongdong Zhang,"[{""display_name"": ""Yin Chen"", ""id"": ""https://openalex.org/A5100430560"", ""orcid"": ""https://orcid.org/0000-0002-3351-5065"", ""author_position"": ""first"", ""is_corresponding"": true}, {""display_name"": ""Yangyang Xin"", ""id"": ""https://openalex.org/A5049181201"", ""orcid"": ""https://orcid.org/0000-0002-8892-6064"", ""author_position"": ""middle"", ""is_corresponding"": false}, {""display_name"": ""Tianyu Huang"", ""id"": ""https://openalex.org/A5106550259"", ""orcid"": ""https://orcid.org/0009-0003-5405-4477"", ""author_position"": ""middle"", ""is_corresponding"": false}, {""display_name"": ""Qisheng Zhang"", ""id"": ""https://openalex.org/A5100623343"", ""orcid"": ""https://orcid.org/0000-0002-0899-6856"", ""author_position"": ""middle"", ""is_corresponding"": false}, {""display_name"": ""Lian Duan"", ""id"": ""https://openalex.org/A5070210507"", ""orcid"": ""https://orcid.org/0000-0003-2750-0972"", ""author_position"": ""middle"", ""is_corresponding"": false}, {""display_name"": ""Dongdong Zhang"", ""id"": ""https://openalex.org/A5100416379"", ""orcid"": null, ""author_position"": ""last"", ""is_corresponding"": false}]"
10.1038/s41467-025-56923-6,Nature Portfolio,https://www.nature.com/articles/s41467-025-56923-6.pdf,True,Hyperfluorescence circularly polarized OLEDs consisting of chiral TADF sensitizers and achiral multi-resonance emitters,36,2025,2025-02-15,https://openalex.org/W4407570622,OLED,,2025,,6,openalex_title_and_abstract_cited_by_count_desc,none,0.0,False,False,False,journal,https://openalex.org/W4407570622,https://openalex.org/W4407570622,10.1038/s41467-025-56923-6,Nature Communications,https://openalex.org/S64187185,journal,2041-1723,"[""2041-1723""]",article,0.99766478,6,Letian Chen,Letian Chen; Peng Zou; Jinke Chen; Letian Xu; Ben Zhong Tang; Zujin Zhao,"[{""display_name"": ""Letian Chen"", ""id"": ""https://openalex.org/A5103185853"", ""orcid"": ""https://orcid.org/0000-0001-7945-3958"", ""author_position"": ""first"", ""is_corresponding"": true}, {""display_name"": ""Peng Zou"", ""id"": ""https://openalex.org/A5018284959"", ""orcid"": null, ""author_position"": ""middle"", ""is_corresponding"": false}, {""display_name"": ""Jinke Chen"", ""id"": ""https://openalex.org/A5068948634"", ""orcid"": null, ""author_position"": ""middle"", ""is_corresponding"": false}, {""display_name"": ""Letian Xu"", ""id"": ""https://openalex.org/A5037329658"", ""orcid"": null, ""author_position"": ""middle"", ""is_corresponding"": false}, {""display_name"": ""Ben Zhong Tang"", ""id"": ""https://openalex.org/A5089379373"", ""orcid"": ""https://orcid.org/0000-0002-0293-964X"", ""author_position"": ""middle"", ""is_corresponding"": false}, {""display_name"": ""Zujin Zhao"", ""id"": ""https://openalex.org/A5050859754"", ""orcid"": ""https://orcid.org/0000-0002-0618-6024"", ""author_position"": ""last"", ""is_corresponding"": false}]"
10.1126/sciadv.adt7899,American Association for the Advancement of Science,,True,Purely organic room-temperature phosphorescence sensitizers for highly efficient hyperfluorescence OLEDs,33,2025,2025-03-21,https://openalex.org/W4408695597,OLED,,2025,,7,openalex_title_and_abstract_cited_by_count_desc,none,0.0,False,False,False,journal,https://openalex.org/W4408695597,https://openalex.org/W4408695597,10.1126/sciadv.adt7899,Science Advances,https://openalex.org/S2737427234,journal,2375-2548,"[""2375-2548""]",article,0.99730462,6,Jiajie Zeng,Jiajie Zeng; Shaoxin Song; Yan Fu; Xiaoluo Peng; Ben Zhong Tang; Zujin Zhao,"[{""display_name"": ""Jiajie Zeng"", ""id"": ""https://openalex.org/A5026020975"", ""orcid"": ""https://orcid.org/0009-0000-6470-7863"", ""author_position"": ""first"", ""is_corresponding"": false}, {""display_name"": ""Shaoxin Song"", ""id"": ""https://openalex.org/A5016175669"", ""orcid"": null, ""author_position"": ""middle"", ""is_corresponding"": false}, {""display_name"": ""Yan Fu"", ""id"": ""https://openalex.org/A5101641488"", ""orcid"": ""https://orcid.org/0000-0002-6942-4616"", ""author_position"": ""middle"", ""is_corresponding"": false}, {""display_name"": ""Xiaoluo Peng"", ""id"": ""https://openalex.org/A5028470358"", ""orcid"": null, ""author_position"": ""middle"", ""is_corresponding"": false}, {""display_name"": ""Ben Zhong Tang"", ""id"": ""https://openalex.org/A5089379373"", ""orcid"": ""https://orcid.org/0000-0002-0293-964X"", ""author_position"": ""middle"", ""is_corresponding"": false}, {""display_name"": ""Zujin Zhao"", ""id"": ""https://openalex.org/A5050859754"", ""orcid"": ""https://orcid.org/0000-0002-0618-6024"", ""author_position"": ""last"", ""is_corresponding"": true}]"
10.1002/adma.202416224,Advanced Materials,,False,Bifunctional Group Modulation Strategy Enables MR‐TADF Electroluminescence Toward BT.2020 Green Light Standard,31,2025,2025-01-23,https://openalex.org/W4406766949,OLED,,2025,,8,openalex_title_and_abstract_cited_by_count_desc,none,0.0,False,False,False,journal,https://openalex.org/W4406766949,https://openalex.org/W4406766949,10.1002/adma.202416224,Advanced Materials,https://openalex.org/S99352657,journal,0935-9648,"[""0935-9648"", ""1521-4095""]",article,0.9967801,11,Lin Wu,Lin Wu; Ziru Xin; Denghui Liu; Deli Li; Jiasen Zhang; Yubo Zhou; Siyao Wu; Tao Wang; Shi‐Jian Su; Wei Li; Ziyi Ge,"[{""display_name"": ""Lin Wu"", ""id"": ""https://openalex.org/A5048768379"", ""orcid"": ""https://orcid.org/0000-0003-1472-8759"", ""author_position"": ""first"", ""is_corresponding"": false}, {""display_name"": ""Ziru Xin"", ""id"": ""https://openalex.org/A5113390509"", ""orcid"": null, ""author_position"": ""middle"", ""is_corresponding"": false}, {""display_name"": ""Denghui Liu"", ""id"": ""https://openalex.org/A5113152414"", ""orcid"": null, ""author_position"": ""middle"", ""is_corresponding"": false}, {""display_name"": ""Deli Li"", ""id"": ""https://openalex.org/A5078546180"", ""orcid"": ""https://orcid.org/0000-0001-6956-9391"", ""author_position"": ""middle"", ""is_corresponding"": false}, {""display_name"": ""Jiasen Zhang"", ""id"": ""https://openalex.org/A5111096536"", ""orcid"": null, ""author_position"": ""middle"", ""is_corresponding"": false}, {""display_name"": ""Yubo Zhou"", ""id"": ""https://openalex.org/A5101998059"", ""orcid"": ""https://orcid.org/0000-0002-9758-4983"", ""author_position"": ""middle"", ""is_corresponding"": false}, {""display_name"": ""Siyao Wu"", ""id"": ""https://openalex.org/A5060844132"", ""orcid"": ""https://orcid.org/0000-0002-1620-9832"", ""author_position"": ""middle"", ""is_corresponding"": false}, {""display_name"": ""Tao Wang"", ""id"": ""https://openalex.org/A5100453660"", ""orcid"": ""https://orcid.org/0000-0003-1293-3185"", ""author_position"": ""middle"", ""is_corresponding"": false}, {""display_name"": ""Shi‐Jian Su"", ""id"": ""https://openalex.org/A5048997362"", ""orcid"": ""https://orcid.org/0000-0002-6545-9002"", ""author_position"": ""middle"", ""is_corresponding"": false}, {""display_name"": ""Wei Li"", ""id"": ""https://openalex.org/A5119605676"", ""orcid"": ""https://orcid.org/0000-0002-2133-9287"", ""author_position"": ""middle"", ""is_corresponding"": true}, {""display_name"": ""Ziyi Ge"", ""id"": ""https://openalex.org/A5016131764"", ""orcid"": ""https://orcid.org/0000-0003-3656-6017"", ""author_position"": ""last"", ""is_corresponding"": false}]"
10.1038/s41467-025-59583-8,Nature Portfolio,https://www.nature.com/articles/s41467-025-59583-8.pdf,True,High-efficiency and long-lifetime deep-blue phosphorescent OLEDs using deuterated exciplex-forming host,30,2025,2025-05-13,https://openalex.org/W4410340841,OLED,,2025,,9,openalex_title_and_abstract_cited_by_count_desc,none,0.0,False,False,False,journal,https://openalex.org/W4410340841,https://openalex.org/W4410340841,10.1038/s41467-025-59583-8,Nature Communications,https://openalex.org/S64187185,journal,2041-1723,"[""2041-1723""]",article,0.99658875,6,Wenbo Yuan,Wenbo Yuan; Tianyu Huang; Jianping Zhou; Man‐Chung Tang; Dongdong Zhang; Lian Duan,"[{""display_name"": ""Wenbo Yuan"", ""id"": ""https://openalex.org/A5108986740"", ""orcid"": null, ""author_position"": ""first"", ""is_corresponding"": true}, {""display_name"": ""Tianyu Huang"", ""id"": ""https://openalex.org/A5049217065"", ""orcid"": ""https://orcid.org/0000-0002-7124-135X"", ""author_position"": ""middle"", ""is_corresponding"": false}, {""display_name"": ""Jianping Zhou"", ""id"": ""https://openalex.org/A5103156817"", ""orcid"": ""https://orcid.org/0000-0003-1846-0753"", ""author_position"": ""middle"", ""is_corresponding"": false}, {""display_name"": ""Man‐Chung Tang"", ""id"": ""https://openalex.org/A5049760663"", ""orcid"": ""https://orcid.org/0000-0001-9334-9348"", ""author_position"": ""middle"", ""is_corresponding"": false}, {""display_name"": ""Dongdong Zhang"", ""id"": ""https://openalex.org/A5100416379"", ""orcid"": ""https://orcid.org/0000-0002-8433-6200"", ""author_position"": ""middle"", ""is_corresponding"": false}, {""display_name"": ""Lian Duan"", ""id"": ""https://openalex.org/A5070210507"", ""orcid"": ""https://orcid.org/0000-0003-2750-0972"", ""author_position"": ""last"", ""is_corresponding"": false}]"
10.1021/jacs.5c06288,American Chemical Society,,False,Achieving Efficient Organic Room-Temperature Phosphorescence through Acceptor Dendronization,29,2025,2025-05-16,https://openalex.org/W4410438800,OLED,,2025,,10,openalex_title_and_abstract_cited_by_count_desc,none,0.0,False,False,False,journal,https://openalex.org/W4410438800,https://openalex.org/W4410438800,10.1021/jacs.5c06288,Journal of the American Chemical Society,https://openalex.org/S111155417,journal,0002-7863,"[""0002-7863"", ""1520-5126"", ""1943-2984""]",article,0.99513977,23,Chensen Li,Chensen Li; Zhenchen Lou; Minghui Wu; Fulong Ma; Xinmeng Chen; Haozhe Tan; Zonghang Liu; Feng Gao; Zijie Qiu; Zheng Zhao; Lianrui Hu; Guohua Xie; Maoqiu Li; Yumeng Guo; Zhongjie Ren; Song Zhang; Yuchao Liu; Shouke Yan; Zhen Li; Bo Xu; Ryan T. K. Kwok; Jacky W. Y. Lam; Ben Zhong Tang,"[{""display_name"": ""Chensen Li"", ""id"": ""https://openalex.org/A5016421197"", ""orcid"": ""https://orcid.org/0009-0009-6810-7086"", ""author_position"": ""first"", ""is_corresponding"": false}, {""display_name"": ""Zhenchen Lou"", ""id"": ""https://openalex.org/A5113223329"", ""orcid"": null, ""author_position"": ""middle"", ""is_corresponding"": false}, {""display_name"": ""Minghui Wu"", ""id"": ""https://openalex.org/A5076983003"", ""orcid"": ""https://orcid.org/0000-0002-0134-9883"", ""author_position"": ""middle"", ""is_corresponding"": false}, {""display_name"": ""Fulong Ma"", ""id"": ""https://openalex.org/A5051297619"", ""orcid"": ""https://orcid.org/0000-0002-3681-9611"", ""author_position"": ""middle"", ""is_corresponding"": false}, {""display_name"": ""Xinmeng Chen"", ""id"": ""https://openalex.org/A5077905941"", ""orcid"": ""https://orcid.org/0000-0002-8076-1517"", ""author_position"": ""middle"", ""is_corresponding"": false}, {""display_name"": ""Haozhe Tan"", ""id"": ""https://openalex.org/A5104210552"", ""orcid"": null, ""author_position"": ""middle"", ""is_corresponding"": false}, {""display_name"": ""Zonghang Liu"", ""id"": ""https://openalex.org/A5039717916"", ""orcid"": null, ""author_position"": ""middle"", ""is_corresponding"": false}, {""display_name"": ""Feng Gao"", ""id"": ""https://openalex.org/A5101346010"", ""orcid"": null, ""author_position"": ""middle"", ""is_corresponding"": false}, {""display_name"": ""Zijie Qiu"", ""id"": ""https://openalex.org/A5080348037"", ""orcid"": ""https://orcid.org/0000-0003-0728-1178"", ""author_position"": ""middle"", ""is_corresponding"": false}, {""display_name"": ""Zheng Zhao"", ""id"": ""https://openalex.org/A5076870814"", ""orcid"": null, ""author_position"": ""middle"", ""is_corresponding"": true}, {""display_name"": ""Lianrui Hu"", ""id"": ""https://openalex.org/A5091664416"", ""orcid"": ""https://orcid.org/0000-0002-4044-5640"", ""author_position"": ""middle"", ""is_corresponding"": true}, {""display_name"": ""Guohua Xie"", ""id"": ""https://openalex.org/A5046104848"", ""orcid"": ""https://orcid.org/0000-0003-0764-7889"", ""author_position"": ""middle"", ""is_corresponding"": true}, {""display_name"": ""Maoqiu Li"", ""id"": ""https://openalex.org/A5060109607"", ""orcid"": null, ""author_position"": ""middle"", ""is_corresponding"": false}, {""display_name"": ""Yumeng Guo"", ""id"": ""https://openalex.org/A5100536391"", ""orcid"": null, ""author_position"": ""middle"", ""is_corresponding"": false}, {""display_name"": ""Zhongjie Ren"", ""id"": ""https://openalex.org/A5082113047"", ""orcid"": ""https://orcid.org/0000-0002-7981-4431"", ""author_position"": ""middle"", ""is_corresponding"": true}, {""display_name"": ""Song Zhang"", ""id"": ""https://openalex.org/A5110947587"", ""orcid"": ""https://orcid.org/0000-0001-9816-4094"", ""author_position"": ""middle"", ""is_corresponding"": false}, {""display_name"": ""Yuchao Liu"", ""id"": ""https://openalex.org/A5114348135"", ""orcid"": ""https://orcid.org/0000-0001-9088-3852"", ""author_position"": ""middle"", ""is_corresponding"": false}, {""display_name"": ""Shouke Yan"", ""id"": ""https://openalex.org/A5042226215"", ""orcid"": ""https://orcid.org/0000-0003-1627-341X"", ""author_position"": ""middle"", ""is_corresponding"": false}, {""display_name"": ""Zhen Li"", ""id"": ""https://openalex.org/A5100332581"", ""orcid"": ""https://orcid.org/0000-0002-1512-1345"", ""author_position"": ""middle"", ""is_corresponding"": false}, {""display_name"": ""Bo Xu"", ""id"": ""https://openalex.org/A5054982110"", ""orcid"": ""https://orcid.org/0000-0002-4703-7340"", ""author_position"": ""middle"", ""is_corresponding"": false}, {""display_name"": ""Ryan T. K. Kwok"", ""id"": ""https://openalex.org/A5010207851"", ""orcid"": ""https://orcid.org/0000-0002-6866-3877"", ""author_position"": ""middle"", ""is_corresponding"": false}, {""display_name"": ""Jacky W. Y. Lam"", ""id"": ""https://openalex.org/A5071196133"", ""orcid"": ""https://orcid.org/0000-0001-5754-1703"", ""author_position"": ""middle"", ""is_corresponding"": false}, {""display_name"": ""Ben Zhong Tang"", ""id"": ""https://openalex.org/A5089379373"", ""orcid"": ""https://orcid.org/0000-0002-0293-964X"", ""author_position"": ""last"", ""is_corresponding"": true}]"
10.1038/s41566-025-01706-0,Nature Portfolio,,False,High-performance deep-blue phosphorescent organic light-emitting diodes enabled by a platinum(ii) emitter,29,2025,2025-07-09,https://openalex.org/W4412151142,OLED,,2025,,11,openalex_title_and_abstract_cited_by_count_desc,none,0.0,False,False,False,journal,https://openalex.org/W4412151142,https://openalex.org/W4412151142,10.1038/s41566-025-01706-0,Nature Photonics,https://openalex.org/S120392215,journal,1749-4885,"[""1749-4885"", ""1749-4893""]",article,0.99647061,5,Guijie Li,Guijie Li; Qingshan Chu; Huanhuan Yao; Kongwu Wu; Yuanbin She,"[{""display_name"": ""Guijie Li"", ""id"": ""https://openalex.org/A5059826557"", ""orcid"": ""https://orcid.org/0000-0002-0740-2235"", ""author_position"": ""first"", ""is_corresponding"": true}, {""display_name"": ""Qingshan Chu"", ""id"": ""https://openalex.org/A5102671473"", ""orcid"": null, ""author_position"": ""middle"", ""is_corresponding"": false}, {""display_name"": ""Huanhuan Yao"", ""id"": ""https://openalex.org/A5062416191"", ""orcid"": ""https://orcid.org/0000-0003-4100-1811"", ""author_position"": ""middle"", ""is_corresponding"": false}, {""display_name"": ""Kongwu Wu"", ""id"": ""https://openalex.org/A5078245289"", ""orcid"": null, ""author_position"": ""middle"", ""is_corresponding"": false}, {""display_name"": ""Yuanbin She"", ""id"": ""https://openalex.org/A5063346330"", ""orcid"": ""https://orcid.org/0000-0002-1007-1852"", ""author_position"": ""last"", ""is_corresponding"": false}]"
10.1002/anie.202421102,Wiley,https://onlinelibrary.wiley.com/doi/pdfdirect/10.1002/anie.202421102,True,An Efficient Ultra‐Narrowband Yellow Emitter Based on a Double‐Boron‐Embedded Tetraazacyclophane,28,2025,2025-01-02,https://openalex.org/W4406047748,OLED,,2025,,12,openalex_title_and_abstract_cited_by_count_desc,none,0.0,False,False,False,journal,https://openalex.org/W4406047748,https://openalex.org/W4406047748,10.1002/anie.202421102,Angewandte Chemie International Edition,https://openalex.org/S67393510,journal,1433-7851,"[""1433-7851"", ""1521-3773""]",article,0.99575252,8,Jiajun Hu,Jiajun Hu; Xiao Liang; Zhi‐Ping Yan; Jiaqi Liang; Hua‐Xiu Ni; Yuan Li; Jing‐Lin Zuo; You‐Xuan Zheng,"[{""display_name"": ""Jiajun Hu"", ""id"": ""https://openalex.org/A5112208729"", ""orcid"": null, ""author_position"": ""first"", ""is_corresponding"": false}, {""display_name"": ""Xiao Liang"", ""id"": ""https://openalex.org/A5088119866"", ""orcid"": ""https://orcid.org/0000-0003-1967-362X"", ""author_position"": ""middle"", ""is_corresponding"": false}, {""display_name"": ""Zhi‐Ping Yan"", ""id"": ""https://openalex.org/A5074960380"", ""orcid"": ""https://orcid.org/0000-0001-5310-9366"", ""author_position"": ""middle"", ""is_corresponding"": false}, {""display_name"": ""Jiaqi Liang"", ""id"": ""https://openalex.org/A5080846501"", ""orcid"": ""https://orcid.org/0000-0002-4738-4238"", ""author_position"": ""middle"", ""is_corresponding"": false}, {""display_name"": ""Hua‐Xiu Ni"", ""id"": ""https://openalex.org/A5076626805"", ""orcid"": null, ""author_position"": ""middle"", ""is_corresponding"": false}, {""display_name"": ""Yuan Li"", ""id"": ""https://openalex.org/A5076742349"", ""orcid"": ""https://orcid.org/0000-0002-7931-9879"", ""author_position"": ""middle"", ""is_corresponding"": false}, {""display_name"": ""Jing‐Lin Zuo"", ""id"": ""https://openalex.org/A5057154243"", ""orcid"": ""https://orcid.org/0000-0003-1219-8926"", ""author_position"": ""middle"", ""is_corresponding"": false}, {""display_name"": ""You‐Xuan Zheng"", ""id"": ""https://openalex.org/A5089613888"", ""orcid"": ""https://orcid.org/0000-0002-1795-2492"", ""author_position"": ""last"", ""is_corresponding"": true}]"
10.1002/adfm.202419599,Wiley,https://onlinelibrary.wiley.com/doi/pdfdirect/10.1002/adfm.202419599,True,"Strategies for Advancing Near‐Infrared Organic Light‐Emitting Diodes: Innovations in Luminescent Materials, Device Architectures, Fabrication Methods, and Applications",27,2025,2025-02-28,https://openalex.org/W4408328708,OLED,,2025,,13,openalex_title_and_abstract_cited_by_count_desc,none,0.0,False,False,False,journal,https://openalex.org/W4408328708,https://openalex.org/W4408328708,10.1002/adfm.202419599,Advanced Functional Materials,https://openalex.org/S135204980,journal,1616-301X,"[""1616-301X"", ""1616-3028""]",article,0.99564165,4,Shabnam Ahadzadeh,Shabnam Ahadzadeh; Sonny Brebels; Wouter Maes; Wim Deferme,"[{""display_name"": ""Shabnam Ahadzadeh"", ""id"": ""https://openalex.org/A5015045668"", ""orcid"": ""https://orcid.org/0000-0002-4863-530X"", ""author_position"": ""first"", ""is_corresponding"": true}, {""display_name"": ""Sonny Brebels"", ""id"": ""https://openalex.org/A5012125810"", ""orcid"": ""https://orcid.org/0000-0003-2611-5191"", ""author_position"": ""middle"", ""is_corresponding"": false}, {""display_name"": ""Wouter Maes"", ""id"": ""https://openalex.org/A5009373942"", ""orcid"": ""https://orcid.org/0000-0001-7883-3393"", ""author_position"": ""middle"", ""is_corresponding"": false}, {""display_name"": ""Wim Deferme"", ""id"": ""https://openalex.org/A5039633403"", ""orcid"": ""https://orcid.org/0000-0002-8982-959X"", ""author_position"": ""last"", ""is_corresponding"": false}]"
10.1002/adma.202419601,Advanced Materials,,False,"Deep‐Blue OLEDs with BT. 2020 Blue Gamut, External Quantum Efficiency Approaching 40%",26,2025,2025-02-11,https://openalex.org/W4407420603,OLED,,2025,,14,openalex_title_and_abstract_cited_by_count_desc,none,0.0,False,False,False,journal,https://openalex.org/W4407420603,https://openalex.org/W4407420603,10.1002/adma.202419601,Advanced Materials,https://openalex.org/S99352657,journal,0935-9648,"[""0935-9648"", ""1521-4095""]",article,0.99524722,9,Zhengqi Xiao,Zhengqi Xiao; Yang Zou; Zhanxiang Chen; Jingsheng Miao; Yuntao Qiu; Zhongyan Huang; Xiaosong Cao; Xiaojun Peng; Chuluo Yang,"[{""display_name"": ""Zhengqi Xiao"", ""id"": ""https://openalex.org/A5074109444"", ""orcid"": null, ""author_position"": ""first"", ""is_corresponding"": false}, {""display_name"": ""Yang Zou"", ""id"": ""https://openalex.org/A5074211047"", ""orcid"": ""https://orcid.org/0000-0001-9291-0586"", ""author_position"": ""middle"", ""is_corresponding"": true}, {""display_name"": ""Zhanxiang Chen"", ""id"": ""https://openalex.org/A5089934847"", ""orcid"": ""https://orcid.org/0000-0002-8264-0460"", ""author_position"": ""middle"", ""is_corresponding"": false}, {""display_name"": ""Jingsheng Miao"", ""id"": ""https://openalex.org/A5068811434"", ""orcid"": ""https://orcid.org/0009-0006-0268-0427"", ""author_position"": ""middle"", ""is_corresponding"": false}, {""display_name"": ""Yuntao Qiu"", ""id"": ""https://openalex.org/A5101359102"", ""orcid"": null, ""author_position"": ""middle"", ""is_corresponding"": false}, {""display_name"": ""Zhongyan Huang"", ""id"": ""https://openalex.org/A5010946067"", ""orcid"": ""https://orcid.org/0000-0002-7553-6964"", ""author_position"": ""middle"", ""is_corresponding"": false}, {""display_name"": ""Xiaosong Cao"", ""id"": ""https://openalex.org/A5066418823"", ""orcid"": ""https://orcid.org/0000-0001-9999-8840"", ""author_position"": ""middle"", ""is_corresponding"": false}, {""display_name"": ""Xiaojun Peng"", ""id"": ""https://openalex.org/A5101731684"", ""orcid"": ""https://orcid.org/0000-0001-9489-6933"", ""author_position"": ""middle"", ""is_corresponding"": true}, {""display_name"": ""Chuluo Yang"", ""id"": ""https://openalex.org/A5089900071"", ""orcid"": ""https://orcid.org/0000-0001-9337-3460"", ""author_position"": ""last"", ""is_corresponding"": true}]"
10.1002/adma.202500269,Advanced Materials,https://onlinelibrary.wiley.com/doi/pdfdirect/10.1002/adma.202500269,True,Synergetic Multiple Charge‐Transfer Excited States for Anti‐Quenching and Rapid Spin‐Flip Multi‐Resonance Thermally Activated Delayed Fluorescence Emitter,26,2025,2025-03-29,https://openalex.org/W4408992747,OLED,,2025,,15,openalex_title_and_abstract_cited_by_count_desc,none,0.0,False,False,False,journal,https://openalex.org/W4408992747,https://openalex.org/W4408992747,10.1002/adma.202500269,Advanced Materials,https://openalex.org/S99352657,journal,0935-9648,"[""0935-9648"", ""1521-4095""]",article,0.99533424,8,Lixiao Guo,Lixiao Guo; Weibo Cui; Linjie Li; Yexuan Pu; Kuan Wang; Pingping Zheng; Yue Wang; Chenglong Li,"[{""display_name"": ""Lixiao Guo"", ""id"": ""https://openalex.org/A5025159733"", ""orcid"": null, ""author_position"": ""first"", ""is_corresponding"": false}, {""display_name"": ""Weibo Cui"", ""id"": ""https://openalex.org/A5032238433"", ""orcid"": null, ""author_position"": ""middle"", ""is_corresponding"": false}, {""display_name"": ""Linjie Li"", ""id"": ""https://openalex.org/A5110673725"", ""orcid"": ""https://orcid.org/0000-0002-9817-1793"", ""author_position"": ""middle"", ""is_corresponding"": false}, {""display_name"": ""Yexuan Pu"", ""id"": ""https://openalex.org/A5054926211"", ""orcid"": null, ""author_position"": ""middle"", ""is_corresponding"": false}, {""display_name"": ""Kuan Wang"", ""id"": ""https://openalex.org/A5100707344"", ""orcid"": ""https://orcid.org/0000-0001-8010-9740"", ""author_position"": ""middle"", ""is_corresponding"": false}, {""display_name"": ""Pingping Zheng"", ""id"": ""https://openalex.org/A5028035185"", ""orcid"": null, ""author_position"": ""middle"", ""is_corresponding"": false}, {""display_name"": ""Yue Wang"", ""id"": ""https://openalex.org/A5100371961"", ""orcid"": ""https://orcid.org/0000-0001-6936-5081"", ""author_position"": ""middle"", ""is_corresponding"": false}, {""display_name"": ""Chenglong Li"", ""id"": ""https://openalex.org/A5100398939"", ""orcid"": ""https://orcid.org/0000-0003-2523-6151"", ""author_position"": ""last"", ""is_corresponding"": true}]"
10.1002/adma.202502459,Advanced Materials,,False,Deep‐Blue Narrowband OLEDs Achieve External Quantum Efficiency Over 40% and Blue Index of 422 by Synergistic π‐Extension and Heavy‐Atom Effect,25,2025,2025-05-19,https://openalex.org/W4410507537,OLED,,2025,,16,openalex_title_and_abstract_cited_by_count_desc,none,0.0,False,False,False,journal,https://openalex.org/W4410507537,https://openalex.org/W4410507537,10.1002/adma.202502459,Advanced Materials,https://openalex.org/S99352657,journal,0935-9648,"[""0935-9648"", ""1521-4095""]",article,0.99511846,10,Hong Lin,Hong Lin; Zeyuan Ye; Sijie Xian; Zhanxiang Chen; Jingsheng Miao; Zhongyan Huang; Cheng Zhong; Shaolong Gong; Xiaosong Cao; Chuluo Yang,"[{""display_name"": ""Hong Lin"", ""id"": ""https://openalex.org/A5101874753"", ""orcid"": ""https://orcid.org/0000-0001-6267-798X"", ""author_position"": ""first"", ""is_corresponding"": false}, {""display_name"": ""Zeyuan Ye"", ""id"": ""https://openalex.org/A5081176885"", ""orcid"": ""https://orcid.org/0009-0006-8110-0549"", ""author_position"": ""middle"", ""is_corresponding"": false}, {""display_name"": ""Sijie Xian"", ""id"": ""https://openalex.org/A5027894713"", ""orcid"": null, ""author_position"": ""middle"", ""is_corresponding"": false}, {""display_name"": ""Zhanxiang Chen"", ""id"": ""https://openalex.org/A5089934847"", ""orcid"": ""https://orcid.org/0000-0002-8264-0460"", ""author_position"": ""middle"", ""is_corresponding"": false}, {""display_name"": ""Jingsheng Miao"", ""id"": ""https://openalex.org/A5068811434"", ""orcid"": ""https://orcid.org/0009-0006-0268-0427"", ""author_position"": ""middle"", ""is_corresponding"": false}, {""display_name"": ""Zhongyan Huang"", ""id"": ""https://openalex.org/A5010946067"", ""orcid"": ""https://orcid.org/0000-0002-7553-6964"", ""author_position"": ""middle"", ""is_corresponding"": false}, {""display_name"": ""Cheng Zhong"", ""id"": ""https://openalex.org/A5101998746"", ""orcid"": ""https://orcid.org/0000-0002-7756-9313"", ""author_position"": ""middle"", ""is_corresponding"": false}, {""display_name"": ""Shaolong Gong"", ""id"": ""https://openalex.org/A5038668831"", ""orcid"": ""https://orcid.org/0000-0002-1166-9047"", ""author_position"": ""middle"", ""is_corresponding"": false}, {""display_name"": ""Xiaosong Cao"", ""id"": ""https://openalex.org/A5066418823"", ""orcid"": ""https://orcid.org/0000-0001-9999-8840"", ""author_position"": ""middle"", ""is_corresponding"": true}, {""display_name"": ""Chuluo Yang"", ""id"": ""https://openalex.org/A5089900071"", ""orcid"": ""https://orcid.org/0000-0001-9337-3460"", ""author_position"": ""last"", ""is_corresponding"": true}]"
10.1002/anie.202420489,Wiley,,False,Excited‐State and Steric Hindrances Engineering Enable Fast Spin‐Flip Narrowband Thermally Activated Delayed Fluorescence Emitters with Enhanced Quenching Resistance,25,2025,2025-01-08,https://openalex.org/W4406152618,OLED,,2025,,17,openalex_title_and_abstract_cited_by_count_desc,none,0.0,False,False,False,journal,https://openalex.org/W4406152618,https://openalex.org/W4406152618,10.1002/anie.202420489,Angewandte Chemie International Edition,https://openalex.org/S67393510,journal,1433-7851,"[""1433-7851"", ""1521-3773""]",article,0.99495651,5,Rui‐Zhi An,Rui‐Zhi An; Fangming Zhao; Changjiao Shang; Meng Zhou; Lin‐Song Cui,"[{""display_name"": ""Rui‐Zhi An"", ""id"": ""https://openalex.org/A5102646787"", ""orcid"": null, ""author_position"": ""first"", ""is_corresponding"": false}, {""display_name"": ""Fangming Zhao"", ""id"": ""https://openalex.org/A5079154682"", ""orcid"": ""https://orcid.org/0000-0003-2781-0452"", ""author_position"": ""middle"", ""is_corresponding"": false}, {""display_name"": ""Changjiao Shang"", ""id"": ""https://openalex.org/A5051104835"", ""orcid"": ""https://orcid.org/0000-0003-0191-6662"", ""author_position"": ""middle"", ""is_corresponding"": false}, {""display_name"": ""Meng Zhou"", ""id"": ""https://openalex.org/A5018069531"", ""orcid"": ""https://orcid.org/0000-0001-5187-9084"", ""author_position"": ""middle"", ""is_corresponding"": false}, {""display_name"": ""Lin‐Song Cui"", ""id"": ""https://openalex.org/A5003719377"", ""orcid"": ""https://orcid.org/0000-0001-6577-3432"", ""author_position"": ""last"", ""is_corresponding"": true}]"
10.1021/jacs.5c05112,American Chemical Society,,False,Aromaticity Localization Effects in Polycyclic Aromatic Hydrocarbons for Discovering Narrowband Fluorescence Materials,25,2025,2025-05-22,https://openalex.org/W4410589770,OLED,,2025,,18,openalex_title_and_abstract_cited_by_count_desc,none,0.0,False,False,False,journal,https://openalex.org/W4410589770,https://openalex.org/W4410589770,10.1021/jacs.5c05112,Journal of the American Chemical Society,https://openalex.org/S111155417,journal,0002-7863,"[""0002-7863"", ""1520-5126"", ""1943-2984""]",article,0.99533237,5,Yimin Wu,Yimin Wu; Junjie Liu; Ge Yang; Zhengyang Bin; Jingsong You,"[{""display_name"": ""Yimin Wu"", ""id"": ""https://openalex.org/A5102933999"", ""orcid"": ""https://orcid.org/0000-0003-1827-6497"", ""author_position"": ""first"", ""is_corresponding"": false}, {""display_name"": ""Junjie Liu"", ""id"": ""https://openalex.org/A5036509523"", ""orcid"": ""https://orcid.org/0000-0002-9977-0771"", ""author_position"": ""middle"", ""is_corresponding"": false}, {""display_name"": ""Ge Yang"", ""id"": ""https://openalex.org/A5101755690"", ""orcid"": ""https://orcid.org/0009-0007-5907-1216"", ""author_position"": ""middle"", ""is_corresponding"": false}, {""display_name"": ""Zhengyang Bin"", ""id"": ""https://openalex.org/A5077813650"", ""orcid"": ""https://orcid.org/0000-0001-6216-7234"", ""author_position"": ""middle"", ""is_corresponding"": true}, {""display_name"": ""Jingsong You"", ""id"": ""https://openalex.org/A5013525906"", ""orcid"": ""https://orcid.org/0000-0002-0493-2388"", ""author_position"": ""last"", ""is_corresponding"": true}]"
10.1038/s41467-025-57000-8,Nature Portfolio,https://www.nature.com/articles/s41467-025-57000-8.pdf,True,Circularly polarized OLEDs from chiral plasmonic nanoparticle-molecule hybrids,25,2025,2025-02-15,https://openalex.org/W4407571549,OLED,,2025,,19,openalex_title_and_abstract_cited_by_count_desc,none,0.0,False,False,False,journal,https://openalex.org/W4407571549,https://openalex.org/W4407571549,10.1038/s41467-025-57000-8,Nature Communications,https://openalex.org/S64187185,journal,2041-1723,"[""2041-1723""]",article,0.9888802,8,Jiapeng Zheng,Jiapeng Zheng; Yúang Fu; Jing Wang; Wei Zhang; Xinhui Lu; Hai‐Qing Lin; Lei Shao; Jianfang Wang,"[{""display_name"": ""Jiapeng Zheng"", ""id"": ""https://openalex.org/A5102229541"", ""orcid"": null, ""author_position"": ""first"", ""is_corresponding"": true}, {""display_name"": ""Yúang Fu"", ""id"": ""https://openalex.org/A5006811844"", ""orcid"": ""https://orcid.org/0000-0001-7243-4527"", ""author_position"": ""middle"", ""is_corresponding"": false}, {""display_name"": ""Jing Wang"", ""id"": ""https://openalex.org/A5100378698"", ""orcid"": ""https://orcid.org/0009-0006-7281-4259"", ""author_position"": ""middle"", ""is_corresponding"": false}, {""display_name"": ""Wei Zhang"", ""id"": ""https://openalex.org/A5100441552"", ""orcid"": ""https://orcid.org/0000-0002-0284-9396"", ""author_position"": ""middle"", ""is_corresponding"": false}, {""display_name"": ""Xinhui Lu"", ""id"": ""https://openalex.org/A5059550095"", ""orcid"": ""https://orcid.org/0000-0002-1908-3294"", ""author_position"": ""middle"", ""is_corresponding"": false}, {""display_name"": ""Hai‐Qing Lin"", ""id"": ""https://openalex.org/A5112898672"", ""orcid"": ""https://orcid.org/0000-0001-6497-8030"", ""author_position"": ""middle"", ""is_corresponding"": false}, {""display_name"": ""Lei Shao"", ""id"": ""https://openalex.org/A5057256415"", ""orcid"": ""https://orcid.org/0000-0003-2161-5103"", ""author_position"": ""middle"", ""is_corresponding"": false}, {""display_name"": ""Jianfang Wang"", ""id"": ""https://openalex.org/A5053188695"", ""orcid"": ""https://orcid.org/0000-0002-2467-8751"", ""author_position"": ""last"", ""is_corresponding"": false}]"
10.1002/adma.202415289,Advanced Materials,https://onlinelibrary.wiley.com/doi/pdfdirect/10.1002/adma.202415289,True,A Multiresonant Thermally Activated Delayed Fluorescent Dendrimer with Intramolecular Energy Transfer: Application for Efficient Host‐Free Green Solution‐Processed Organic Light‐emitting Diodes,23,2025,2025-01-09,https://openalex.org/W4406194316,OLED,,2025,,20,openalex_title_and_abstract_cited_by_count_desc,none,0.0,False,False,False,journal,https://openalex.org/W4406194316,https://openalex.org/W4406194316,10.1002/adma.202415289,Advanced Materials,https://openalex.org/S99352657,journal,0935-9648,"[""0935-9648"", ""1521-4095""]",article,0.99375546,5,Sen Wu,Sen Wu; Dongyang Chen; Xiaohong Zhang; Dianming Sun; Eli Zysman‐Colman,"[{""display_name"": ""Sen Wu"", ""id"": ""https://openalex.org/A5041466627"", ""orcid"": ""https://orcid.org/0000-0003-0812-9426"", ""author_position"": ""first"", ""is_corresponding"": false}, {""display_name"": ""Dongyang Chen"", ""id"": ""https://openalex.org/A5100671369"", ""orcid"": ""https://orcid.org/0009-0005-1871-1059"", ""author_position"": ""middle"", ""is_corresponding"": false}, {""display_name"": ""Xiaohong Zhang"", ""id"": ""https://openalex.org/A5100330119"", ""orcid"": ""https://orcid.org/0000-0002-6732-2499"", ""author_position"": ""middle"", ""is_corresponding"": true}, {""display_name"": ""Dianming Sun"", ""id"": ""https://openalex.org/A5063002130"", ""orcid"": ""https://orcid.org/0000-0002-8128-9517"", ""author_position"": ""middle"", ""is_corresponding"": true}, {""display_name"": ""Eli Zysman‐Colman"", ""id"": ""https://openalex.org/A5038185979"", ""orcid"": ""https://orcid.org/0000-0001-7183-6022"", ""author_position"": ""last"", ""is_corresponding"": true}]"
10.1126/sciadv.adr1326,American Association for the Advancement of Science,,True,Advancing efficiency in deep-blue OLEDs: Exploring a machine learning–driven multiresonance TADF molecular design,23,2025,2025-01-22,https://openalex.org/W4406728146,OLED,,2025,,21,openalex_title_and_abstract_cited_by_count_desc,none,0.0,False,False,False,journal,https://openalex.org/W4406728146,https://openalex.org/W4406728146,10.1126/sciadv.adr1326,Science Advances,https://openalex.org/S2737427234,journal,2375-2548,"[""2375-2548""]",article,0.99360868,7,Hyung Suk Kim,Hyung Suk Kim; Hyung Jin Cheon; Sang Hoon Lee; Junho Kim; Seunghyup Yoo; Yun‐Hi Kim; Chihaya Adachi,"[{""display_name"": ""Hyung Suk Kim"", ""id"": ""https://openalex.org/A5071362922"", ""orcid"": ""https://orcid.org/0000-0002-9155-1144"", ""author_position"": ""first"", ""is_corresponding"": true}, {""display_name"": ""Hyung Jin Cheon"", ""id"": ""https://openalex.org/A5035296552"", ""orcid"": ""https://orcid.org/0009-0000-4233-2693"", ""author_position"": ""middle"", ""is_corresponding"": true}, {""display_name"": ""Sang Hoon Lee"", ""id"": ""https://openalex.org/A5100349173"", ""orcid"": ""https://orcid.org/0009-0000-7703-6173"", ""author_position"": ""middle"", ""is_corresponding"": false}, {""display_name"": ""Junho Kim"", ""id"": ""https://openalex.org/A5040710021"", ""orcid"": ""https://orcid.org/0000-0001-6564-7970"", ""author_position"": ""middle"", ""is_corresponding"": false}, {""display_name"": ""Seunghyup Yoo"", ""id"": ""https://openalex.org/A5057531980"", ""orcid"": ""https://orcid.org/0000-0003-1887-6118"", ""author_position"": ""middle"", ""is_corresponding"": true}, {""display_name"": ""Yun‐Hi Kim"", ""id"": ""https://openalex.org/A5027372746"", ""orcid"": ""https://orcid.org/0000-0001-8856-4414"", ""author_position"": ""middle"", ""is_corresponding"": true}, {""display_name"": ""Chihaya Adachi"", ""id"": ""https://openalex.org/A5022077244"", ""orcid"": ""https://orcid.org/0000-0001-6117-9604"", ""author_position"": ""last"", ""is_corresponding"": true}]"
10.1155/adv/4234491,Wiley,https://onlinelibrary.wiley.com/doi/pdfdirect/10.1155/adv/4234491,True,"Conductive Polymer‐Based Electronics in Additive Manufacturing: Materials, Processing, and Applications",23,2025,2025-01-01,https://openalex.org/W4409410533,OLED,,2025,,22,openalex_title_and_abstract_cited_by_count_desc,none,0.0,False,False,False,journal,https://openalex.org/W4409410533,https://openalex.org/W4409410533,10.1155/adv/4234491,Advances in Polymer Technology,https://openalex.org/S48230929,journal,0730-6679,"[""0730-6679"", ""1098-2329""]",article,0.99412743,5,Moyeen Khan,Moyeen Khan; Md. Faysal Ahamed Dewan Refati; Md Mostafizur Rahman Arup; Md. Aminul Islam; Md Hosne Mobarak,"[{""display_name"": ""Moyeen Khan"", ""id"": ""https://openalex.org/A5104346313"", ""orcid"": null, ""author_position"": ""first"", ""is_corresponding"": false}, {""display_name"": ""Md. Faysal Ahamed Dewan Refati"", ""id"": ""https://openalex.org/A5100292894"", ""orcid"": null, ""author_position"": ""middle"", ""is_corresponding"": false}, {""display_name"": ""Md Mostafizur Rahman Arup"", ""id"": ""https://openalex.org/A5104749515"", ""orcid"": null, ""author_position"": ""middle"", ""is_corresponding"": false}, {""display_name"": ""Md. Aminul Islam"", ""id"": ""https://openalex.org/A5044810736"", ""orcid"": ""https://orcid.org/0009-0002-5753-791X"", ""author_position"": ""middle"", ""is_corresponding"": false}, {""display_name"": ""Md Hosne Mobarak"", ""id"": ""https://openalex.org/A5005774244"", ""orcid"": ""https://orcid.org/0009-0004-8563-9336"", ""author_position"": ""last"", ""is_corresponding"": true}]"
10.1038/s41377-025-01750-z,Springer Nature,https://www.nature.com/articles/s41377-025-01750-z.pdf,True,High-power-efficiency and ultra-long-lifetime white OLEDs empowered by robust blue multi-resonance TADF emitters,22,2025,2025-02-11,https://openalex.org/W4407377506,OLED,,2025,,23,openalex_title_and_abstract_cited_by_count_desc,none,0.0,False,False,False,journal,https://openalex.org/W4407377506,https://openalex.org/W4407377506,10.1038/s41377-025-01750-z,Light Science & Applications,https://openalex.org/S2498964232,journal,2047-7538,"[""2047-7538"", ""2095-5545""]",article,0.9932489,10,Guohao Chen,Guohao Chen; Jingsheng Miao; Xingyu Huang; H. H. Zhang; Zhuixing Xue; Manli Huang; Nengquan Li; Xiaosong Cao; Yang Zou; Chuluo Yang,"[{""display_name"": ""Guohao Chen"", ""id"": ""https://openalex.org/A5051947244"", ""orcid"": ""https://orcid.org/0000-0001-8870-0412"", ""author_position"": ""first"", ""is_corresponding"": true}, {""display_name"": ""Jingsheng Miao"", ""id"": ""https://openalex.org/A5068811434"", ""orcid"": ""https://orcid.org/0009-0006-0268-0427"", ""author_position"": ""middle"", ""is_corresponding"": false}, {""display_name"": ""Xingyu Huang"", ""id"": ""https://openalex.org/A5103238191"", ""orcid"": ""https://orcid.org/0000-0003-1389-4181"", ""author_position"": ""middle"", ""is_corresponding"": false}, {""display_name"": ""H. H. Zhang"", ""id"": ""https://openalex.org/A5046210746"", ""orcid"": ""https://orcid.org/0000-0003-3080-4555"", ""author_position"": ""middle"", ""is_corresponding"": false}, {""display_name"": ""Zhuixing Xue"", ""id"": ""https://openalex.org/A5109760721"", ""orcid"": null, ""author_position"": ""middle"", ""is_corresponding"": false}, {""display_name"": ""Manli Huang"", ""id"": ""https://openalex.org/A5023110076"", ""orcid"": null, ""author_position"": ""middle"", ""is_corresponding"": false}, {""display_name"": ""Nengquan Li"", ""id"": ""https://openalex.org/A5042776026"", ""orcid"": ""https://orcid.org/0000-0001-6894-193X"", ""author_position"": ""middle"", ""is_corresponding"": false}, {""display_name"": ""Xiaosong Cao"", ""id"": ""https://openalex.org/A5066418823"", ""orcid"": ""https://orcid.org/0000-0001-9999-8840"", ""author_position"": ""middle"", ""is_corresponding"": false}, {""display_name"": ""Yang Zou"", ""id"": ""https://openalex.org/A5074211047"", ""orcid"": ""https://orcid.org/0000-0001-9291-0586"", ""author_position"": ""middle"", ""is_corresponding"": false}, {""display_name"": ""Chuluo Yang"", ""id"": ""https://openalex.org/A5089900071"", ""orcid"": ""https://orcid.org/0000-0001-9337-3460"", ""author_position"": ""last"", ""is_corresponding"": false}]"
10.1038/s41467-025-59893-x,Nature Portfolio,https://www.nature.com/articles/s41467-025-59893-x.pdf,True,Horizontally oriented MRCT-type TADF emitter achieving EQE over 40% for Sky-Blue OLED,22,2025,2025-05-30,https://openalex.org/W4410895126,OLED,,2025,,24,openalex_title_and_abstract_cited_by_count_desc,none,0.0,False,False,False,journal,https://openalex.org/W4410895126,https://openalex.org/W4410895126,10.1038/s41467-025-59893-x,Nature Communications,https://openalex.org/S64187185,journal,2041-1723,"[""2041-1723""]",article,0.99349802,3,Debasish Barman,Debasish Barman; Youichi Tsuchiya; Chihaya Adachi,"[{""display_name"": ""Debasish Barman"", ""id"": ""https://openalex.org/A5061690053"", ""orcid"": ""https://orcid.org/0000-0001-9085-1105"", ""author_position"": ""first"", ""is_corresponding"": true}, {""display_name"": ""Youichi Tsuchiya"", ""id"": ""https://openalex.org/A5010631289"", ""orcid"": ""https://orcid.org/0000-0002-2154-6980"", ""author_position"": ""middle"", ""is_corresponding"": false}, {""display_name"": ""Chihaya Adachi"", ""id"": ""https://openalex.org/A5022077244"", ""orcid"": ""https://orcid.org/0000-0001-6117-9604"", ""author_position"": ""last"", ""is_corresponding"": false}]"
10.1002/anie.202500108,Wiley,https://onlinelibrary.wiley.com/doi/pdfdirect/10.1002/anie.202500108,True,Cyano‐Modified Multi‐Resonance Thermally Activated Delayed Fluorescent Emitters Towards Pure‐Green OLEDs with a CIE<sub>y</sub> Value of 0.74,21,2025,2025-01-27,https://openalex.org/W4406863060,OLED,,2025,,25,openalex_title_and_abstract_cited_by_count_desc,none,0.0,False,False,False,journal,https://openalex.org/W4406863060,https://openalex.org/W4406863060,10.1002/anie.202500108,Angewandte Chemie International Edition,https://openalex.org/S67393510,journal,1433-7851,"[""1433-7851"", ""1521-3773""]",article,0.99274268,6,Zhuixing Xue,Zhuixing Xue; Yuxuan Hu; Shengbing Xiao; Jiahui Liu; Jingsheng Miao; Chuluo Yang,"[{""display_name"": ""Zhuixing Xue"", ""id"": ""https://openalex.org/A5109760721"", ""orcid"": null, ""author_position"": ""first"", ""is_corresponding"": false}, {""display_name"": ""Yuxuan Hu"", ""id"": ""https://openalex.org/A5079393431"", ""orcid"": ""https://orcid.org/0000-0001-5196-5409"", ""author_position"": ""middle"", ""is_corresponding"": false}, {""display_name"": ""Shengbing Xiao"", ""id"": ""https://openalex.org/A5029959236"", ""orcid"": null, ""author_position"": ""middle"", ""is_corresponding"": false}, {""display_name"": ""Jiahui Liu"", ""id"": ""https://openalex.org/A5100326013"", ""orcid"": ""https://orcid.org/0009-0001-1444-3748"", ""author_position"": ""middle"", ""is_corresponding"": false}, {""display_name"": ""Jingsheng Miao"", ""id"": ""https://openalex.org/A5068811434"", ""orcid"": ""https://orcid.org/0009-0006-0268-0427"", ""author_position"": ""middle"", ""is_corresponding"": false}, {""display_name"": ""Chuluo Yang"", ""id"": ""https://openalex.org/A5089900071"", ""orcid"": ""https://orcid.org/0000-0001-9337-3460"", ""author_position"": ""last"", ""is_corresponding"": true}]"
10.1002/adfm.202507011,Wiley,https://onlinelibrary.wiley.com/doi/pdfdirect/10.1002/adfm.202507011,True,Synergistic Enhancement of Nondoped OLED Efficiency with EQE ≈15% in Donor‐π‐Acceptor Based Blue Emitters Featuring Combined AIE‐HLCT Characteristics,20,2025,2025-05-06,https://openalex.org/W4410132811,OLED,,2025,,26,openalex_title_and_abstract_cited_by_count_desc,none,0.0,False,False,False,journal,https://openalex.org/W4410132811,https://openalex.org/W4410132811,10.1002/adfm.202507011,Advanced Functional Materials,https://openalex.org/S135204980,journal,1616-301X,"[""1616-301X"", ""1616-3028""]",article,0.99232354,6,Snigdhamayee Rana,Snigdhamayee Rana; Sandhya Rani Nayak; Atthapon Saenubol; Vinich Promarak; Sabita Patel; Sivakumar Vaidyanathan,"[{""display_name"": ""Snigdhamayee Rana"", ""id"": ""https://openalex.org/A5021147706"", ""orcid"": null, ""author_position"": ""first"", ""is_corresponding"": false}, {""display_name"": ""Sandhya Rani Nayak"", ""id"": ""https://openalex.org/A5072045942"", ""orcid"": null, ""author_position"": ""middle"", ""is_corresponding"": false}, {""display_name"": ""Atthapon Saenubol"", ""id"": ""https://openalex.org/A5055873843"", ""orcid"": null, ""author_position"": ""middle"", ""is_corresponding"": false}, {""display_name"": ""Vinich Promarak"", ""id"": ""https://openalex.org/A5008943585"", ""orcid"": ""https://orcid.org/0000-0003-4805-9944"", ""author_position"": ""middle"", ""is_corresponding"": false}, {""display_name"": ""Sabita Patel"", ""id"": ""https://openalex.org/A5073029275"", ""orcid"": ""https://orcid.org/0000-0002-6215-8829"", ""author_position"": ""middle"", ""is_corresponding"": true}, {""display_name"": ""Sivakumar Vaidyanathan"", ""id"": ""https://openalex.org/A5038147945"", ""orcid"": ""https://orcid.org/0000-0002-2104-2627"", ""author_position"": ""last"", ""is_corresponding"": true}]"
10.1002/adma.202500010,Advanced Materials,,False,High‐Efficiency and High Color Purity Solution‐Processable Deep‐Blue OLEDs Enabled by Linearly Fully Fused Acceptor‐Donor‐Acceptor Molecular Design,20,2025,2025-05-30,https://openalex.org/W4410901069,OLED,,2025,,27,openalex_title_and_abstract_cited_by_count_desc,none,0.0,False,False,False,journal,https://openalex.org/W4410901069,https://openalex.org/W4410901069,10.1002/adma.202500010,Advanced Materials,https://openalex.org/S99352657,journal,0935-9648,"[""0935-9648"", ""1521-4095""]",article,0.99295791,10,Ying‐Chun Cheng,Ying‐Chun Cheng; Xun Tang; Rajat Walia; Tuotuo Zhang; Xiao‐Chun Fan; Jia Yu; K. Wang; Chihaya Adachi; Xiankai Chen; Xiaohong Zhang,"[{""display_name"": ""Ying‐Chun Cheng"", ""id"": ""https://openalex.org/A5079075066"", ""orcid"": null, ""author_position"": ""first"", ""is_corresponding"": false}, {""display_name"": ""Xun Tang"", ""id"": ""https://openalex.org/A5089892480"", ""orcid"": ""https://orcid.org/0000-0003-3385-1613"", ""author_position"": ""middle"", ""is_corresponding"": false}, {""display_name"": ""Rajat Walia"", ""id"": ""https://openalex.org/A5065882570"", ""orcid"": ""https://orcid.org/0000-0003-2946-1225"", ""author_position"": ""middle"", ""is_corresponding"": false}, {""display_name"": ""Tuotuo Zhang"", ""id"": ""https://openalex.org/A5079577775"", ""orcid"": null, ""author_position"": ""middle"", ""is_corresponding"": false}, {""display_name"": ""Xiao‐Chun Fan"", ""id"": ""https://openalex.org/A5083180289"", ""orcid"": ""https://orcid.org/0000-0002-4628-8228"", ""author_position"": ""middle"", ""is_corresponding"": false}, {""display_name"": ""Jia Yu"", ""id"": ""https://openalex.org/A5101701290"", ""orcid"": ""https://orcid.org/0000-0001-7423-5636"", ""author_position"": ""middle"", ""is_corresponding"": false}, {""display_name"": ""K. Wang"", ""id"": ""https://openalex.org/A5107480590"", ""orcid"": ""https://orcid.org/0000-0002-6151-0034"", ""author_position"": ""middle"", ""is_corresponding"": false}, {""display_name"": ""Chihaya Adachi"", ""id"": ""https://openalex.org/A5109455888"", ""orcid"": null, ""author_position"": ""middle"", ""is_corresponding"": false}, {""display_name"": ""Xiankai Chen"", ""id"": ""https://openalex.org/A5028466294"", ""orcid"": ""https://orcid.org/0000-0002-8580-7246"", ""author_position"": ""middle"", ""is_corresponding"": true}, {""display_name"": ""Xiaohong Zhang"", ""id"": ""https://openalex.org/A5100330119"", ""orcid"": ""https://orcid.org/0000-0002-6732-2499"", ""author_position"": ""last"", ""is_corresponding"": false}]"
10.1002/adom.202403295,Wiley,,False,Blue Multiple‐Resonance Thermally Activated Delayed Fluorescence Materials,20,2025,2025-02-08,https://openalex.org/W4407288807,OLED,,2025,,28,openalex_title_and_abstract_cited_by_count_desc,none,0.0,False,False,False,journal,https://openalex.org/W4407288807,https://openalex.org/W4407288807,10.1002/adom.202403295,Advanced Optical Materials,https://openalex.org/S108229257,journal,2195-1071,"[""2195-1071""]",article,0.99179101,4,Boyao Cui,Boyao Cui; Jianqiao Zhou; Chunbo Duan; Hui Xu,"[{""display_name"": ""Boyao Cui"", ""id"": ""https://openalex.org/A5074918878"", ""orcid"": ""https://orcid.org/0000-0003-4367-6708"", ""author_position"": ""first"", ""is_corresponding"": false}, {""display_name"": ""Jianqiao Zhou"", ""id"": ""https://openalex.org/A5063481725"", ""orcid"": ""https://orcid.org/0009-0001-1864-4512"", ""author_position"": ""middle"", ""is_corresponding"": false}, {""display_name"": ""Chunbo Duan"", ""id"": ""https://openalex.org/A5104014702"", ""orcid"": null, ""author_position"": ""middle"", ""is_corresponding"": true}, {""display_name"": ""Hui Xu"", ""id"": ""https://openalex.org/A5068640241"", ""orcid"": ""https://orcid.org/0000-0002-2687-5388"", ""author_position"": ""last"", ""is_corresponding"": true}]"
10.1002/anie.202423812,Wiley,,False,Solution‐Processed Blue Narrowband OLED Devices with External Quantum Efficiency Beyond 35 % through Horizontal Dipole Orientation Induced by Electrostatic Interaction,20,2025,2025-01-08,https://openalex.org/W4406172797,OLED,,2025,,29,openalex_title_and_abstract_cited_by_count_desc,none,0.0,False,False,False,journal,https://openalex.org/W4406172797,https://openalex.org/W4406172797,10.1002/anie.202423812,Angewandte Chemie International Edition,https://openalex.org/S67393510,journal,1433-7851,"[""1433-7851"", ""1521-3773""]",article,0.99149858,6,Kaiyuan Zhang,Kaiyuan Zhang; Xingdong Wang; Mengyu Wang; Shumeng Wang; Lixiang Wang; Lixiang Wang,"[{""display_name"": ""Kaiyuan Zhang"", ""id"": ""https://openalex.org/A5100649573"", ""orcid"": ""https://orcid.org/0000-0001-7276-8850"", ""author_position"": ""first"", ""is_corresponding"": false}, {""display_name"": ""Xingdong Wang"", ""id"": ""https://openalex.org/A5000910994"", ""orcid"": ""https://orcid.org/0000-0003-2214-8631"", ""author_position"": ""middle"", ""is_corresponding"": false}, {""display_name"": ""Mengyu Wang"", ""id"": ""https://openalex.org/A5115595334"", ""orcid"": null, ""author_position"": ""middle"", ""is_corresponding"": false}, {""display_name"": ""Shumeng Wang"", ""id"": ""https://openalex.org/A5084957509"", ""orcid"": ""https://orcid.org/0000-0002-3878-2840"", ""author_position"": ""middle"", ""is_corresponding"": false}, {""display_name"": ""Lixiang Wang"", ""id"": ""https://openalex.org/A5100732436"", ""orcid"": ""https://orcid.org/0000-0002-4676-1927"", ""author_position"": ""middle"", ""is_corresponding"": true}, {""display_name"": ""Lixiang Wang"", ""id"": null, ""orcid"": ""https://orcid.org/0000-0002-4676-1927"", ""author_position"": ""last"", ""is_corresponding"": true}]"
10.1002/anie.202504057,Wiley,,False,Highly Efficient Circularly Polarized Luminescence Based on Center‐Chiral Frustrated Lewis Pairs,20,2025,2025-05-15,https://openalex.org/W4410401883,OLED,,2025,,30,openalex_title_and_abstract_cited_by_count_desc,none,0.0,False,False,False,journal,https://openalex.org/W4410401883,https://openalex.org/W4410401883,10.1002/anie.202504057,Angewandte Chemie International Edition,https://openalex.org/S67393510,journal,1433-7851,"[""1433-7851"", ""1521-3773""]",article,0.99659641,7,Fan Zheng,Fan Zheng; Xiaolong Liu; Longjiang Xing; Jiaming Jin; Shaomin Ji; Yanping Huo; Wen‐Cheng Chen,"[{""display_name"": ""Fan Zheng"", ""id"": ""https://openalex.org/A5029158236"", ""orcid"": ""https://orcid.org/0000-0001-7005-0941"", ""author_position"": ""first"", ""is_corresponding"": false}, {""display_name"": ""Xiaolong Liu"", ""id"": ""https://openalex.org/A5100393806"", ""orcid"": ""https://orcid.org/0000-0001-6818-5417"", ""author_position"": ""middle"", ""is_corresponding"": false}, {""display_name"": ""Longjiang Xing"", ""id"": ""https://openalex.org/A5016506816"", ""orcid"": null, ""author_position"": ""middle"", ""is_corresponding"": false}, {""display_name"": ""Jiaming Jin"", ""id"": ""https://openalex.org/A5101752706"", ""orcid"": ""https://orcid.org/0000-0002-0405-8045"", ""author_position"": ""middle"", ""is_corresponding"": false}, {""display_name"": ""Shaomin Ji"", ""id"": ""https://openalex.org/A5077664817"", ""orcid"": ""https://orcid.org/0000-0002-3304-2114"", ""author_position"": ""middle"", ""is_corresponding"": false}, {""display_name"": ""Yanping Huo"", ""id"": ""https://openalex.org/A5028637561"", ""orcid"": ""https://orcid.org/0000-0003-4124-6026"", ""author_position"": ""middle"", ""is_corresponding"": false}, {""display_name"": ""Wen‐Cheng Chen"", ""id"": ""https://openalex.org/A5020279524"", ""orcid"": ""https://orcid.org/0000-0003-3788-3516"", ""author_position"": ""last"", ""is_corresponding"": true}]"
10.1021/jacs.4c18235,American Chemical Society,,True,Sulfur Lone Pairs Open Avenues for π* → n Orange-to-Red TADF and OLEDs,20,2025,2025-01-31,https://openalex.org/W4407040527,OLED,,2025,,31,openalex_title_and_abstract_cited_by_count_desc,none,0.0,False,False,False,journal,https://openalex.org/W4407040527,https://openalex.org/W4407040527,10.1021/jacs.4c18235,Journal of the American Chemical Society,https://openalex.org/S111155417,journal,0002-7863,"[""0002-7863"", ""1520-5126"", ""1943-2984""]",article,0.99171847,14,Hao Sun,Hao Sun; Xuping Li; Chao‐Hsien Hsu; Chieh‐Ming Hung; Bin Wu; Zhonglan Su; Glib Baryshnikov; Chenzi Li; Hans Ågren; Zhiyun Zhang; Wei Huang; Dayu Wu; Pi‐Tai Chou; Liangliang Zhu,"[{""display_name"": ""Hao Sun"", ""id"": ""https://openalex.org/A5101659683"", ""orcid"": ""https://orcid.org/0009-0008-8432-4454"", ""author_position"": ""first"", ""is_corresponding"": false}, {""display_name"": ""Xuping Li"", ""id"": ""https://openalex.org/A5101717353"", ""orcid"": ""https://orcid.org/0000-0003-2102-2615"", ""author_position"": ""middle"", ""is_corresponding"": true}, {""display_name"": ""Chao‐Hsien Hsu"", ""id"": ""https://openalex.org/A5071058215"", ""orcid"": ""https://orcid.org/0009-0008-2229-7008"", ""author_position"": ""middle"", ""is_corresponding"": false}, {""display_name"": ""Chieh‐Ming Hung"", ""id"": ""https://openalex.org/A5111140621"", ""orcid"": null, ""author_position"": ""middle"", ""is_corresponding"": false}, {""display_name"": ""Bin Wu"", ""id"": ""https://openalex.org/A5102751521"", ""orcid"": ""https://orcid.org/0000-0002-4755-7100"", ""author_position"": ""middle"", ""is_corresponding"": false}, {""display_name"": ""Zhonglan Su"", ""id"": ""https://openalex.org/A5073963878"", ""orcid"": ""https://orcid.org/0000-0002-9241-4416"", ""author_position"": ""middle"", ""is_corresponding"": false}, {""display_name"": ""Glib Baryshnikov"", ""id"": ""https://openalex.org/A5072409817"", ""orcid"": ""https://orcid.org/0000-0002-0716-3385"", ""author_position"": ""middle"", ""is_corresponding"": false}, {""display_name"": ""Chenzi Li"", ""id"": ""https://openalex.org/A5085150720"", ""orcid"": null, ""author_position"": ""middle"", ""is_corresponding"": false}, {""display_name"": ""Hans Ågren"", ""id"": ""https://openalex.org/A5053665869"", ""orcid"": ""https://orcid.org/0000-0002-1763-9383"", ""author_position"": ""middle"", ""is_corresponding"": false}, {""display_name"": ""Zhiyun Zhang"", ""id"": ""https://openalex.org/A5101772252"", ""orcid"": ""https://orcid.org/0000-0001-7513-9427"", ""author_position"": ""middle"", ""is_corresponding"": false}, {""display_name"": ""Wei Huang"", ""id"": ""https://openalex.org/A5101992679"", ""orcid"": ""https://orcid.org/0000-0002-9076-8181"", ""author_position"": ""middle"", ""is_corresponding"": false}, {""display_name"": ""Dayu Wu"", ""id"": ""https://openalex.org/A5008154101"", ""orcid"": ""https://orcid.org/0000-0002-4132-4795"", ""author_position"": ""middle"", ""is_corresponding"": false}, {""display_name"": ""Pi‐Tai Chou"", ""id"": ""https://openalex.org/A5032004836"", ""orcid"": ""https://orcid.org/0000-0002-8925-7747"", ""author_position"": ""middle"", ""is_corresponding"": true}, {""display_name"": ""Liangliang Zhu"", ""id"": ""https://openalex.org/A5100695462"", ""orcid"": ""https://orcid.org/0000-0001-6268-3351"", ""author_position"": ""last"", ""is_corresponding"": true}]"
10.1002/anie.202505328,Wiley,https://onlinelibrary.wiley.com/doi/pdfdirect/10.1002/anie.202505328,True,A High‐Efficiency Ultraviolet Organic Light‐Emitting Diode Employing a Double Boron–Oxygen–Nitrogen‐Based Emitter,19,2025,2025-04-01,https://openalex.org/W4409037184,OLED,,2025,,32,openalex_title_and_abstract_cited_by_count_desc,none,0.0,False,False,False,journal,https://openalex.org/W4409037184,https://openalex.org/W4409037184,10.1002/anie.202505328,Angewandte Chemie International Edition,https://openalex.org/S67393510,journal,1433-7851,"[""1433-7851"", ""1521-3773""]",article,0.99130242,5,Feng Zhan,Feng Zhan; Kewei Xu; Taijū Tsuboi; Yuanbin She; Guijie Li,"[{""display_name"": ""Feng Zhan"", ""id"": ""https://openalex.org/A5069784326"", ""orcid"": null, ""author_position"": ""first"", ""is_corresponding"": false}, {""display_name"": ""Kewei Xu"", ""id"": ""https://openalex.org/A5101676793"", ""orcid"": ""https://orcid.org/0000-0001-5610-3859"", ""author_position"": ""middle"", ""is_corresponding"": false}, {""display_name"": ""Taijū Tsuboi"", ""id"": ""https://openalex.org/A5113911142"", ""orcid"": ""https://orcid.org/0000-0002-5754-8283"", ""author_position"": ""middle"", ""is_corresponding"": false}, {""display_name"": ""Yuanbin She"", ""id"": ""https://openalex.org/A5063346330"", ""orcid"": ""https://orcid.org/0000-0002-1007-1852"", ""author_position"": ""middle"", ""is_corresponding"": false}, {""display_name"": ""Guijie Li"", ""id"": ""https://openalex.org/A5059826557"", ""orcid"": ""https://orcid.org/0000-0002-0740-2235"", ""author_position"": ""last"", ""is_corresponding"": true}]"
10.1016/j.ccr.2025.216433,Elsevier BV,,False,"Coordination complexes of Bipyridines (CCBs): Chemistry, bonding and applications",19,2025,2025-01-13,https://openalex.org/W4406312443,OLED,,2025,,33,openalex_title_and_abstract_cited_by_count_desc,none,0.0,False,False,False,journal,https://openalex.org/W4406312443,https://openalex.org/W4406312443,10.1016/j.ccr.2025.216433,Coordination Chemistry Reviews,https://openalex.org/S117186765,journal,0010-8545,"[""0010-8545"", ""1873-3840""]",article,0.99502036,8,Chandrabhan Verma,Chandrabhan Verma; Ibrahim Y. Yaagoob; Lipiar K.M.O. Goni; Sabri S.E. Abdelkreem; Shuaib A. Mubarak; Hasan A.M. Al-Mohsin; Akram Alfantazi; Mohammad A. Jafar Mazumder,"[{""display_name"": ""Chandrabhan Verma"", ""id"": ""https://openalex.org/A5076443084"", ""orcid"": ""https://orcid.org/0000-0001-9249-7242"", ""author_position"": ""first"", ""is_corresponding"": false}, {""display_name"": ""Ibrahim Y. Yaagoob"", ""id"": ""https://openalex.org/A5062755411"", ""orcid"": ""https://orcid.org/0000-0002-2166-1903"", ""author_position"": ""middle"", ""is_corresponding"": false}, {""display_name"": ""Lipiar K.M.O. Goni"", ""id"": ""https://openalex.org/A5083192226"", ""orcid"": null, ""author_position"": ""middle"", ""is_corresponding"": false}, {""display_name"": ""Sabri S.E. Abdelkreem"", ""id"": ""https://openalex.org/A5115862229"", ""orcid"": null, ""author_position"": ""middle"", ""is_corresponding"": false}, {""display_name"": ""Shuaib A. Mubarak"", ""id"": ""https://openalex.org/A5024130554"", ""orcid"": ""https://orcid.org/0000-0002-4068-158X"", ""author_position"": ""middle"", ""is_corresponding"": false}, {""display_name"": ""Hasan A.M. Al-Mohsin"", ""id"": ""https://openalex.org/A5115862230"", ""orcid"": null, ""author_position"": ""middle"", ""is_corresponding"": false}, {""display_name"": ""Akram Alfantazi"", ""id"": ""https://openalex.org/A5068783162"", ""orcid"": ""https://orcid.org/0000-0002-4039-5110"", ""author_position"": ""middle"", ""is_corresponding"": false}, {""display_name"": ""Mohammad A. Jafar Mazumder"", ""id"": ""https://openalex.org/A5068613837"", ""orcid"": ""https://orcid.org/0000-0002-2241-9596"", ""author_position"": ""last"", ""is_corresponding"": true}]"
10.1016/j.cej.2025.161133,Elsevier BV,,False,Efficient non-doped blue and white OLEDs with negligible roll-off efficiency using anthracene-based hybrid local and charge transfer emitters,19,2025,2025-02-28,https://openalex.org/W4408049755,OLED,,2025,,34,openalex_title_and_abstract_cited_by_count_desc,none,0.0,False,False,False,journal,https://openalex.org/W4408049755,https://openalex.org/W4408049755,10.1016/j.cej.2025.161133,Chemical Engineering Journal,https://openalex.org/S149937609,journal,1385-8947,"[""1385-8947"", ""1873-3212""]",article,0.99115931,11,Kang Chen,Kang Chen; Qiao Luo; Yuqin Du; Yali Peng; Xiaoxia Li; Huixia Xu; Yanqin Miao; Hua Wang; Runfeng Chen; Junsheng Yu; Dongge Ma,"[{""display_name"": ""Kang Chen"", ""id"": ""https://openalex.org/A5100447203"", ""orcid"": ""https://orcid.org/0000-0003-1484-1209"", ""author_position"": ""first"", ""is_corresponding"": false}, {""display_name"": ""Qiao Luo"", ""id"": ""https://openalex.org/A5101358865"", ""orcid"": null, ""author_position"": ""middle"", ""is_corresponding"": false}, {""display_name"": ""Yuqin Du"", ""id"": ""https://openalex.org/A5100317377"", ""orcid"": null, ""author_position"": ""middle"", ""is_corresponding"": false}, {""display_name"": ""Yali Peng"", ""id"": ""https://openalex.org/A5113284833"", ""orcid"": null, ""author_position"": ""middle"", ""is_corresponding"": false}, {""display_name"": ""Xiaoxia Li"", ""id"": ""https://openalex.org/A5100348750"", ""orcid"": ""https://orcid.org/0000-0002-1178-124X"", ""author_position"": ""middle"", ""is_corresponding"": false}, {""display_name"": ""Huixia Xu"", ""id"": ""https://openalex.org/A5077020910"", ""orcid"": ""https://orcid.org/0000-0003-0207-7039"", ""author_position"": ""middle"", ""is_corresponding"": true}, {""display_name"": ""Yanqin Miao"", ""id"": ""https://openalex.org/A5040515222"", ""orcid"": ""https://orcid.org/0000-0003-2659-7696"", ""author_position"": ""middle"", ""is_corresponding"": true}, {""display_name"": ""Hua Wang"", ""id"": ""https://openalex.org/A5100403940"", ""orcid"": ""https://orcid.org/0000-0002-2976-9521"", ""author_position"": ""middle"", ""is_corresponding"": false}, {""display_name"": ""Runfeng Chen"", ""id"": ""https://openalex.org/A5066058329"", ""orcid"": ""https://orcid.org/0000-0003-0222-0296"", ""author_position"": ""middle"", ""is_corresponding"": false}, {""display_name"": ""Junsheng Yu"", ""id"": ""https://openalex.org/A5100417328"", ""orcid"": ""https://orcid.org/0000-0002-7484-8114"", ""author_position"": ""middle"", ""is_corresponding"": false}, {""display_name"": ""Dongge Ma"", ""id"": ""https://openalex.org/A5087951236"", ""orcid"": ""https://orcid.org/0000-0001-9337-9715"", ""author_position"": ""last"", ""is_corresponding"": true}]"
10.1002/adma.202420611,Advanced Materials,https://onlinelibrary.wiley.com/doi/pdfdirect/10.1002/adma.202420611,True,Highly Efficient Narrowband Circularly Polarized Luminescence from Discrete Supramolecular Aggregates,18,2025,2025-05-13,https://openalex.org/W4410322372,OLED,,2025,,35,openalex_title_and_abstract_cited_by_count_desc,none,0.0,False,False,False,journal,https://openalex.org/W4410322372,https://openalex.org/W4410322372,10.1002/adma.202420611,Advanced Materials,https://openalex.org/S99352657,journal,0935-9648,"[""0935-9648"", ""1521-4095""]",article,0.9955272,8,Chengxiang Shi,Chengxiang Shi; Jia‐Ming Jin; Ru‐Jia Wang; Wen‐Cheng Chen; Chun‐Lin Sun; Shaomin Ji; Yanping Huo; Hao‐Li Zhang,"[{""display_name"": ""Chengxiang Shi"", ""id"": ""https://openalex.org/A5024785407"", ""orcid"": ""https://orcid.org/0000-0002-1936-1493"", ""author_position"": ""first"", ""is_corresponding"": false}, {""display_name"": ""Jia‐Ming Jin"", ""id"": ""https://openalex.org/A5065714549"", ""orcid"": null, ""author_position"": ""middle"", ""is_corresponding"": false}, {""display_name"": ""Ru‐Jia Wang"", ""id"": ""https://openalex.org/A5108951390"", ""orcid"": ""https://orcid.org/0009-0006-7591-1310"", ""author_position"": ""middle"", ""is_corresponding"": false}, {""display_name"": ""Wen‐Cheng Chen"", ""id"": ""https://openalex.org/A5020279524"", ""orcid"": ""https://orcid.org/0000-0003-3788-3516"", ""author_position"": ""middle"", ""is_corresponding"": true}, {""display_name"": ""Chun‐Lin Sun"", ""id"": ""https://openalex.org/A5017881230"", ""orcid"": ""https://orcid.org/0000-0001-8936-6129"", ""author_position"": ""middle"", ""is_corresponding"": false}, {""display_name"": ""Shaomin Ji"", ""id"": ""https://openalex.org/A5077664817"", ""orcid"": ""https://orcid.org/0000-0002-3304-2114"", ""author_position"": ""middle"", ""is_corresponding"": false}, {""display_name"": ""Yanping Huo"", ""id"": ""https://openalex.org/A5028637561"", ""orcid"": ""https://orcid.org/0000-0003-4124-6026"", ""author_position"": ""middle"", ""is_corresponding"": true}, {""display_name"": ""Hao‐Li Zhang"", ""id"": ""https://openalex.org/A5087703044"", ""orcid"": ""https://orcid.org/0000-0002-6322-5202"", ""author_position"": ""last"", ""is_corresponding"": true}]"
10.1002/adma.202500690,Advanced Materials,https://onlinelibrary.wiley.com/doi/pdfdirect/10.1002/adma.202500690,True,High‐Performance Solution Processable Red TADF‐OLED with External Quantum Efficiency Exceeding 28% Using a Multi‐Resonance Emitter Host,18,2025,2025-04-07,https://openalex.org/W4409237511,OLED,,2025,,36,openalex_title_and_abstract_cited_by_count_desc,none,0.0,False,False,False,journal,https://openalex.org/W4409237511,https://openalex.org/W4409237511,10.1002/adma.202500690,Advanced Materials,https://openalex.org/S99352657,journal,0935-9648,"[""0935-9648"", ""1521-4095""]",article,0.99026992,8,Xiaolong Liu,Xiaolong Liu; Lei Hua; Xiaoyi Lai; Ji Hun Kim; Qin‐Yu Zhu; Jun Yeob Lee; Weiguo Zhu; Yafei Wang,"[{""display_name"": ""Xiaolong Liu"", ""id"": ""https://openalex.org/A5100393837"", ""orcid"": ""https://orcid.org/0009-0007-1361-4756"", ""author_position"": ""first"", ""is_corresponding"": false}, {""display_name"": ""Lei Hua"", ""id"": ""https://openalex.org/A5011057033"", ""orcid"": null, ""author_position"": ""middle"", ""is_corresponding"": false}, {""display_name"": ""Xiaoyi Lai"", ""id"": ""https://openalex.org/A5045595593"", ""orcid"": null, ""author_position"": ""middle"", ""is_corresponding"": false}, {""display_name"": ""Ji Hun Kim"", ""id"": ""https://openalex.org/A5100677038"", ""orcid"": ""https://orcid.org/0000-0002-2124-0818"", ""author_position"": ""middle"", ""is_corresponding"": false}, {""display_name"": ""Qin‐Yu Zhu"", ""id"": ""https://openalex.org/A5113216060"", ""orcid"": ""https://orcid.org/0000-0003-1864-1175"", ""author_position"": ""middle"", ""is_corresponding"": false}, {""display_name"": ""Jun Yeob Lee"", ""id"": ""https://openalex.org/A5046901133"", ""orcid"": ""https://orcid.org/0000-0002-7677-0605"", ""author_position"": ""middle"", ""is_corresponding"": true}, {""display_name"": ""Weiguo Zhu"", ""id"": ""https://openalex.org/A5028466574"", ""orcid"": ""https://orcid.org/0000-0002-4244-2638"", ""author_position"": ""middle"", ""is_corresponding"": true}, {""display_name"": ""Yafei Wang"", ""id"": ""https://openalex.org/A5100406423"", ""orcid"": ""https://orcid.org/0000-0001-6984-6918"", ""author_position"": ""last"", ""is_corresponding"": true}]"
10.1002/adma.202503383,Advanced Materials,https://onlinelibrary.wiley.com/doi/pdfdirect/10.1002/adma.202503383,True,Azepination‐Induced Frontier Molecular Orbital Delocalization of Multiple Resonance Emitters: Constructing Highly Efficient Narrowband Electroluminescent Materials,18,2025,2025-04-03,https://openalex.org/W4409147624,OLED,,2025,,37,openalex_title_and_abstract_cited_by_count_desc,none,0.0,False,False,False,journal,https://openalex.org/W4409147624,https://openalex.org/W4409147624,10.1002/adma.202503383,Advanced Materials,https://openalex.org/S99352657,journal,0935-9648,"[""0935-9648"", ""1521-4095""]",article,0.99024321,7,Tingting Huang,Tingting Huang; Yincai Xu; Yupei Qu; Xueying Lu; Kaiqi Ye; Xuming Zhuang; Yue Wang,"[{""display_name"": ""Tingting Huang"", ""id"": ""https://openalex.org/A5103370049"", ""orcid"": ""https://orcid.org/0000-0002-0733-7066"", ""author_position"": ""first"", ""is_corresponding"": false}, {""display_name"": ""Yincai Xu"", ""id"": ""https://openalex.org/A5076423492"", ""orcid"": ""https://orcid.org/0000-0003-4163-0802"", ""author_position"": ""middle"", ""is_corresponding"": true}, {""display_name"": ""Yupei Qu"", ""id"": ""https://openalex.org/A5038773003"", ""orcid"": null, ""author_position"": ""middle"", ""is_corresponding"": false}, {""display_name"": ""Xueying Lu"", ""id"": ""https://openalex.org/A5040582176"", ""orcid"": ""https://orcid.org/0000-0003-4477-5548"", ""author_position"": ""middle"", ""is_corresponding"": false}, {""display_name"": ""Kaiqi Ye"", ""id"": ""https://openalex.org/A5004632942"", ""orcid"": ""https://orcid.org/0000-0003-3325-1036"", ""author_position"": ""middle"", ""is_corresponding"": false}, {""display_name"": ""Xuming Zhuang"", ""id"": ""https://openalex.org/A5103233018"", ""orcid"": null, ""author_position"": ""middle"", ""is_corresponding"": true}, {""display_name"": ""Yue Wang"", ""id"": ""https://openalex.org/A5100371961"", ""orcid"": null, ""author_position"": ""last"", ""is_corresponding"": true}]"
10.1002/adma.202503839,Advanced Materials,https://onlinelibrary.wiley.com/doi/pdfdirect/10.1002/adma.202503839,True,Linear Annulation Engineering of Indolocarbazole Multiple Resonance Emitter to Overcome Efficiency‐Stability‐Color Purity Trilemma in Deep‐Blue OLEDs,18,2025,2025-05-09,https://openalex.org/W4410240635,OLED,,2025,,38,openalex_title_and_abstract_cited_by_count_desc,none,0.0,False,False,False,journal,https://openalex.org/W4410240635,https://openalex.org/W4410240635,10.1002/adma.202503839,Advanced Materials,https://openalex.org/S99352657,journal,0935-9648,"[""0935-9648"", ""1521-4095""]",article,0.99037676,10,Qian Wang,Qian Wang; Hai Zhang; Jianping Zhou; Hengyi Dai; Minqiang Mai; Tianyu Huang; Lei Wang; Xuewen Wang; Dongdong Zhang; Lian Duan,"[{""display_name"": ""Qian Wang"", ""id"": ""https://openalex.org/A5100422786"", ""orcid"": ""https://orcid.org/0000-0002-2149-384X"", ""author_position"": ""first"", ""is_corresponding"": false}, {""display_name"": ""Hai Zhang"", ""id"": ""https://openalex.org/A5100457323"", ""orcid"": ""https://orcid.org/0000-0001-7704-1589"", ""author_position"": ""middle"", ""is_corresponding"": false}, {""display_name"": ""Jianping Zhou"", ""id"": ""https://openalex.org/A5040267940"", ""orcid"": ""https://orcid.org/0000-0003-0807-1404"", ""author_position"": ""middle"", ""is_corresponding"": false}, {""display_name"": ""Hengyi Dai"", ""id"": ""https://openalex.org/A5065398143"", ""orcid"": null, ""author_position"": ""middle"", ""is_corresponding"": false}, {""display_name"": ""Minqiang Mai"", ""id"": ""https://openalex.org/A5113321885"", ""orcid"": null, ""author_position"": ""middle"", ""is_corresponding"": false}, {""display_name"": ""Tianyu Huang"", ""id"": ""https://openalex.org/A5106550259"", ""orcid"": ""https://orcid.org/0009-0003-5405-4477"", ""author_position"": ""middle"", ""is_corresponding"": false}, {""display_name"": ""Lei Wang"", ""id"": ""https://openalex.org/A5112890155"", ""orcid"": ""https://orcid.org/0000-0002-8911-1780"", ""author_position"": ""middle"", ""is_corresponding"": false}, {""display_name"": ""Xuewen Wang"", ""id"": ""https://openalex.org/A5100768579"", ""orcid"": ""https://orcid.org/0000-0003-3751-0306"", ""author_position"": ""middle"", ""is_corresponding"": false}, {""display_name"": ""Dongdong Zhang"", ""id"": ""https://openalex.org/A5100416361"", ""orcid"": ""https://orcid.org/0000-0001-7095-2902"", ""author_position"": ""middle"", ""is_corresponding"": true}, {""display_name"": ""Lian Duan"", ""id"": ""https://openalex.org/A5070210507"", ""orcid"": ""https://orcid.org/0000-0003-2750-0972"", ""author_position"": ""last"", ""is_corresponding"": true}]"
10.1002/anie.202423602,Wiley,https://onlinelibrary.wiley.com/doi/pdfdirect/10.1002/anie.202423602,True,Delocalized Nonbonding Orbitals of Thioxanthone in Polycyclic Aromatic Hydrocarbons for Reduced Energy Gap and Narrowband Emission,18,2025,2025-01-09,https://openalex.org/W4406166923,OLED,,2025,,39,openalex_title_and_abstract_cited_by_count_desc,none,0.0,False,False,False,journal,https://openalex.org/W4406166923,https://openalex.org/W4406166923,10.1002/anie.202423602,Angewandte Chemie International Edition,https://openalex.org/S67393510,journal,1433-7851,"[""1433-7851"", ""1521-3773""]",article,0.99001103,16,Zhihai Yang,Zhihai Yang; Denghui Liu; Xiangyi Cheng; Tong Wang; Zhizhi Li; Guo‐Xi Yang; Zijian Chen; Juntao Hu; Yu Fu; Xuewei Nie; Yongxia Ren; Yitong Zeng; Yuling Chen; Kunkun Liu; Mengke Li; Shi‐Jian Su,"[{""display_name"": ""Zhihai Yang"", ""id"": ""https://openalex.org/A5012888258"", ""orcid"": null, ""author_position"": ""first"", ""is_corresponding"": false}, {""display_name"": ""Denghui Liu"", ""id"": ""https://openalex.org/A5101611381"", ""orcid"": ""https://orcid.org/0000-0001-5376-1979"", ""author_position"": ""middle"", ""is_corresponding"": false}, {""display_name"": ""Xiangyi Cheng"", ""id"": ""https://openalex.org/A5102550480"", ""orcid"": null, ""author_position"": ""middle"", ""is_corresponding"": false}, {""display_name"": ""Tong Wang"", ""id"": ""https://openalex.org/A5100451036"", ""orcid"": ""https://orcid.org/0009-0003-4530-3873"", ""author_position"": ""middle"", ""is_corresponding"": false}, {""display_name"": ""Zhizhi Li"", ""id"": ""https://openalex.org/A5004907747"", ""orcid"": ""https://orcid.org/0000-0002-7019-5558"", ""author_position"": ""middle"", ""is_corresponding"": false}, {""display_name"": ""Guo‐Xi Yang"", ""id"": ""https://openalex.org/A5083455211"", ""orcid"": ""https://orcid.org/0000-0002-9797-3495"", ""author_position"": ""middle"", ""is_corresponding"": false}, {""display_name"": ""Zijian Chen"", ""id"": ""https://openalex.org/A5100603246"", ""orcid"": ""https://orcid.org/0009-0002-1275-6123"", ""author_position"": ""middle"", ""is_corresponding"": false}, {""display_name"": ""Juntao Hu"", ""id"": ""https://openalex.org/A5101546517"", ""orcid"": null, ""author_position"": ""middle"", ""is_corresponding"": false}, {""display_name"": ""Yu Fu"", ""id"": ""https://openalex.org/A5065477940"", ""orcid"": ""https://orcid.org/0000-0002-8960-5000"", ""author_position"": ""middle"", ""is_corresponding"": false}, {""display_name"": ""Xuewei Nie"", ""id"": ""https://openalex.org/A5042100368"", ""orcid"": null, ""author_position"": ""middle"", ""is_corresponding"": false}, {""display_name"": ""Yongxia Ren"", ""id"": ""https://openalex.org/A5029004818"", ""orcid"": null, ""author_position"": ""middle"", ""is_corresponding"": false}, {""display_name"": ""Yitong Zeng"", ""id"": ""https://openalex.org/A5007953808"", ""orcid"": null, ""author_position"": ""middle"", ""is_corresponding"": false}, {""display_name"": ""Yuling Chen"", ""id"": ""https://openalex.org/A5100722818"", ""orcid"": ""https://orcid.org/0000-0003-3852-9041"", ""author_position"": ""middle"", ""is_corresponding"": false}, {""display_name"": ""Kunkun Liu"", ""id"": ""https://openalex.org/A5031894746"", ""orcid"": null, ""author_position"": ""middle"", ""is_corresponding"": false}, {""display_name"": ""Mengke Li"", ""id"": ""https://openalex.org/A5100730940"", ""orcid"": ""https://orcid.org/0000-0002-8765-6357"", ""author_position"": ""middle"", ""is_corresponding"": false}, {""display_name"": ""Shi‐Jian Su"", ""id"": ""https://openalex.org/A5048997362"", ""orcid"": ""https://orcid.org/0000-0002-6545-9002"", ""author_position"": ""last"", ""is_corresponding"": true}]"
10.1021/acsami.4c18872,American Chemical Society,,False,High Efficiency and Narrow Emissions in Deep-Blue Pt(II) Emitters in Organic Light-Emitting Diodes via Anchor-Shaped Substituent Design,18,2025,2025-01-01,https://openalex.org/W4405960068,OLED,,2025,,40,openalex_title_and_abstract_cited_by_count_desc,none,0.0,False,False,False,journal,https://openalex.org/W4405960068,https://openalex.org/W4405960068,10.1021/acsami.4c18872,ACS Applied Materials & Interfaces,https://openalex.org/S164001016,journal,1944-8244,"[""1944-8244"", ""1944-8252""]",article,0.98959963,3,Kiun Cheong,Kiun Cheong; Seungwon Han; Jun Yeob Lee,"[{""display_name"": ""Kiun Cheong"", ""id"": ""https://openalex.org/A5056403504"", ""orcid"": ""https://orcid.org/0000-0003-3488-7159"", ""author_position"": ""first"", ""is_corresponding"": false}, {""display_name"": ""Seungwon Han"", ""id"": ""https://openalex.org/A5111322092"", ""orcid"": null, ""author_position"": ""middle"", ""is_corresponding"": false}, {""display_name"": ""Jun Yeob Lee"", ""id"": ""https://openalex.org/A5046901133"", ""orcid"": ""https://orcid.org/0000-0002-7677-0605"", ""author_position"": ""last"", ""is_corresponding"": true}]"
10.1021/acsmaterialslett.4c02232,American Chemical Society,,False,Achieving Efficient Narrow-Spectrum Violet Organic Light-Emitting Diodes Based on Through-Space Charge Transfer Molecules,18,2025,2025-01-03,https://openalex.org/W4406049375,OLED,,2025,,41,openalex_title_and_abstract_cited_by_count_desc,none,0.0,False,False,False,journal,https://openalex.org/W4406049375,https://openalex.org/W4406049375,10.1021/acsmaterialslett.4c02232,ACS Materials Letters,https://openalex.org/S4210213087,journal,2639-4979,"[""2639-4979""]",article,0.98998805,8,Xiaobin Dong,Xiaobin Dong; Jiajie Zeng; Ruiqi Sun; Letian Xu; Zeyan Zhuang; Jia‐Wen Ye; Ben Zhong Tang; Zujin Zhao,"[{""display_name"": ""Xiaobin Dong"", ""id"": ""https://openalex.org/A5073365397"", ""orcid"": null, ""author_position"": ""first"", ""is_corresponding"": false}, {""display_name"": ""Jiajie Zeng"", ""id"": ""https://openalex.org/A5026020975"", ""orcid"": ""https://orcid.org/0009-0000-6470-7863"", ""author_position"": ""middle"", ""is_corresponding"": false}, {""display_name"": ""Ruiqi Sun"", ""id"": ""https://openalex.org/A5102949812"", ""orcid"": ""https://orcid.org/0000-0002-2911-3928"", ""author_position"": ""middle"", ""is_corresponding"": false}, {""display_name"": ""Letian Xu"", ""id"": ""https://openalex.org/A5037329658"", ""orcid"": null, ""author_position"": ""middle"", ""is_corresponding"": false}, {""display_name"": ""Zeyan Zhuang"", ""id"": ""https://openalex.org/A5059568085"", ""orcid"": null, ""author_position"": ""middle"", ""is_corresponding"": true}, {""display_name"": ""Jia‐Wen Ye"", ""id"": ""https://openalex.org/A5102848716"", ""orcid"": ""https://orcid.org/0000-0003-4198-2998"", ""author_position"": ""middle"", ""is_corresponding"": false}, {""display_name"": ""Ben Zhong Tang"", ""id"": ""https://openalex.org/A5089379373"", ""orcid"": ""https://orcid.org/0000-0002-0293-964X"", ""author_position"": ""middle"", ""is_corresponding"": false}, {""display_name"": ""Zujin Zhao"", ""id"": ""https://openalex.org/A5050859754"", ""orcid"": ""https://orcid.org/0000-0002-0618-6024"", ""author_position"": ""last"", ""is_corresponding"": true}]"
10.1002/anie.202506201,Wiley,https://onlinelibrary.wiley.com/doi/pdfdirect/10.1002/anie.202506201,True,Extending Frontier Molecular Orbitals Delocalization via Donor Fusion: Construct Long‐Wavelength Twisted Multiple Resonance Emitters with Efficient Narrowband Emission,17,2025,2025-04-10,https://openalex.org/W4409326694,OLED,,2025,,42,openalex_title_and_abstract_cited_by_count_desc,none,0.0,False,False,False,journal,https://openalex.org/W4409326694,https://openalex.org/W4409326694,10.1002/anie.202506201,Angewandte Chemie International Edition,https://openalex.org/S67393510,journal,1433-7851,"[""1433-7851"", ""1521-3773""]",article,0.99480971,6,Yupei Qu,Yupei Qu; Yincai Xu; Tingting Huang; Xiaoxian Song; Kaiqi Ye; Yue Wang,"[{""display_name"": ""Yupei Qu"", ""id"": ""https://openalex.org/A5038773003"", ""orcid"": null, ""author_position"": ""first"", ""is_corresponding"": false}, {""display_name"": ""Yincai Xu"", ""id"": ""https://openalex.org/A5076423492"", ""orcid"": ""https://orcid.org/0000-0003-4163-0802"", ""author_position"": ""middle"", ""is_corresponding"": false}, {""display_name"": ""Tingting Huang"", ""id"": ""https://openalex.org/A5103370049"", ""orcid"": ""https://orcid.org/0000-0002-0733-7066"", ""author_position"": ""middle"", ""is_corresponding"": false}, {""display_name"": ""Xiaoxian Song"", ""id"": ""https://openalex.org/A5002194321"", ""orcid"": ""https://orcid.org/0000-0002-1341-1656"", ""author_position"": ""middle"", ""is_corresponding"": false}, {""display_name"": ""Kaiqi Ye"", ""id"": ""https://openalex.org/A5004632942"", ""orcid"": ""https://orcid.org/0000-0003-3325-1036"", ""author_position"": ""middle"", ""is_corresponding"": false}, {""display_name"": ""Yue Wang"", ""id"": ""https://openalex.org/A5100371961"", ""orcid"": ""https://orcid.org/0000-0001-6936-5081"", ""author_position"": ""last"", ""is_corresponding"": true}]"
10.1002/smll.202409621,Wiley,https://onlinelibrary.wiley.com/doi/pdfdirect/10.1002/smll.202409621,True,MXene/AgNWs/MXene Sandwich‐Structured Transparent Electrode for High‐Performance Flexible OLEDs,17,2025,2025-02-25,https://openalex.org/W4407944936,OLED,,2025,,43,openalex_title_and_abstract_cited_by_count_desc,none,0.0,False,False,False,journal,https://openalex.org/W4407944936,https://openalex.org/W4407944936,10.1002/smll.202409621,Small,https://openalex.org/S94619837,journal,1613-6810,"[""1613-6810"", ""1613-6829""]",article,0.9893793,8,Zhuo Yang,Zhuo Yang; Yuanyuan Guo; Wenhao Guo; Min Zhao; Hua Wang; Bin Wei; Yanqin Miao; Kunping Guo,"[{""display_name"": ""Zhuo Yang"", ""id"": ""https://openalex.org/A5039392400"", ""orcid"": ""https://orcid.org/0000-0003-4727-7907"", ""author_position"": ""first"", ""is_corresponding"": false}, {""display_name"": ""Yuanyuan Guo"", ""id"": ""https://openalex.org/A5047568480"", ""orcid"": ""https://orcid.org/0000-0002-0618-1709"", ""author_position"": ""middle"", ""is_corresponding"": false}, {""display_name"": ""Wenhao Guo"", ""id"": ""https://openalex.org/A5103978286"", ""orcid"": null, ""author_position"": ""middle"", ""is_corresponding"": false}, {""display_name"": ""Min Zhao"", ""id"": ""https://openalex.org/A5061234819"", ""orcid"": ""https://orcid.org/0000-0001-6705-8838"", ""author_position"": ""middle"", ""is_corresponding"": false}, {""display_name"": ""Hua Wang"", ""id"": ""https://openalex.org/A5100646268"", ""orcid"": ""https://orcid.org/0000-0003-4952-5505"", ""author_position"": ""middle"", ""is_corresponding"": false}, {""display_name"": ""Bin Wei"", ""id"": ""https://openalex.org/A5104163654"", ""orcid"": null, ""author_position"": ""middle"", ""is_corresponding"": false}, {""display_name"": ""Yanqin Miao"", ""id"": ""https://openalex.org/A5040515222"", ""orcid"": ""https://orcid.org/0000-0003-2659-7696"", ""author_position"": ""middle"", ""is_corresponding"": true}, {""display_name"": ""Kunping Guo"", ""id"": ""https://openalex.org/A5000886582"", ""orcid"": ""https://orcid.org/0000-0002-8756-3804"", ""author_position"": ""last"", ""is_corresponding"": true}]"
10.1002/smll.202409662,Wiley,https://onlinelibrary.wiley.com/doi/pdfdirect/10.1002/smll.202409662,True,"Deep Blue Tetradentate Pt(II) Emitter Coordinated With Fused Fluorenyl N‐heterocyclic Carbene. High Efficiency, Narrow FWHM, and Superior Operational Lifetime LT<sub>95</sub> of 290 h at 1000 cd m<sup>−2</sup>",17,2025,2025-02-07,https://openalex.org/W4407259907,OLED,,2025,,44,openalex_title_and_abstract_cited_by_count_desc,none,0.0,False,False,False,journal,https://openalex.org/W4407259907,https://openalex.org/W4407259907,10.1002/smll.202409662,Small,https://openalex.org/S94619837,journal,1613-6810,"[""1613-6810"", ""1613-6829""]",article,0.98912886,11,Huiyang Li,Huiyang Li; Faan‐Fung Hung; Siping Wu; Jiang‐Zhen Qiu; Cui‐Jin Li; Shaowei Nie; Jun Yang; Lian Duan; Pengcheng Zhou; Gang Cheng; Chi‐Ming Che,"[{""display_name"": ""Huiyang Li"", ""id"": ""https://openalex.org/A5101981431"", ""orcid"": ""https://orcid.org/0000-0001-7388-7296"", ""author_position"": ""first"", ""is_corresponding"": false}, {""display_name"": ""Faan‐Fung Hung"", ""id"": ""https://openalex.org/A5085194607"", ""orcid"": ""https://orcid.org/0009-0001-3634-1355"", ""author_position"": ""middle"", ""is_corresponding"": false}, {""display_name"": ""Siping Wu"", ""id"": ""https://openalex.org/A5057636588"", ""orcid"": null, ""author_position"": ""middle"", ""is_corresponding"": false}, {""display_name"": ""Jiang‐Zhen Qiu"", ""id"": ""https://openalex.org/A5023803027"", ""orcid"": ""https://orcid.org/0000-0003-1772-4761"", ""author_position"": ""middle"", ""is_corresponding"": false}, {""display_name"": ""Cui‐Jin Li"", ""id"": ""https://openalex.org/A5083903103"", ""orcid"": null, ""author_position"": ""middle"", ""is_corresponding"": false}, {""display_name"": ""Shaowei Nie"", ""id"": ""https://openalex.org/A5047972695"", ""orcid"": null, ""author_position"": ""middle"", ""is_corresponding"": false}, {""display_name"": ""Jun Yang"", ""id"": ""https://openalex.org/A5051796976"", ""orcid"": ""https://orcid.org/0000-0001-8701-9297"", ""author_position"": ""middle"", ""is_corresponding"": false}, {""display_name"": ""Lian Duan"", ""id"": ""https://openalex.org/A5110808877"", ""orcid"": ""https://orcid.org/0000-0002-9149-539X"", ""author_position"": ""middle"", ""is_corresponding"": false}, {""display_name"": ""Pengcheng Zhou"", ""id"": ""https://openalex.org/A5101742557"", ""orcid"": ""https://orcid.org/0000-0001-7725-6512"", ""author_position"": ""middle"", ""is_corresponding"": true}, {""display_name"": ""Gang Cheng"", ""id"": ""https://openalex.org/A5073157821"", ""orcid"": ""https://orcid.org/0000-0001-8081-8205"", ""author_position"": ""middle"", ""is_corresponding"": true}, {""display_name"": ""Chi‐Ming Che"", ""id"": ""https://openalex.org/A5040977229"", ""orcid"": ""https://orcid.org/0000-0002-2554-7219"", ""author_position"": ""last"", ""is_corresponding"": true}]"
10.1016/j.cej.2025.160656,Elsevier BV,,False,Design strategy to achieve a narrowband emission and extensive device stability in longer wavelength multi-resonance thermally activated delayed fluorescence emitters,17,2025,2025-02-14,https://openalex.org/W4407573044,OLED,,2025,,45,openalex_title_and_abstract_cited_by_count_desc,none,0.0,False,False,False,journal,https://openalex.org/W4407573044,https://openalex.org/W4407573044,10.1016/j.cej.2025.160656,Chemical Engineering Journal,https://openalex.org/S149937609,journal,1385-8947,"[""1385-8947"", ""1873-3212""]",article,0.98917092,10,Hae Ung Kim,Hae Ung Kim; Tae Hoon Ha; Paramasivam Palanisamy; Seung Wan Kang; Jin Shin; Jeong-Yeol Yoo; Kyung Min Park; Odugu Pavan Kumar; Chil Won Lee; Jang Hyuk Kwon,"[{""display_name"": ""Hae Ung Kim"", ""id"": ""https://openalex.org/A5020078563"", ""orcid"": null, ""author_position"": ""first"", ""is_corresponding"": false}, {""display_name"": ""Tae Hoon Ha"", ""id"": ""https://openalex.org/A5041676056"", ""orcid"": null, ""author_position"": ""middle"", ""is_corresponding"": false}, {""display_name"": ""Paramasivam Palanisamy"", ""id"": ""https://openalex.org/A5082983533"", ""orcid"": ""https://orcid.org/0000-0002-6369-8640"", ""author_position"": ""middle"", ""is_corresponding"": false}, {""display_name"": ""Seung Wan Kang"", ""id"": ""https://openalex.org/A5101295309"", ""orcid"": null, ""author_position"": ""middle"", ""is_corresponding"": false}, {""display_name"": ""Jin Shin"", ""id"": ""https://openalex.org/A5046253875"", ""orcid"": ""https://orcid.org/0000-0002-5554-1619"", ""author_position"": ""middle"", ""is_corresponding"": false}, {""display_name"": ""Jeong-Yeol Yoo"", ""id"": ""https://openalex.org/A5078176246"", ""orcid"": ""https://orcid.org/0000-0003-3917-9725"", ""author_position"": ""middle"", ""is_corresponding"": false}, {""display_name"": ""Kyung Min Park"", ""id"": ""https://openalex.org/A5081618253"", ""orcid"": null, ""author_position"": ""middle"", ""is_corresponding"": false}, {""display_name"": ""Odugu Pavan Kumar"", ""id"": ""https://openalex.org/A5012489380"", ""orcid"": null, ""author_position"": ""middle"", ""is_corresponding"": false}, {""display_name"": ""Chil Won Lee"", ""id"": ""https://openalex.org/A5038185788"", ""orcid"": ""https://orcid.org/0000-0003-1282-5256"", ""author_position"": ""middle"", ""is_corresponding"": true}, {""display_name"": ""Jang Hyuk Kwon"", ""id"": ""https://openalex.org/A5004139472"", ""orcid"": ""https://orcid.org/0000-0002-1743-1486"", ""author_position"": ""last"", ""is_corresponding"": true}]"
10.1117/1.ap.7.3.034001,Advanced Photonics,https://www.spiedigitallibrary.org/journals/advanced-photonics/volume-7/issue-3/034001/Power-consumption-of-light-engines-for-emerging-augmented-reality-glasses/10.1117/1.AP.7.3.034001.pdf,True,Power consumption of light engines for emerging augmented reality glasses: perspectives and challenges,17,2025,2025-03-28,https://openalex.org/W4408933397,OLED,,2025,,46,openalex_title_and_abstract_cited_by_count_desc,none,0.0,False,False,False,journal,https://openalex.org/W4408933397,https://openalex.org/W4408933397,10.1117/1.ap.7.3.034001,Advanced Photonics,https://openalex.org/S4210199334,journal,2577-5421,"[""2577-5421""]",article,0.98986715,8,Yizhou Qian,Yizhou Qian; Zhiyong Yang; Sung-Chun Chen; Yongziyan Ma; Yi‐Chien Chen; Hsueh‐Shih Chen; Chih‐Lung Lin; Shin‐Tson Wu,"[{""display_name"": ""Yizhou Qian"", ""id"": ""https://openalex.org/A5063091060"", ""orcid"": ""https://orcid.org/0000-0002-2157-0497"", ""author_position"": ""first"", ""is_corresponding"": false}, {""display_name"": ""Zhiyong Yang"", ""id"": ""https://openalex.org/A5074293587"", ""orcid"": ""https://orcid.org/0000-0002-7181-7443"", ""author_position"": ""middle"", ""is_corresponding"": false}, {""display_name"": ""Sung-Chun Chen"", ""id"": ""https://openalex.org/A5040516640"", ""orcid"": null, ""author_position"": ""middle"", ""is_corresponding"": false}, {""display_name"": ""Yongziyan Ma"", ""id"": ""https://openalex.org/A5016505034"", ""orcid"": null, ""author_position"": ""middle"", ""is_corresponding"": false}, {""display_name"": ""Yi‐Chien Chen"", ""id"": ""https://openalex.org/A5017347149"", ""orcid"": ""https://orcid.org/0000-0002-7476-0219"", ""author_position"": ""middle"", ""is_corresponding"": false}, {""display_name"": ""Hsueh‐Shih Chen"", ""id"": ""https://openalex.org/A5091746122"", ""orcid"": ""https://orcid.org/0000-0002-5715-0750"", ""author_position"": ""middle"", ""is_corresponding"": false}, {""display_name"": ""Chih‐Lung Lin"", ""id"": ""https://openalex.org/A5060570866"", ""orcid"": ""https://orcid.org/0000-0002-4948-8591"", ""author_position"": ""middle"", ""is_corresponding"": false}, {""display_name"": ""Shin‐Tson Wu"", ""id"": ""https://openalex.org/A5110793552"", ""orcid"": null, ""author_position"": ""last"", ""is_corresponding"": true}]"
10.1002/adma.202420008,Advanced Materials,https://onlinelibrary.wiley.com/doi/pdfdirect/10.1002/adma.202420008,True,Toward Intrinsically Stretchable OLEDs with High Efficiency,16,2025,2025-02-21,https://openalex.org/W4407808820,OLED,,2025,,47,openalex_title_and_abstract_cited_by_count_desc,none,0.0,False,False,False,journal,https://openalex.org/W4407808820,https://openalex.org/W4407808820,10.1002/adma.202420008,Advanced Materials,https://openalex.org/S99352657,journal,0935-9648,"[""0935-9648"", ""1521-4095""]",article,0.98854379,4,Huanyu Zhou,Huanyu Zhou; Hyun‐Wook Kim; Woo‐Jin Jeong; Tae‐Woo Lee,"[{""display_name"": ""Huanyu Zhou"", ""id"": ""https://openalex.org/A5035507581"", ""orcid"": ""https://orcid.org/0000-0002-4274-5540"", ""author_position"": ""first"", ""is_corresponding"": false}, {""display_name"": ""Hyun‐Wook Kim"", ""id"": ""https://openalex.org/A5100658694"", ""orcid"": ""https://orcid.org/0000-0002-4397-9664"", ""author_position"": ""middle"", ""is_corresponding"": false}, {""display_name"": ""Woo‐Jin Jeong"", ""id"": ""https://openalex.org/A5074538874"", ""orcid"": ""https://orcid.org/0000-0001-8577-6964"", ""author_position"": ""middle"", ""is_corresponding"": false}, {""display_name"": ""Tae‐Woo Lee"", ""id"": ""https://openalex.org/A5018416042"", ""orcid"": ""https://orcid.org/0000-0002-6449-6725"", ""author_position"": ""last"", ""is_corresponding"": true}]"
10.1002/agt2.70006,Wiley,https://onlinelibrary.wiley.com/doi/pdfdirect/10.1002/agt2.70006,True,Achieving Multi‐Color Emissive Organic Light‐Emitting Diodes With Single‐Component Molecule Through Conformational Regulation,16,2025,2025-02-21,https://openalex.org/W4407809422,OLED,,2025,,48,openalex_title_and_abstract_cited_by_count_desc,none,0.0,False,False,False,journal,https://openalex.org/W4407809422,https://openalex.org/W4407809422,10.1002/agt2.70006,Aggregate,https://openalex.org/S4210220553,journal,2692-4560,"[""2692-4560"", ""2766-8541""]",article,0.98374567,10,Xiang Long,Xiang Long; Zhiwei Ma; Hui Dai; Yuyuan Wang; Haozhi Xie; Xiangyu Ge; Zhan Yang; Juan Zhao; Wei Hong; Zhenguo Chi,"[{""display_name"": ""Xiang Long"", ""id"": ""https://openalex.org/A5029831870"", ""orcid"": null, ""author_position"": ""first"", ""is_corresponding"": false}, {""display_name"": ""Zhiwei Ma"", ""id"": ""https://openalex.org/A5101650426"", ""orcid"": ""https://orcid.org/0000-0003-1606-4976"", ""author_position"": ""middle"", ""is_corresponding"": false}, {""display_name"": ""Hui Dai"", ""id"": ""https://openalex.org/A5018942310"", ""orcid"": null, ""author_position"": ""middle"", ""is_corresponding"": false}, {""display_name"": ""Yuyuan Wang"", ""id"": ""https://openalex.org/A5115694904"", ""orcid"": null, ""author_position"": ""middle"", ""is_corresponding"": false}, {""display_name"": ""Haozhi Xie"", ""id"": ""https://openalex.org/A5101338702"", ""orcid"": null, ""author_position"": ""middle"", ""is_corresponding"": false}, {""display_name"": ""Xiangyu Ge"", ""id"": ""https://openalex.org/A5003234686"", ""orcid"": ""https://orcid.org/0000-0001-5956-8870"", ""author_position"": ""middle"", ""is_corresponding"": true}, {""display_name"": ""Zhan Yang"", ""id"": ""https://openalex.org/A5008979930"", ""orcid"": ""https://orcid.org/0000-0002-3063-4819"", ""author_position"": ""middle"", ""is_corresponding"": true}, {""display_name"": ""Juan Zhao"", ""id"": ""https://openalex.org/A5010954184"", ""orcid"": ""https://orcid.org/0000-0002-3308-6731"", ""author_position"": ""middle"", ""is_corresponding"": true}, {""display_name"": ""Wei Hong"", ""id"": ""https://openalex.org/A5052999757"", ""orcid"": ""https://orcid.org/0000-0001-7484-6410"", ""author_position"": ""middle"", ""is_corresponding"": true}, {""display_name"": ""Zhenguo Chi"", ""id"": ""https://openalex.org/A5047556152"", ""orcid"": ""https://orcid.org/0000-0001-9772-5363"", ""author_position"": ""last"", ""is_corresponding"": true}]"
10.1002/anie.202501179,Wiley,https://onlinelibrary.wiley.com/doi/pdfdirect/10.1002/anie.202501179,True,Regulating the Spatially Folded Arrangement of Donor and Acceptor Units To Achieve Efficient Orange‐Red Thermally Activated Delayed Fluorescence,16,2025,2025-02-05,https://openalex.org/W4407179081,OLED,,2025,,49,openalex_title_and_abstract_cited_by_count_desc,none,0.0,False,False,False,journal,https://openalex.org/W4407179081,https://openalex.org/W4407179081,10.1002/anie.202501179,Angewandte Chemie International Edition,https://openalex.org/S67393510,journal,1433-7851,"[""1433-7851"", ""1521-3773""]",article,0.98800098,6,Maoqiu Li,Maoqiu Li; Lei Hua; Jinyang Zhao; Yuchao Liu; Shouke Yan; Zhongjie Ren,"[{""display_name"": ""Maoqiu Li"", ""id"": ""https://openalex.org/A5060109607"", ""orcid"": null, ""author_position"": ""first"", ""is_corresponding"": false}, {""display_name"": ""Lei Hua"", ""id"": ""https://openalex.org/A5011057033"", ""orcid"": null, ""author_position"": ""middle"", ""is_corresponding"": false}, {""display_name"": ""Jinyang Zhao"", ""id"": ""https://openalex.org/A5022409136"", ""orcid"": ""https://orcid.org/0000-0003-2669-1447"", ""author_position"": ""middle"", ""is_corresponding"": false}, {""display_name"": ""Yuchao Liu"", ""id"": ""https://openalex.org/A5114348135"", ""orcid"": ""https://orcid.org/0000-0001-9088-3852"", ""author_position"": ""middle"", ""is_corresponding"": false}, {""display_name"": ""Shouke Yan"", ""id"": ""https://openalex.org/A5042226215"", ""orcid"": ""https://orcid.org/0000-0003-1627-341X"", ""author_position"": ""middle"", ""is_corresponding"": false}, {""display_name"": ""Zhongjie Ren"", ""id"": ""https://openalex.org/A5082113047"", ""orcid"": ""https://orcid.org/0000-0002-7981-4431"", ""author_position"": ""last"", ""is_corresponding"": true}]"
10.1002/anie.202503320,Wiley,https://onlinelibrary.wiley.com/doi/pdfdirect/10.1002/anie.202503320,True,Simple Boron–Nitrogen Covalent Bond Constructs Multi‐Resonance TADF Emitters: Ultra‐Narrowband Deep‐Blue Electroluminescence,16,2025,2025-03-17,https://openalex.org/W4408508308,OLED,,2025,,50,openalex_title_and_abstract_cited_by_count_desc,none,0.0,False,False,False,journal,https://openalex.org/W4408508308,https://openalex.org/W4408508308,10.1002/anie.202503320,Angewandte Chemie International Edition,https://openalex.org/S67393510,journal,1433-7851,"[""1433-7851"", ""1521-3773""]",article,0.9883379,12,Yuxi Guo,Yuxi Guo; Wentao Xie; Zeyuan Ye; Ke Xu; H. H. Zhang; Zhengqi Xiao; Jingsheng Miao; Yang Zou; Cheng Zhong; Xiaojun Yin; Chuluo Yang; Xiaosong Cao,"[{""display_name"": ""Yuxi Guo"", ""id"": ""https://openalex.org/A5060184707"", ""orcid"": ""https://orcid.org/0000-0002-5761-587X"", ""author_position"": ""first"", ""is_corresponding"": false}, {""display_name"": ""Wentao Xie"", ""id"": ""https://openalex.org/A5016249842"", ""orcid"": ""https://orcid.org/0000-0002-6733-2291"", ""author_position"": ""middle"", ""is_corresponding"": false}, {""display_name"": ""Zeyuan Ye"", ""id"": ""https://openalex.org/A5081176885"", ""orcid"": ""https://orcid.org/0009-0006-8110-0549"", ""author_position"": ""middle"", ""is_corresponding"": false}, {""display_name"": ""Ke Xu"", ""id"": ""https://openalex.org/A5048316347"", ""orcid"": ""https://orcid.org/0000-0002-7807-8444"", ""author_position"": ""middle"", ""is_corresponding"": false}, {""display_name"": ""H. H. Zhang"", ""id"": ""https://openalex.org/A5046210746"", ""orcid"": ""https://orcid.org/0000-0003-3080-4555"", ""author_position"": ""middle"", ""is_corresponding"": false}, {""display_name"": ""Zhengqi Xiao"", ""id"": ""https://openalex.org/A5074109444"", ""orcid"": null, ""author_position"": ""middle"", ""is_corresponding"": false}, {""display_name"": ""Jingsheng Miao"", ""id"": ""https://openalex.org/A5068811434"", ""orcid"": ""https://orcid.org/0009-0006-0268-0427"", ""author_position"": ""middle"", ""is_corresponding"": false}, {""display_name"": ""Yang Zou"", ""id"": ""https://openalex.org/A5074211047"", ""orcid"": ""https://orcid.org/0000-0001-9291-0586"", ""author_position"": ""middle"", ""is_corresponding"": false}, {""display_name"": ""Cheng Zhong"", ""id"": ""https://openalex.org/A5101998746"", ""orcid"": ""https://orcid.org/0000-0002-7756-9313"", ""author_position"": ""middle"", ""is_corresponding"": false}, {""display_name"": ""Xiaojun Yin"", ""id"": ""https://openalex.org/A5009603032"", ""orcid"": ""https://orcid.org/0000-0002-7530-5170"", ""author_position"": ""middle"", ""is_corresponding"": false}, {""display_name"": ""Chuluo Yang"", ""id"": ""https://openalex.org/A5089900071"", ""orcid"": ""https://orcid.org/0000-0001-9337-3460"", ""author_position"": ""middle"", ""is_corresponding"": true}, {""display_name"": ""Xiaosong Cao"", ""id"": ""https://openalex.org/A5066418823"", ""orcid"": ""https://orcid.org/0000-0001-9999-8840"", ""author_position"": ""last"", ""is_corresponding"": false}]"
10.1002/anie.202504002,Wiley,https://onlinelibrary.wiley.com/doi/pdfdirect/10.1002/anie.202504002,True,Ultra‐Narrowband Organic Electroluminescence with External Quantum Efficiency of 40% from Indolocarbazole‐Embedded Multiple Resonance Emitters,16,2025,2025-03-17,https://openalex.org/W4408530494,OLED,,2025,,51,openalex_title_and_abstract_cited_by_count_desc,none,0.0,False,False,False,journal,https://openalex.org/W4408530494,https://openalex.org/W4408530494,10.1002/anie.202504002,Angewandte Chemie International Edition,https://openalex.org/S67393510,journal,1433-7851,"[""1433-7851"", ""1521-3773""]",article,0.98897892,8,Linjie Li,Linjie Li; Tingting Huang; Yincai Xu; Yupei Qu; Weibo Cui; Lu Xu; Chenglong Li; Yue Wang,"[{""display_name"": ""Linjie Li"", ""id"": ""https://openalex.org/A5081384213"", ""orcid"": ""https://orcid.org/0000-0003-0508-4947"", ""author_position"": ""first"", ""is_corresponding"": false}, {""display_name"": ""Tingting Huang"", ""id"": ""https://openalex.org/A5108957823"", ""orcid"": null, ""author_position"": ""middle"", ""is_corresponding"": false}, {""display_name"": ""Yincai Xu"", ""id"": ""https://openalex.org/A5076423492"", ""orcid"": ""https://orcid.org/0000-0003-4163-0802"", ""author_position"": ""middle"", ""is_corresponding"": false}, {""display_name"": ""Yupei Qu"", ""id"": ""https://openalex.org/A5038773003"", ""orcid"": null, ""author_position"": ""middle"", ""is_corresponding"": false}, {""display_name"": ""Weibo Cui"", ""id"": ""https://openalex.org/A5032238433"", ""orcid"": null, ""author_position"": ""middle"", ""is_corresponding"": false}, {""display_name"": ""Lu Xu"", ""id"": ""https://openalex.org/A5102717617"", ""orcid"": ""https://orcid.org/0000-0002-1598-0414"", ""author_position"": ""middle"", ""is_corresponding"": false}, {""display_name"": ""Chenglong Li"", ""id"": ""https://openalex.org/A5048722074"", ""orcid"": ""https://orcid.org/0009-0000-7976-7826"", ""author_position"": ""middle"", ""is_corresponding"": true}, {""display_name"": ""Yue Wang"", ""id"": ""https://openalex.org/A5100371961"", ""orcid"": ""https://orcid.org/0000-0001-6936-5081"", ""author_position"": ""last"", ""is_corresponding"": false}]"
10.1039/d4tc05181e,Royal Society of Chemistry,,False,Recent breakthroughs in through-space charge transfer in π-stacked molecules as thermally activated delayed fluorescent emitters for OLED applications,16,2025,2025-01-01,https://openalex.org/W4406149472,OLED,,2025,,52,openalex_title_and_abstract_cited_by_count_desc,none,0.0,False,False,False,journal,https://openalex.org/W4406149472,https://openalex.org/W4406149472,10.1039/d4tc05181e,Journal of Materials Chemistry C,https://openalex.org/S2500738039,journal,2050-7526,"[""2050-7526"", ""2050-7534""]",article,0.98836844,6,K. Ram Mohan Rao,K. Ram Mohan Rao; R. Ramaraghavulu; Deepti Kolli; Hemanth Kumar C. S; S.V. Prabhakar Vattikuti; Mallesham Godumala,"[{""display_name"": ""K. Ram Mohan Rao"", ""id"": ""https://openalex.org/A5048605838"", ""orcid"": ""https://orcid.org/0000-0001-9483-0424"", ""author_position"": ""first"", ""is_corresponding"": true}, {""display_name"": ""R. Ramaraghavulu"", ""id"": ""https://openalex.org/A5025280411"", ""orcid"": ""https://orcid.org/0000-0002-6616-8303"", ""author_position"": ""middle"", ""is_corresponding"": false}, {""display_name"": ""Deepti Kolli"", ""id"": ""https://openalex.org/A5019345494"", ""orcid"": ""https://orcid.org/0000-0002-5240-6227"", ""author_position"": ""middle"", ""is_corresponding"": false}, {""display_name"": ""Hemanth Kumar C. S"", ""id"": ""https://openalex.org/A5112225736"", ""orcid"": null, ""author_position"": ""middle"", ""is_corresponding"": false}, {""display_name"": ""S.V. Prabhakar Vattikuti"", ""id"": ""https://openalex.org/A5054487404"", ""orcid"": ""https://orcid.org/0000-0002-9009-5466"", ""author_position"": ""middle"", ""is_corresponding"": false}, {""display_name"": ""Mallesham Godumala"", ""id"": ""https://openalex.org/A5084855552"", ""orcid"": null, ""author_position"": ""last"", ""is_corresponding"": false}]"
10.1002/adfm.202420489,Wiley,https://onlinelibrary.wiley.com/doi/pdfdirect/10.1002/adfm.202420489,True,Stepwise Planarizing Geometries of D–A Type Red Thermally Activated Delayed Fluorescence Molecules in Condensed States Toward High‐Efficiency Red/NIR OLEDs,15,2025,2025-01-28,https://openalex.org/W4406919349,OLED,,2025,,53,openalex_title_and_abstract_cited_by_count_desc,none,0.0,False,False,False,journal,https://openalex.org/W4406919349,https://openalex.org/W4406919349,10.1002/adfm.202420489,Advanced Functional Materials,https://openalex.org/S135204980,journal,1616-301X,"[""1616-301X"", ""1616-3028""]",article,0.98605356,10,Hui Wang,Hui Wang; Sen Lin; Jia‐Xiong Chen; Xiao‐Yao Hao; Xiao‐Chun Fan; Yi‐Zhong Shi; Jia Yu; Xiankai Chen; Kai Wang; Xiaohong Zhang,"[{""display_name"": ""Hui Wang"", ""id"": ""https://openalex.org/A5100460889"", ""orcid"": ""https://orcid.org/0000-0003-1094-8826"", ""author_position"": ""first"", ""is_corresponding"": false}, {""display_name"": ""Sen Lin"", ""id"": ""https://openalex.org/A5100602374"", ""orcid"": ""https://orcid.org/0000-0002-2253-907X"", ""author_position"": ""middle"", ""is_corresponding"": false}, {""display_name"": ""Jia‐Xiong Chen"", ""id"": ""https://openalex.org/A5014895205"", ""orcid"": ""https://orcid.org/0000-0002-4379-490X"", ""author_position"": ""middle"", ""is_corresponding"": false}, {""display_name"": ""Xiao‐Yao Hao"", ""id"": ""https://openalex.org/A5108300733"", ""orcid"": null, ""author_position"": ""middle"", ""is_corresponding"": false}, {""display_name"": ""Xiao‐Chun Fan"", ""id"": ""https://openalex.org/A5083180289"", ""orcid"": ""https://orcid.org/0000-0002-4628-8228"", ""author_position"": ""middle"", ""is_corresponding"": false}, {""display_name"": ""Yi‐Zhong Shi"", ""id"": ""https://openalex.org/A5015227631"", ""orcid"": ""https://orcid.org/0000-0002-8397-9618"", ""author_position"": ""middle"", ""is_corresponding"": false}, {""display_name"": ""Jia Yu"", ""id"": ""https://openalex.org/A5044370039"", ""orcid"": ""https://orcid.org/0000-0002-0159-060X"", ""author_position"": ""middle"", ""is_corresponding"": true}, {""display_name"": ""Xiankai Chen"", ""id"": ""https://openalex.org/A5028466294"", ""orcid"": ""https://orcid.org/0000-0002-8580-7246"", ""author_position"": ""middle"", ""is_corresponding"": true}, {""display_name"": ""Kai Wang"", ""id"": ""https://openalex.org/A5029999584"", ""orcid"": ""https://orcid.org/0000-0002-9860-2282"", ""author_position"": ""middle"", ""is_corresponding"": true}, {""display_name"": ""Xiaohong Zhang"", ""id"": ""https://openalex.org/A5100330119"", ""orcid"": ""https://orcid.org/0000-0002-6732-2499"", ""author_position"": ""last"", ""is_corresponding"": true}]"
10.1002/adfm.202423077,Wiley,https://onlinelibrary.wiley.com/doi/pdfdirect/10.1002/adfm.202423077,True,Near‐Infrared Circularly Polarized Electroluminescence with Switchable Handedness in Organic LEDs,15,2025,2025-01-28,https://openalex.org/W4406935278,OLED,,2025,,54,openalex_title_and_abstract_cited_by_count_desc,none,0.0,False,False,False,journal,https://openalex.org/W4406935278,https://openalex.org/W4406935278,10.1002/adfm.202423077,Advanced Functional Materials,https://openalex.org/S135204980,journal,1616-301X,"[""1616-301X"", ""1616-3028""]",article,0.98664255,5,Francesco Zinna,Francesco Zinna; Chiara Botta; S. Luzzati; Lorenzo Di Bari; Umberto Giovanella,"[{""display_name"": ""Francesco Zinna"", ""id"": ""https://openalex.org/A5029734888"", ""orcid"": ""https://orcid.org/0000-0002-6331-6219"", ""author_position"": ""first"", ""is_corresponding"": false}, {""display_name"": ""Chiara Botta"", ""id"": ""https://openalex.org/A5087238994"", ""orcid"": ""https://orcid.org/0000-0001-8722-0417"", ""author_position"": ""middle"", ""is_corresponding"": false}, {""display_name"": ""S. Luzzati"", ""id"": ""https://openalex.org/A5030708305"", ""orcid"": ""https://orcid.org/0000-0001-7982-2215"", ""author_position"": ""middle"", ""is_corresponding"": false}, {""display_name"": ""Lorenzo Di Bari"", ""id"": ""https://openalex.org/A5051009185"", ""orcid"": ""https://orcid.org/0000-0003-2347-2150"", ""author_position"": ""middle"", ""is_corresponding"": false}, {""display_name"": ""Umberto Giovanella"", ""id"": ""https://openalex.org/A5026214519"", ""orcid"": ""https://orcid.org/0000-0003-2865-050X"", ""author_position"": ""last"", ""is_corresponding"": true}]"
10.1002/adfm.202504525,Wiley,https://onlinelibrary.wiley.com/doi/pdfdirect/10.1002/adfm.202504525,True,Efficient Circularly Polarized Electroluminescence Based on Chiral MR‐TADF Materials with Innovative Planar Structure Design Strategy,15,2025,2025-04-15,https://openalex.org/W4409459821,OLED,,2025,,55,openalex_title_and_abstract_cited_by_count_desc,none,0.0,False,False,False,journal,https://openalex.org/W4409459821,https://openalex.org/W4409459821,10.1002/adfm.202504525,Advanced Functional Materials,https://openalex.org/S135204980,journal,1616-301X,"[""1616-301X"", ""1616-3028""]",article,0.99320683,9,Xiaosheng Zhong,Xiaosheng Zhong; Jia‐Qi Xi; Zhi‐Ping Yan; Jiajun Hu; Yu Wang; Yuan Li; Shi‐Quan Song; Jing‐Lin Zuo; You‐Xuan Zheng,"[{""display_name"": ""Xiaosheng Zhong"", ""id"": ""https://openalex.org/A5102200902"", ""orcid"": null, ""author_position"": ""first"", ""is_corresponding"": false}, {""display_name"": ""Jia‐Qi Xi"", ""id"": ""https://openalex.org/A5102609362"", ""orcid"": null, ""author_position"": ""middle"", ""is_corresponding"": false}, {""display_name"": ""Zhi‐Ping Yan"", ""id"": ""https://openalex.org/A5074960380"", ""orcid"": ""https://orcid.org/0000-0001-5310-9366"", ""author_position"": ""middle"", ""is_corresponding"": false}, {""display_name"": ""Jiajun Hu"", ""id"": ""https://openalex.org/A5101800914"", ""orcid"": ""https://orcid.org/0009-0005-9447-602X"", ""author_position"": ""middle"", ""is_corresponding"": false}, {""display_name"": ""Yu Wang"", ""id"": ""https://openalex.org/A5100445235"", ""orcid"": ""https://orcid.org/0000-0002-5561-4435"", ""author_position"": ""middle"", ""is_corresponding"": false}, {""display_name"": ""Yuan Li"", ""id"": ""https://openalex.org/A5100677003"", ""orcid"": ""https://orcid.org/0000-0002-9785-3856"", ""author_position"": ""middle"", ""is_corresponding"": false}, {""display_name"": ""Shi‐Quan Song"", ""id"": ""https://openalex.org/A5053332195"", ""orcid"": null, ""author_position"": ""middle"", ""is_corresponding"": false}, {""display_name"": ""Jing‐Lin Zuo"", ""id"": ""https://openalex.org/A5057154243"", ""orcid"": ""https://orcid.org/0000-0003-1219-8926"", ""author_position"": ""middle"", ""is_corresponding"": false}, {""display_name"": ""You‐Xuan Zheng"", ""id"": ""https://openalex.org/A5089613888"", ""orcid"": ""https://orcid.org/0000-0002-1795-2492"", ""author_position"": ""last"", ""is_corresponding"": true}]"
10.1002/adfm.202506189,Wiley,https://onlinelibrary.wiley.com/doi/pdfdirect/10.1002/adfm.202506189,True,It Matters Where the Heavy Atom Is Placed: Optimizing the Spin–Orbital Coupling in Multiresonant TADF (MR‐TADF) Emitters and Its Impact on OLED Performance,15,2025,2025-04-21,https://openalex.org/W4409649331,OLED,,2025,,56,openalex_title_and_abstract_cited_by_count_desc,none,0.0,False,False,False,journal,https://openalex.org/W4409649331,https://openalex.org/W4409649331,10.1002/adfm.202506189,Advanced Functional Materials,https://openalex.org/S135204980,journal,1616-301X,"[""1616-301X"", ""1616-3028""]",article,0.98683196,8,Dongyang Chen,Dongyang Chen; Hui Wang; Feng Huang; David B. Cordes; Aidan P. McKay; Kai Wang; Xiaohong Zhang; Eli Zysman‐Colman,"[{""display_name"": ""Dongyang Chen"", ""id"": ""https://openalex.org/A5100671369"", ""orcid"": ""https://orcid.org/0009-0005-1871-1059"", ""author_position"": ""first"", ""is_corresponding"": true}, {""display_name"": ""Hui Wang"", ""id"": ""https://openalex.org/A5115602022"", ""orcid"": ""https://orcid.org/0000-0001-8478-9990"", ""author_position"": ""middle"", ""is_corresponding"": false}, {""display_name"": ""Feng Huang"", ""id"": ""https://openalex.org/A5047356932"", ""orcid"": ""https://orcid.org/0000-0002-8470-4093"", ""author_position"": ""middle"", ""is_corresponding"": false}, {""display_name"": ""David B. Cordes"", ""id"": ""https://openalex.org/A5027145763"", ""orcid"": ""https://orcid.org/0000-0002-5366-9168"", ""author_position"": ""middle"", ""is_corresponding"": false}, {""display_name"": ""Aidan P. McKay"", ""id"": ""https://openalex.org/A5030357365"", ""orcid"": ""https://orcid.org/0000-0002-8578-7054"", ""author_position"": ""middle"", ""is_corresponding"": false}, {""display_name"": ""Kai Wang"", ""id"": ""https://openalex.org/A5029999584"", ""orcid"": ""https://orcid.org/0000-0002-9860-2282"", ""author_position"": ""middle"", ""is_corresponding"": true}, {""display_name"": ""Xiaohong Zhang"", ""id"": ""https://openalex.org/A5100330119"", ""orcid"": ""https://orcid.org/0000-0002-6732-2499"", ""author_position"": ""middle"", ""is_corresponding"": true}, {""display_name"": ""Eli Zysman‐Colman"", ""id"": ""https://openalex.org/A5038185979"", ""orcid"": ""https://orcid.org/0000-0001-7183-6022"", ""author_position"": ""last"", ""is_corresponding"": true}]"
10.1002/anie.202421664,Wiley,https://onlinelibrary.wiley.com/doi/pdfdirect/10.1002/anie.202421664,True,"Iridium(III) Blue Phosphors with Heteroleptic Carbene Cyclometalates: Isomerization, Emission Tuning, and OLED Fabrications",15,2025,2025-01-21,https://openalex.org/W4406646609,OLED,,2025,,57,openalex_title_and_abstract_cited_by_count_desc,none,0.0,False,False,False,journal,https://openalex.org/W4406646609,https://openalex.org/W4406646609,10.1002/anie.202421664,Angewandte Chemie International Edition,https://openalex.org/S67393510,journal,1433-7851,"[""1433-7851"", ""1521-3773""]",article,0.9928723,10,Yixin Wu,Yixin Wu; Manli Huang; Lin Cheng; Junyao Zhang; Yi Pan; Shek‐Man Yiu; Kai‐Chung Lau; Jie Yan; Chuluo Yang; Yün Chi,"[{""display_name"": ""Yixin Wu"", ""id"": ""https://openalex.org/A5025153673"", ""orcid"": ""https://orcid.org/0009-0002-7592-7022"", ""author_position"": ""first"", ""is_corresponding"": false}, {""display_name"": ""Manli Huang"", ""id"": ""https://openalex.org/A5023110076"", ""orcid"": null, ""author_position"": ""middle"", ""is_corresponding"": false}, {""display_name"": ""Lin Cheng"", ""id"": ""https://openalex.org/A5101908925"", ""orcid"": null, ""author_position"": ""middle"", ""is_corresponding"": false}, {""display_name"": ""Junyao Zhang"", ""id"": ""https://openalex.org/A5022103453"", ""orcid"": null, ""author_position"": ""middle"", ""is_corresponding"": false}, {""display_name"": ""Yi Pan"", ""id"": ""https://openalex.org/A5100620909"", ""orcid"": ""https://orcid.org/0000-0002-1873-2731"", ""author_position"": ""middle"", ""is_corresponding"": false}, {""display_name"": ""Shek‐Man Yiu"", ""id"": ""https://openalex.org/A5070948725"", ""orcid"": ""https://orcid.org/0000-0002-2011-7391"", ""author_position"": ""middle"", ""is_corresponding"": false}, {""display_name"": ""Kai‐Chung Lau"", ""id"": ""https://openalex.org/A5006670588"", ""orcid"": ""https://orcid.org/0000-0003-2125-6841"", ""author_position"": ""middle"", ""is_corresponding"": false}, {""display_name"": ""Jie Yan"", ""id"": ""https://openalex.org/A5030869260"", ""orcid"": ""https://orcid.org/0000-0002-8305-5749"", ""author_position"": ""middle"", ""is_corresponding"": false}, {""display_name"": ""Chuluo Yang"", ""id"": ""https://openalex.org/A5089900071"", ""orcid"": ""https://orcid.org/0000-0001-9337-3460"", ""author_position"": ""middle"", ""is_corresponding"": false}, {""display_name"": ""Yün Chi"", ""id"": ""https://openalex.org/A5075969864"", ""orcid"": null, ""author_position"": ""last"", ""is_corresponding"": true}]"
10.1002/anie.202500110,Wiley,,False,Polycyclic Aromatic Hydrocarbons with a Boron‐Doped Zigzag/Armchair Topology: A Boron‐Edging Strategy for Organic Narrowband Emitters,15,2025,2025-02-12,https://openalex.org/W4407399472,OLED,,2025,,58,openalex_title_and_abstract_cited_by_count_desc,none,0.0,False,False,False,journal,https://openalex.org/W4407399472,https://openalex.org/W4407399472,10.1002/anie.202500110,Angewandte Chemie International Edition,https://openalex.org/S67393510,journal,1433-7851,"[""1433-7851"", ""1521-3773""]",article,0.99282519,9,Xinyu Tian,Xinyu Tian; Zengming Fan; Zeyi Li; Shitong Zhang; Zhiqiang Li; Xuming Zhuang; Yue Wang; Chuandong Dou; Chuandong Dou,"[{""display_name"": ""Xinyu Tian"", ""id"": ""https://openalex.org/A5084986048"", ""orcid"": ""https://orcid.org/0009-0009-1522-5951"", ""author_position"": ""first"", ""is_corresponding"": false}, {""display_name"": ""Zengming Fan"", ""id"": ""https://openalex.org/A5002015201"", ""orcid"": null, ""author_position"": ""middle"", ""is_corresponding"": false}, {""display_name"": ""Zeyi Li"", ""id"": ""https://openalex.org/A5107791450"", ""orcid"": ""https://orcid.org/0000-0002-2823-7320"", ""author_position"": ""middle"", ""is_corresponding"": false}, {""display_name"": ""Shitong Zhang"", ""id"": ""https://openalex.org/A5059528020"", ""orcid"": ""https://orcid.org/0000-0003-0177-2929"", ""author_position"": ""middle"", ""is_corresponding"": false}, {""display_name"": ""Zhiqiang Li"", ""id"": ""https://openalex.org/A5059259334"", ""orcid"": ""https://orcid.org/0000-0003-4827-5516"", ""author_position"": ""middle"", ""is_corresponding"": false}, {""display_name"": ""Xuming Zhuang"", ""id"": ""https://openalex.org/A5083608451"", ""orcid"": ""https://orcid.org/0000-0002-8466-5071"", ""author_position"": ""middle"", ""is_corresponding"": true}, {""display_name"": ""Yue Wang"", ""id"": ""https://openalex.org/A5100371961"", ""orcid"": null, ""author_position"": ""middle"", ""is_corresponding"": false}, {""display_name"": ""Chuandong Dou"", ""id"": ""https://openalex.org/A5076389440"", ""orcid"": ""https://orcid.org/0000-0003-4011-1250"", ""author_position"": ""middle"", ""is_corresponding"": false}, {""display_name"": ""Chuandong Dou"", ""id"": null, ""orcid"": ""https://orcid.org/0000-0003-4011-1250"", ""author_position"": ""last"", ""is_corresponding"": true}]"
10.1039/d4tc05238b,Royal Society of Chemistry,,True,Deep-red to NIR solution-processed OLEDs of donor-decorated quinoxaline-based TADF aggregates,15,2025,2025-01-01,https://openalex.org/W4406732887,OLED,,2025,,59,openalex_title_and_abstract_cited_by_count_desc,none,0.0,False,False,False,journal,https://openalex.org/W4406732887,https://openalex.org/W4406732887,10.1039/d4tc05238b,Journal of Materials Chemistry C,https://openalex.org/S2500738039,journal,2050-7526,"[""2050-7526"", ""2050-7534""]",article,0.9858091,7,Abhishek Kumar Gupta,Abhishek Kumar Gupta; David B. Cordes; Alexandra M. Z. Slawin; Stuart L. Warriner; Ifor D. W. Samuel; Eli Zysman‐Colman; Eli Zysman-Colman,"[{""display_name"": ""Abhishek Kumar Gupta"", ""id"": ""https://openalex.org/A5026725255"", ""orcid"": ""https://orcid.org/0000-0002-0203-6256"", ""author_position"": ""first"", ""is_corresponding"": true}, {""display_name"": ""David B. Cordes"", ""id"": ""https://openalex.org/A5027145763"", ""orcid"": ""https://orcid.org/0000-0002-5366-9168"", ""author_position"": ""middle"", ""is_corresponding"": false}, {""display_name"": ""Alexandra M. Z. Slawin"", ""id"": ""https://openalex.org/A5049970193"", ""orcid"": ""https://orcid.org/0000-0002-9527-6418"", ""author_position"": ""middle"", ""is_corresponding"": false}, {""display_name"": ""Stuart L. Warriner"", ""id"": ""https://openalex.org/A5057466026"", ""orcid"": ""https://orcid.org/0000-0002-7589-6011"", ""author_position"": ""middle"", ""is_corresponding"": false}, {""display_name"": ""Ifor D. W. Samuel"", ""id"": ""https://openalex.org/A5072773499"", ""orcid"": ""https://orcid.org/0000-0001-7821-7208"", ""author_position"": ""middle"", ""is_corresponding"": false}, {""display_name"": ""Eli Zysman‐Colman"", ""id"": ""https://openalex.org/A5038185979"", ""orcid"": ""https://orcid.org/0000-0001-7183-6022"", ""author_position"": ""middle"", ""is_corresponding"": true}, {""display_name"": ""Eli Zysman-Colman"", ""id"": null, ""orcid"": ""https://orcid.org/0000-0001-7183-6022"", ""author_position"": ""last"", ""is_corresponding"": true}]"
10.1002/anie.202424694,Wiley,https://onlinelibrary.wiley.com/doi/pdfdirect/10.1002/anie.202424694,True,Iridium(III) Carbene Complexes Featuring Either Metal‐to‐Ligand Charge Transfer (MLCT) or Through‐Space Charge Transfer (TSCT) Blue Luminescence,14,2025,2025-03-11,https://openalex.org/W4408317762,OLED,,2025,,60,openalex_title_and_abstract_cited_by_count_desc,none,0.0,False,False,False,journal,https://openalex.org/W4408317762,https://openalex.org/W4408317762,10.1002/anie.202424694,Angewandte Chemie International Edition,https://openalex.org/S67393510,journal,1433-7851,"[""1433-7851"", ""1521-3773""]",article,0.98575844,13,Jie Yan,Jie Yan; Yixin Wu; Manli Huang; Lin Cheng; Yi Pan; Chi-Chi Wu; Chia-Hsun Yeh; Jian-Liang Li; Yan‐Ding Lin; Yün Chi; Chuluo Yang; Pi‐Tai Chou; Kai‐Chung Lau,"[{""display_name"": ""Jie Yan"", ""id"": ""https://openalex.org/A5030869260"", ""orcid"": ""https://orcid.org/0000-0002-8305-5749"", ""author_position"": ""first"", ""is_corresponding"": false}, {""display_name"": ""Yixin Wu"", ""id"": ""https://openalex.org/A5025153673"", ""orcid"": ""https://orcid.org/0009-0002-7592-7022"", ""author_position"": ""middle"", ""is_corresponding"": false}, {""display_name"": ""Manli Huang"", ""id"": ""https://openalex.org/A5023110076"", ""orcid"": null, ""author_position"": ""middle"", ""is_corresponding"": false}, {""display_name"": ""Lin Cheng"", ""id"": ""https://openalex.org/A5101908925"", ""orcid"": ""https://orcid.org/0000-0001-8901-0712"", ""author_position"": ""middle"", ""is_corresponding"": false}, {""display_name"": ""Yi Pan"", ""id"": ""https://openalex.org/A5100620909"", ""orcid"": ""https://orcid.org/0000-0002-1873-2731"", ""author_position"": ""middle"", ""is_corresponding"": false}, {""display_name"": ""Chi-Chi Wu"", ""id"": ""https://openalex.org/A5025096139"", ""orcid"": null, ""author_position"": ""middle"", ""is_corresponding"": false}, {""display_name"": ""Chia-Hsun Yeh"", ""id"": ""https://openalex.org/A5111947868"", ""orcid"": null, ""author_position"": ""middle"", ""is_corresponding"": false}, {""display_name"": ""Jian-Liang Li"", ""id"": ""https://openalex.org/A5107949574"", ""orcid"": null, ""author_position"": ""middle"", ""is_corresponding"": false}, {""display_name"": ""Yan‐Ding Lin"", ""id"": ""https://openalex.org/A5071164419"", ""orcid"": null, ""author_position"": ""middle"", ""is_corresponding"": false}, {""display_name"": ""Yün Chi"", ""id"": ""https://openalex.org/A5075969864"", ""orcid"": ""https://orcid.org/0000-0002-8441-3974"", ""author_position"": ""middle"", ""is_corresponding"": true}, {""display_name"": ""Chuluo Yang"", ""id"": ""https://openalex.org/A5089900071"", ""orcid"": ""https://orcid.org/0000-0001-9337-3460"", ""author_position"": ""middle"", ""is_corresponding"": false}, {""display_name"": ""Pi‐Tai Chou"", ""id"": ""https://openalex.org/A5032004836"", ""orcid"": ""https://orcid.org/0000-0002-8925-7747"", ""author_position"": ""middle"", ""is_corresponding"": false}, {""display_name"": ""Kai‐Chung Lau"", ""id"": ""https://openalex.org/A5006670588"", ""orcid"": ""https://orcid.org/0000-0003-2125-6841"", ""author_position"": ""last"", ""is_corresponding"": false}]"
10.1002/anie.202502380,Wiley,,False,Synthesis of Selenium‐Doped Heteroacenes: Unveiling the External Heavy‐Atom Effect in Host Materials,14,2025,2025-02-20,https://openalex.org/W4407773940,OLED,,2025,,61,openalex_title_and_abstract_cited_by_count_desc,none,0.0,False,False,False,journal,https://openalex.org/W4407773940,https://openalex.org/W4407773940,10.1002/anie.202502380,Angewandte Chemie International Edition,https://openalex.org/S67393510,journal,1433-7851,"[""1433-7851"", ""1521-3773""]",article,0.99151236,9,Fei Wang,Fei Wang; Jin-Ting Ye; Junjie Liu; Xiankai Chen; Yudong Yang; Zhengyang Bin; Jingsong You; Zhengyang Bin; Jingsong You,"[{""display_name"": ""Fei Wang"", ""id"": ""https://openalex.org/A5100455754"", ""orcid"": ""https://orcid.org/0000-0001-8735-8811"", ""author_position"": ""first"", ""is_corresponding"": false}, {""display_name"": ""Jin-Ting Ye"", ""id"": ""https://openalex.org/A5002982246"", ""orcid"": null, ""author_position"": ""middle"", ""is_corresponding"": false}, {""display_name"": ""Junjie Liu"", ""id"": ""https://openalex.org/A5100396435"", ""orcid"": ""https://orcid.org/0000-0002-8982-107X"", ""author_position"": ""middle"", ""is_corresponding"": false}, {""display_name"": ""Xiankai Chen"", ""id"": ""https://openalex.org/A5028466294"", ""orcid"": ""https://orcid.org/0000-0002-8580-7246"", ""author_position"": ""middle"", ""is_corresponding"": true}, {""display_name"": ""Yudong Yang"", ""id"": ""https://openalex.org/A5016114527"", ""orcid"": ""https://orcid.org/0000-0002-7142-2249"", ""author_position"": ""middle"", ""is_corresponding"": false}, {""display_name"": ""Zhengyang Bin"", ""id"": ""https://openalex.org/A5077813650"", ""orcid"": ""https://orcid.org/0000-0001-6216-7234"", ""author_position"": ""middle"", ""is_corresponding"": false}, {""display_name"": ""Jingsong You"", ""id"": ""https://openalex.org/A5013525906"", ""orcid"": ""https://orcid.org/0000-0002-0493-2388"", ""author_position"": ""middle"", ""is_corresponding"": true}, {""display_name"": ""Zhengyang Bin"", ""id"": null, ""orcid"": null, ""author_position"": ""middle"", ""is_corresponding"": false}, {""display_name"": ""Jingsong You"", ""id"": null, ""orcid"": ""https://orcid.org/0000-0002-0493-2388"", ""author_position"": ""last"", ""is_corresponding"": true}]"
10.1002/anie.202507626,Wiley,https://onlinelibrary.wiley.com/doi/pdfdirect/10.1002/anie.202507626,True,Narrow‐Band Dibenzoselenophene‐Based Emitter with Rapid Triplet Conversion for Versatile OLED Applications with Superior Roll‐Off Suppression,14,2025,2025-05-09,https://openalex.org/W4410233010,OLED,,2025,,62,openalex_title_and_abstract_cited_by_count_desc,none,0.0,False,False,False,journal,https://openalex.org/W4410233010,https://openalex.org/W4410233010,10.1002/anie.202507626,Angewandte Chemie International Edition,https://openalex.org/S67393510,journal,1433-7851,"[""1433-7851"", ""1521-3773""]",article,0.98531331,7,Zijian Chen,Zijian Chen; Zhizhi Li; Yingrui Tian; Denghui Liu; Zhihai Yang; Mengke Li; Shi‐Jian Su,"[{""display_name"": ""Zijian Chen"", ""id"": ""https://openalex.org/A5100603243"", ""orcid"": ""https://orcid.org/0000-0002-8297-3898"", ""author_position"": ""first"", ""is_corresponding"": false}, {""display_name"": ""Zhizhi Li"", ""id"": ""https://openalex.org/A5004907747"", ""orcid"": ""https://orcid.org/0000-0002-7019-5558"", ""author_position"": ""middle"", ""is_corresponding"": false}, {""display_name"": ""Yingrui Tian"", ""id"": ""https://openalex.org/A5075672748"", ""orcid"": null, ""author_position"": ""middle"", ""is_corresponding"": false}, {""display_name"": ""Denghui Liu"", ""id"": ""https://openalex.org/A5101611381"", ""orcid"": ""https://orcid.org/0000-0001-5376-1979"", ""author_position"": ""middle"", ""is_corresponding"": false}, {""display_name"": ""Zhihai Yang"", ""id"": ""https://openalex.org/A5012888258"", ""orcid"": null, ""author_position"": ""middle"", ""is_corresponding"": false}, {""display_name"": ""Mengke Li"", ""id"": ""https://openalex.org/A5100730940"", ""orcid"": ""https://orcid.org/0000-0002-8765-6357"", ""author_position"": ""middle"", ""is_corresponding"": false}, {""display_name"": ""Shi‐Jian Su"", ""id"": ""https://openalex.org/A5048997362"", ""orcid"": ""https://orcid.org/0000-0002-6545-9002"", ""author_position"": ""last"", ""is_corresponding"": true}]"
10.1007/s42765-025-00532-x,Springer Science+Business Media,,False,Stretchable Fabric Organic Light-Emitting Diodes Based on Transferable Laser Pattern for Wearable Photodiagnostic Applications,14,2025,2025-03-28,https://openalex.org/W4408982315,OLED,,2025,,63,openalex_title_and_abstract_cited_by_count_desc,none,0.0,False,False,False,journal,https://openalex.org/W4408982315,https://openalex.org/W4408982315,10.1007/s42765-025-00532-x,Advanced Fiber Materials,https://openalex.org/S4210182575,journal,2524-7921,"[""2524-7921"", ""2524-793X""]",article,0.98509734,7,Ye Ji Shin,Ye Ji Shin; Jeong Hyun Kwon; Tae‐Yun Lee; Jung-Hoon Noh; Sang Jik Kwon; Eou‐Sik Cho; Yongmin Jeon,"[{""display_name"": ""Ye Ji Shin"", ""id"": ""https://openalex.org/A5102979945"", ""orcid"": ""https://orcid.org/0009-0000-8478-5690"", ""author_position"": ""first"", ""is_corresponding"": true}, {""display_name"": ""Jeong Hyun Kwon"", ""id"": ""https://openalex.org/A5103003895"", ""orcid"": ""https://orcid.org/0000-0002-1336-6242"", ""author_position"": ""middle"", ""is_corresponding"": false}, {""display_name"": ""Tae‐Yun Lee"", ""id"": ""https://openalex.org/A5068114205"", ""orcid"": ""https://orcid.org/0000-0002-5834-4223"", ""author_position"": ""middle"", ""is_corresponding"": false}, {""display_name"": ""Jung-Hoon Noh"", ""id"": ""https://openalex.org/A5031087865"", ""orcid"": null, ""author_position"": ""middle"", ""is_corresponding"": false}, {""display_name"": ""Sang Jik Kwon"", ""id"": ""https://openalex.org/A5106121084"", ""orcid"": null, ""author_position"": ""middle"", ""is_corresponding"": false}, {""display_name"": ""Eou‐Sik Cho"", ""id"": ""https://openalex.org/A5089782655"", ""orcid"": ""https://orcid.org/0000-0002-8145-3516"", ""author_position"": ""middle"", ""is_corresponding"": false}, {""display_name"": ""Yongmin Jeon"", ""id"": ""https://openalex.org/A5085436973"", ""orcid"": ""https://orcid.org/0000-0002-5607-3642"", ""author_position"": ""last"", ""is_corresponding"": false}]"
10.1016/j.measurement.2025.117937,Elsevier BV,,False,Lightweight bilateral network of Mura detection on micro-OLED displays,14,2025,2025-05-22,https://openalex.org/W4410616577,OLED,,2025,,64,openalex_title_and_abstract_cited_by_count_desc,none,0.0,False,False,False,journal,https://openalex.org/W4410616577,https://openalex.org/W4410616577,10.1016/j.measurement.2025.117937,Measurement,https://openalex.org/S147767848,journal,0263-2241,"[""0263-2241"", ""1873-412X""]",article,0.99307687,5,Guobao Zhao,Guobao Zhao; Yuhang Lin; Yijun Lu; Zhong Chen; Weijie Guo,"[{""display_name"": ""Guobao Zhao"", ""id"": ""https://openalex.org/A5109790752"", ""orcid"": ""https://orcid.org/0000-0003-1985-8798"", ""author_position"": ""first"", ""is_corresponding"": false}, {""display_name"": ""Yuhang Lin"", ""id"": ""https://openalex.org/A5102809653"", ""orcid"": ""https://orcid.org/0009-0007-7242-2543"", ""author_position"": ""middle"", ""is_corresponding"": false}, {""display_name"": ""Yijun Lu"", ""id"": ""https://openalex.org/A5107338445"", ""orcid"": ""https://orcid.org/0000-0003-1985-0796"", ""author_position"": ""middle"", ""is_corresponding"": false}, {""display_name"": ""Zhong Chen"", ""id"": ""https://openalex.org/A5100430399"", ""orcid"": ""https://orcid.org/0000-0001-7518-1414"", ""author_position"": ""middle"", ""is_corresponding"": false}, {""display_name"": ""Weijie Guo"", ""id"": ""https://openalex.org/A5069258336"", ""orcid"": ""https://orcid.org/0000-0001-9635-3342"", ""author_position"": ""last"", ""is_corresponding"": true}]"
10.1038/s41377-024-01713-w,Springer Nature,https://www.nature.com/articles/s41377-024-01713-w.pdf,True,Frontier molecular orbital weighted model based networks for revealing organic delayed fluorescence efficiency,14,2025,2025-02-09,https://openalex.org/W4407287656,OLED,,2025,,65,openalex_title_and_abstract_cited_by_count_desc,none,0.0,False,False,False,journal,https://openalex.org/W4407287656,https://openalex.org/W4407287656,10.1038/s41377-024-01713-w,Light Science & Applications,https://openalex.org/S2498964232,journal,2047-7538,"[""2047-7538"", ""2095-5545""]",article,0.98450819,6,zhaoming he,zhaoming he; Hai Bi; Baoyan Liang; Zhiqiang Li; Zhang He-Ming; Yue Wang,"[{""display_name"": ""zhaoming he"", ""id"": ""https://openalex.org/A5113298893"", ""orcid"": null, ""author_position"": ""first"", ""is_corresponding"": false}, {""display_name"": ""Hai Bi"", ""id"": ""https://openalex.org/A5083479306"", ""orcid"": ""https://orcid.org/0000-0002-2017-3668"", ""author_position"": ""middle"", ""is_corresponding"": false}, {""display_name"": ""Baoyan Liang"", ""id"": ""https://openalex.org/A5075659051"", ""orcid"": ""https://orcid.org/0000-0003-1256-9440"", ""author_position"": ""middle"", ""is_corresponding"": false}, {""display_name"": ""Zhiqiang Li"", ""id"": ""https://openalex.org/A5092149090"", ""orcid"": null, ""author_position"": ""middle"", ""is_corresponding"": false}, {""display_name"": ""Zhang He-Ming"", ""id"": ""https://openalex.org/A5101713009"", ""orcid"": ""https://orcid.org/0000-0002-0254-8550"", ""author_position"": ""middle"", ""is_corresponding"": false}, {""display_name"": ""Yue Wang"", ""id"": ""https://openalex.org/A5100371961"", ""orcid"": null, ""author_position"": ""last"", ""is_corresponding"": true}]"
10.1038/s41467-025-56987-4,Nature Portfolio,https://www.nature.com/articles/s41467-025-56987-4.pdf,True,Modulation of delayed fluorescence pathways via rational molecular engineering,14,2025,2025-03-26,https://openalex.org/W4408855873,OLED,,2025,,66,openalex_title_and_abstract_cited_by_count_desc,none,0.0,False,False,False,journal,https://openalex.org/W4408855873,https://openalex.org/W4408855873,10.1038/s41467-025-56987-4,Nature Communications,https://openalex.org/S64187185,journal,2041-1723,"[""2041-1723""]",article,0.98500805,8,Sanchari Debnath,Sanchari Debnath; Pria Ramkissoon; Ulrike Salzner; Christopher R. Hall; Naitik A. Panjwani; Woojae Kim; Trevor A. Smith; Satish Patil,"[{""display_name"": ""Sanchari Debnath"", ""id"": ""https://openalex.org/A5052927454"", ""orcid"": ""https://orcid.org/0009-0003-4135-1413"", ""author_position"": ""first"", ""is_corresponding"": true}, {""display_name"": ""Pria Ramkissoon"", ""id"": ""https://openalex.org/A5047650191"", ""orcid"": ""https://orcid.org/0000-0002-5001-8917"", ""author_position"": ""middle"", ""is_corresponding"": false}, {""display_name"": ""Ulrike Salzner"", ""id"": ""https://openalex.org/A5061475418"", ""orcid"": ""https://orcid.org/0000-0002-2460-8470"", ""author_position"": ""middle"", ""is_corresponding"": false}, {""display_name"": ""Christopher R. Hall"", ""id"": ""https://openalex.org/A5062568510"", ""orcid"": ""https://orcid.org/0000-0003-1267-1277"", ""author_position"": ""middle"", ""is_corresponding"": false}, {""display_name"": ""Naitik A. Panjwani"", ""id"": ""https://openalex.org/A5018098539"", ""orcid"": ""https://orcid.org/0000-0002-2913-5377"", ""author_position"": ""middle"", ""is_corresponding"": false}, {""display_name"": ""Woojae Kim"", ""id"": ""https://openalex.org/A5032446162"", ""orcid"": ""https://orcid.org/0000-0001-8638-8744"", ""author_position"": ""middle"", ""is_corresponding"": false}, {""display_name"": ""Trevor A. Smith"", ""id"": ""https://openalex.org/A5041561983"", ""orcid"": ""https://orcid.org/0000-0003-4453-9713"", ""author_position"": ""middle"", ""is_corresponding"": false}, {""display_name"": ""Satish Patil"", ""id"": ""https://openalex.org/A5079956667"", ""orcid"": ""https://orcid.org/0000-0003-3884-114X"", ""author_position"": ""last"", ""is_corresponding"": false}]"
10.1002/adom.202403556,Wiley,https://onlinelibrary.wiley.com/doi/pdfdirect/10.1002/adom.202403556,True,Recent Progress in Molecular Design of Boron/Nitrogen‐Based Multi‐Resonance Materials for Narrowband Organic Light‐Emitting Diodes,13,2025,2025-04-11,https://openalex.org/W4409363590,OLED,,2025,,67,openalex_title_and_abstract_cited_by_count_desc,none,0.0,False,False,False,journal,https://openalex.org/W4409363590,https://openalex.org/W4409363590,10.1002/adom.202403556,Advanced Optical Materials,https://openalex.org/S108229257,journal,2195-1071,"[""2195-1071""]",article,0.98450311,4,Yufang Li,Yufang Li; Xiaolan Tan; Bo Cai; Chin‐Yiu Chan,"[{""display_name"": ""Yufang Li"", ""id"": ""https://openalex.org/A5101743373"", ""orcid"": ""https://orcid.org/0000-0001-9179-2362"", ""author_position"": ""first"", ""is_corresponding"": false}, {""display_name"": ""Xiaolan Tan"", ""id"": ""https://openalex.org/A5101414081"", ""orcid"": ""https://orcid.org/0009-0009-7890-6260"", ""author_position"": ""middle"", ""is_corresponding"": false}, {""display_name"": ""Bo Cai"", ""id"": ""https://openalex.org/A5088255617"", ""orcid"": ""https://orcid.org/0000-0002-6605-5931"", ""author_position"": ""middle"", ""is_corresponding"": false}, {""display_name"": ""Chin‐Yiu Chan"", ""id"": ""https://openalex.org/A5078276256"", ""orcid"": ""https://orcid.org/0000-0001-7721-9244"", ""author_position"": ""last"", ""is_corresponding"": true}]"
10.1002/anie.202501895,Wiley,https://onlinelibrary.wiley.com/doi/pdfdirect/10.1002/anie.202501895,True,Pure Hydrocarbon Hosts Enabling Efficient Multi‐Resonance TADF Blue‐Emitting Organic Light‐Emitting Diodes,13,2025,2025-03-11,https://openalex.org/W4407987356,OLED,,2025,,68,openalex_title_and_abstract_cited_by_count_desc,none,0.0,False,False,False,journal,https://openalex.org/W4407987356,https://openalex.org/W4407987356,10.1002/anie.202501895,Angewandte Chemie International Edition,https://openalex.org/S67393510,journal,1433-7851,"[""1433-7851"", ""1521-3773""]",article,0.97628955,11,Yue‐Jian Yang,Yue‐Jian Yang; Denis Ari; Zhe-Hong Yu; Kelvine Lettelier; Olivier Jeannin; Qi Zheng; Aziz Khan; Cassandre Quinton; Dong‐Ying Zhou; Jiang Zuo-quan; Cyril Poriel,"[{""display_name"": ""Yue‐Jian Yang"", ""id"": ""https://openalex.org/A5101354926"", ""orcid"": null, ""author_position"": ""first"", ""is_corresponding"": false}, {""display_name"": ""Denis Ari"", ""id"": ""https://openalex.org/A5092276308"", ""orcid"": null, ""author_position"": ""middle"", ""is_corresponding"": false}, {""display_name"": ""Zhe-Hong Yu"", ""id"": ""https://openalex.org/A5103829702"", ""orcid"": null, ""author_position"": ""middle"", ""is_corresponding"": false}, {""display_name"": ""Kelvine Lettelier"", ""id"": ""https://openalex.org/A5116435804"", ""orcid"": null, ""author_position"": ""middle"", ""is_corresponding"": false}, {""display_name"": ""Olivier Jeannin"", ""id"": ""https://openalex.org/A5029950669"", ""orcid"": ""https://orcid.org/0000-0002-1411-5656"", ""author_position"": ""middle"", ""is_corresponding"": false}, {""display_name"": ""Qi Zheng"", ""id"": ""https://openalex.org/A5102935458"", ""orcid"": ""https://orcid.org/0000-0003-4886-7589"", ""author_position"": ""middle"", ""is_corresponding"": false}, {""display_name"": ""Aziz Khan"", ""id"": ""https://openalex.org/A5050509301"", ""orcid"": null, ""author_position"": ""middle"", ""is_corresponding"": false}, {""display_name"": ""Cassandre Quinton"", ""id"": ""https://openalex.org/A5025702322"", ""orcid"": ""https://orcid.org/0000-0003-4161-2081"", ""author_position"": ""middle"", ""is_corresponding"": false}, {""display_name"": ""Dong‐Ying Zhou"", ""id"": ""https://openalex.org/A5046561570"", ""orcid"": null, ""author_position"": ""middle"", ""is_corresponding"": true}, {""display_name"": ""Jiang Zuo-quan"", ""id"": ""https://openalex.org/A5056559083"", ""orcid"": null, ""author_position"": ""middle"", ""is_corresponding"": true}, {""display_name"": ""Cyril Poriel"", ""id"": ""https://openalex.org/A5083729164"", ""orcid"": ""https://orcid.org/0000-0002-6036-1778"", ""author_position"": ""last"", ""is_corresponding"": true}]"
10.1002/anie.202504723,Wiley,https://onlinelibrary.wiley.com/doi/pdfdirect/10.1002/anie.202504723,True,Spiro Units Embedded in the B/N Center for Constructing Highly Efficient Multiple Resonance TADF Emitters,13,2025,2025-03-21,https://openalex.org/W4408700562,OLED,,2025,,69,openalex_title_and_abstract_cited_by_count_desc,none,0.0,False,False,False,journal,https://openalex.org/W4408700562,https://openalex.org/W4408700562,10.1002/anie.202504723,Angewandte Chemie International Edition,https://openalex.org/S67393510,journal,1433-7851,"[""1433-7851"", ""1521-3773""]",article,0.98402574,16,Lin Wu,Lin Wu; Chunyu Liu; Denghui Liu; Deli Li; Wei Li; Jiasen Zhang; Xilin Mu; Ziru Xin; Bohong Liu; Hengxuan Qi; Zhiheng Wang; Di Liu; Shi‐Jian Su; Yubo Zhou; Ziyi Ge; Siyao Wu,"[{""display_name"": ""Lin Wu"", ""id"": ""https://openalex.org/A5048768379"", ""orcid"": ""https://orcid.org/0000-0003-1472-8759"", ""author_position"": ""first"", ""is_corresponding"": false}, {""display_name"": ""Chunyu Liu"", ""id"": ""https://openalex.org/A5100343306"", ""orcid"": ""https://orcid.org/0000-0002-5986-4415"", ""author_position"": ""middle"", ""is_corresponding"": false}, {""display_name"": ""Denghui Liu"", ""id"": ""https://openalex.org/A5113152414"", ""orcid"": null, ""author_position"": ""middle"", ""is_corresponding"": false}, {""display_name"": ""Deli Li"", ""id"": ""https://openalex.org/A5103159053"", ""orcid"": ""https://orcid.org/0000-0001-6107-6883"", ""author_position"": ""middle"", ""is_corresponding"": false}, {""display_name"": ""Wei Li"", ""id"": ""https://openalex.org/A5079956770"", ""orcid"": ""https://orcid.org/0000-0002-5277-6850"", ""author_position"": ""middle"", ""is_corresponding"": false}, {""display_name"": ""Jiasen Zhang"", ""id"": ""https://openalex.org/A5082957950"", ""orcid"": ""https://orcid.org/0000-0002-0751-6697"", ""author_position"": ""middle"", ""is_corresponding"": false}, {""display_name"": ""Xilin Mu"", ""id"": ""https://openalex.org/A5114205627"", ""orcid"": null, ""author_position"": ""middle"", ""is_corresponding"": false}, {""display_name"": ""Ziru Xin"", ""id"": ""https://openalex.org/A5113390509"", ""orcid"": null, ""author_position"": ""middle"", ""is_corresponding"": false}, {""display_name"": ""Bohong Liu"", ""id"": ""https://openalex.org/A5109784894"", ""orcid"": null, ""author_position"": ""middle"", ""is_corresponding"": false}, {""display_name"": ""Hengxuan Qi"", ""id"": ""https://openalex.org/A5108987592"", ""orcid"": null, ""author_position"": ""middle"", ""is_corresponding"": false}, {""display_name"": ""Zhiheng Wang"", ""id"": ""https://openalex.org/A5100655742"", ""orcid"": ""https://orcid.org/0000-0001-7246-3643"", ""author_position"": ""middle"", ""is_corresponding"": false}, {""display_name"": ""Di Liu"", ""id"": ""https://openalex.org/A5100750088"", ""orcid"": ""https://orcid.org/0000-0003-3602-770X"", ""author_position"": ""middle"", ""is_corresponding"": false}, {""display_name"": ""Shi‐Jian Su"", ""id"": ""https://openalex.org/A5048997362"", ""orcid"": ""https://orcid.org/0000-0002-6545-9002"", ""author_position"": ""middle"", ""is_corresponding"": false}, {""display_name"": ""Yubo Zhou"", ""id"": ""https://openalex.org/A5088329513"", ""orcid"": ""https://orcid.org/0009-0000-1461-524X"", ""author_position"": ""middle"", ""is_corresponding"": false}, {""display_name"": ""Ziyi Ge"", ""id"": ""https://openalex.org/A5016131764"", ""orcid"": ""https://orcid.org/0000-0003-3656-6017"", ""author_position"": ""middle"", ""is_corresponding"": false}, {""display_name"": ""Siyao Wu"", ""id"": ""https://openalex.org/A5060844132"", ""orcid"": ""https://orcid.org/0000-0002-1620-9832"", ""author_position"": ""last"", ""is_corresponding"": true}]"
10.1002/anie.202512257,Wiley,,False,Chiral Co‐Assembled Liquid Crystal Polymer Network Enabled by In‐Situ Photopolymerization for High‐Performance CP‐OLEDs,13,2025,2025-07-08,https://openalex.org/W4412110947,OLED,,2025,,70,openalex_title_and_abstract_cited_by_count_desc,none,0.0,False,False,False,journal,https://openalex.org/W4412110947,https://openalex.org/W4412110947,10.1002/anie.202512257,Angewandte Chemie International Edition,https://openalex.org/S67393510,journal,1433-7851,"[""1433-7851"", ""1521-3773""]",article,0.96915584,6,Chunya Fu,Chunya Fu; Dong Li; Chao Liu; Yu Zhang; Jun‐Sheng Zhang; Yixiang Cheng,"[{""display_name"": ""Chunya Fu"", ""id"": ""https://openalex.org/A5073611270"", ""orcid"": null, ""author_position"": ""first"", ""is_corresponding"": false}, {""display_name"": ""Dong Li"", ""id"": ""https://openalex.org/A5113268342"", ""orcid"": null, ""author_position"": ""middle"", ""is_corresponding"": false}, {""display_name"": ""Chao Liu"", ""id"": ""https://openalex.org/A5030798511"", ""orcid"": ""https://orcid.org/0000-0003-2032-657X"", ""author_position"": ""middle"", ""is_corresponding"": false}, {""display_name"": ""Yu Zhang"", ""id"": ""https://openalex.org/A5100433437"", ""orcid"": ""https://orcid.org/0000-0001-8869-9167"", ""author_position"": ""middle"", ""is_corresponding"": true}, {""display_name"": ""Jun‐Sheng Zhang"", ""id"": ""https://openalex.org/A5035403467"", ""orcid"": ""https://orcid.org/0000-0002-8555-3127"", ""author_position"": ""middle"", ""is_corresponding"": true}, {""display_name"": ""Yixiang Cheng"", ""id"": ""https://openalex.org/A5021624524"", ""orcid"": ""https://orcid.org/0000-0001-6992-4437"", ""author_position"": ""last"", ""is_corresponding"": true}]"
10.1002/flm2.70009,FlexMat.,https://onlinelibrary.wiley.com/doi/pdfdirect/10.1002/flm2.70009,True,High‐color‐quality phosphorescent white organic light‐emitting diodes utilizing broad‐spectrum yellow emitters,13,2025,2025-09-03,https://openalex.org/W4414000934,OLED,,2025,,71,openalex_title_and_abstract_cited_by_count_desc,none,0.0,False,False,False,journal,https://openalex.org/W4414000934,https://openalex.org/W4414000934,10.1002/flm2.70009,FlexMat.,https://openalex.org/S4404664198,journal,2836-9092,"[""2836-9092"", ""2836-9106""]",article,0.98388623,9,Xueting Jiao,Xueting Jiao; Yueqi Wang; Rui Zhu; Yuwei Chen; Jiajun Pan; Zhenzhong Lu; Xiao‐Chun Hang; Zhengyi Sun; Wei Huang,"[{""display_name"": ""Xueting Jiao"", ""id"": ""https://openalex.org/A5109720657"", ""orcid"": null, ""author_position"": ""first"", ""is_corresponding"": false}, {""display_name"": ""Yueqi Wang"", ""id"": ""https://openalex.org/A5100735539"", ""orcid"": ""https://orcid.org/0000-0001-8431-3108"", ""author_position"": ""middle"", ""is_corresponding"": false}, {""display_name"": ""Rui Zhu"", ""id"": ""https://openalex.org/A5100617068"", ""orcid"": ""https://orcid.org/0000-0001-7631-3589"", ""author_position"": ""middle"", ""is_corresponding"": false}, {""display_name"": ""Yuwei Chen"", ""id"": ""https://openalex.org/A5100374346"", ""orcid"": ""https://orcid.org/0000-0003-0148-3609"", ""author_position"": ""middle"", ""is_corresponding"": false}, {""display_name"": ""Jiajun Pan"", ""id"": ""https://openalex.org/A5056390841"", ""orcid"": null, ""author_position"": ""middle"", ""is_corresponding"": false}, {""display_name"": ""Zhenzhong Lu"", ""id"": ""https://openalex.org/A5032482547"", ""orcid"": ""https://orcid.org/0000-0002-9991-6259"", ""author_position"": ""middle"", ""is_corresponding"": false}, {""display_name"": ""Xiao‐Chun Hang"", ""id"": ""https://openalex.org/A5084032937"", ""orcid"": ""https://orcid.org/0000-0002-3097-1268"", ""author_position"": ""middle"", ""is_corresponding"": true}, {""display_name"": ""Zhengyi Sun"", ""id"": ""https://openalex.org/A5037299288"", ""orcid"": ""https://orcid.org/0000-0001-6269-4691"", ""author_position"": ""middle"", ""is_corresponding"": true}, {""display_name"": ""Wei Huang"", ""id"": ""https://openalex.org/A5100352881"", ""orcid"": ""https://orcid.org/0000-0001-7004-6408"", ""author_position"": ""last"", ""is_corresponding"": true}]"
10.1016/j.cej.2025.162788,Elsevier BV,,False,Multiple stimuli-responsive dual-emission material with locked diverse conformations for multimodal anti-counterfeiting and single-molecule white electroluminescence,13,2025,2025-04-18,https://openalex.org/W4409577582,OLED,,2025,,72,openalex_title_and_abstract_cited_by_count_desc,none,0.0,False,False,False,journal,https://openalex.org/W4409577582,https://openalex.org/W4409577582,10.1016/j.cej.2025.162788,Chemical Engineering Journal,https://openalex.org/S149937609,journal,1385-8947,"[""1385-8947"", ""1873-3212""]",article,0.97691254,12,BoHua Zhang,BoHua Zhang; Siqi Liu; JiangXue Pei; Zhiqiang Wang; Yi Chen; QingYu Jia; Chi Hao; XiaoLi Lei; Zhaoxin Wu; Zhiyong Yang; Guijiang Zhou; Dongdong Wang,"[{""display_name"": ""BoHua Zhang"", ""id"": ""https://openalex.org/A5006062295"", ""orcid"": null, ""author_position"": ""first"", ""is_corresponding"": false}, {""display_name"": ""Siqi Liu"", ""id"": ""https://openalex.org/A5100390227"", ""orcid"": ""https://orcid.org/0000-0001-9744-3681"", ""author_position"": ""middle"", ""is_corresponding"": false}, {""display_name"": ""JiangXue Pei"", ""id"": ""https://openalex.org/A5113995429"", ""orcid"": null, ""author_position"": ""middle"", ""is_corresponding"": false}, {""display_name"": ""Zhiqiang Wang"", ""id"": ""https://openalex.org/A5100404705"", ""orcid"": ""https://orcid.org/0000-0001-8139-5259"", ""author_position"": ""middle"", ""is_corresponding"": false}, {""display_name"": ""Yi Chen"", ""id"": ""https://openalex.org/A5100419240"", ""orcid"": ""https://orcid.org/0000-0002-2310-1416"", ""author_position"": ""middle"", ""is_corresponding"": false}, {""display_name"": ""QingYu Jia"", ""id"": ""https://openalex.org/A5102590929"", ""orcid"": null, ""author_position"": ""middle"", ""is_corresponding"": false}, {""display_name"": ""Chi Hao"", ""id"": ""https://openalex.org/A5087730262"", ""orcid"": ""https://orcid.org/0000-0002-5778-7348"", ""author_position"": ""middle"", ""is_corresponding"": false}, {""display_name"": ""XiaoLi Lei"", ""id"": ""https://openalex.org/A5110340497"", ""orcid"": null, ""author_position"": ""middle"", ""is_corresponding"": false}, {""display_name"": ""Zhaoxin Wu"", ""id"": ""https://openalex.org/A5062921435"", ""orcid"": ""https://orcid.org/0000-0001-8898-0223"", ""author_position"": ""middle"", ""is_corresponding"": false}, {""display_name"": ""Zhiyong Yang"", ""id"": ""https://openalex.org/A5066201147"", ""orcid"": ""https://orcid.org/0000-0001-6581-0176"", ""author_position"": ""middle"", ""is_corresponding"": false}, {""display_name"": ""Guijiang Zhou"", ""id"": ""https://openalex.org/A5024928062"", ""orcid"": ""https://orcid.org/0000-0002-5863-3551"", ""author_position"": ""middle"", ""is_corresponding"": true}, {""display_name"": ""Dongdong Wang"", ""id"": ""https://openalex.org/A5038791578"", ""orcid"": ""https://orcid.org/0000-0001-7753-5853"", ""author_position"": ""last"", ""is_corresponding"": true}]"
10.1016/j.mtchem.2025.102796,Elsevier BV,,False,Modulating the photophysical properties of isomeric thermally activated delayed fluorescence emitters through precise control of intra/intermolecular hydrogen bonding for nondoped OLEDs,13,2025,2025-06-02,https://openalex.org/W4410973188,OLED,,2025,,73,openalex_title_and_abstract_cited_by_count_desc,none,0.0,False,False,False,journal,https://openalex.org/W4410973188,https://openalex.org/W4410973188,10.1016/j.mtchem.2025.102796,Materials Today Chemistry,https://openalex.org/S2898120712,journal,2468-5194,"[""2468-5194""]",article,0.98362784,8,Jinshan Wang,Jinshan Wang; Y. Niu; Yang Jiang; Zitong Chen; Chuang Yao; Wei Yao; Meng He; Jianfeng Zhang,"[{""display_name"": ""Jinshan Wang"", ""id"": ""https://openalex.org/A5044821807"", ""orcid"": ""https://orcid.org/0000-0003-1380-190X"", ""author_position"": ""first"", ""is_corresponding"": true}, {""display_name"": ""Y. Niu"", ""id"": ""https://openalex.org/A5107854494"", ""orcid"": null, ""author_position"": ""middle"", ""is_corresponding"": false}, {""display_name"": ""Yang Jiang"", ""id"": ""https://openalex.org/A5100872291"", ""orcid"": ""https://orcid.org/0009-0005-7171-6350"", ""author_position"": ""middle"", ""is_corresponding"": false}, {""display_name"": ""Zitong Chen"", ""id"": ""https://openalex.org/A5101806437"", ""orcid"": ""https://orcid.org/0000-0001-6054-2782"", ""author_position"": ""middle"", ""is_corresponding"": false}, {""display_name"": ""Chuang Yao"", ""id"": ""https://openalex.org/A5100635501"", ""orcid"": ""https://orcid.org/0000-0002-6673-8388"", ""author_position"": ""middle"", ""is_corresponding"": true}, {""display_name"": ""Wei Yao"", ""id"": ""https://openalex.org/A5087759183"", ""orcid"": ""https://orcid.org/0000-0003-4518-3632"", ""author_position"": ""middle"", ""is_corresponding"": false}, {""display_name"": ""Meng He"", ""id"": ""https://openalex.org/A5045486589"", ""orcid"": ""https://orcid.org/0000-0001-6209-563X"", ""author_position"": ""middle"", ""is_corresponding"": false}, {""display_name"": ""Jianfeng Zhang"", ""id"": ""https://openalex.org/A5100374715"", ""orcid"": ""https://orcid.org/0000-0002-5570-9100"", ""author_position"": ""last"", ""is_corresponding"": true}]"
10.1021/jacs.5c00121,American Chemical Society,https://pubs.acs.org/doi/pdf/10.1021/jacs.5c00121?ref=article_openPDF,True,Motivation on Intramolecular Through-Space Charge Transfer for the Realization of Thermally Activated Delayed Fluorescence (TADF)–Thermally Stimulated Delayed Phosphorescence (TSDP) in C^C^N Gold(III) Complexes and Their Applications in Organic Light-Emitting Devices,13,2025,2025-03-30,https://openalex.org/W4408973715,OLED,,2025,,74,openalex_title_and_abstract_cited_by_count_desc,none,0.0,False,False,False,journal,https://openalex.org/W4408973715,https://openalex.org/W4408973715,10.1021/jacs.5c00121,Journal of the American Chemical Society,https://openalex.org/S111155417,journal,0002-7863,"[""0002-7863"", ""1520-5126"", ""1943-2984""]",article,0.98304366,9,Panpan Li,Panpan Li; Ziyong Chen; Ming‐Yi Leung; Shiu‐Lun Lai; Shun‐Cheung Cheng; Wing‐Kei Kwok; Chi‐Chiu Ko; Mei‐Yee Chan; Vivian Wing‐Wah Yam,"[{""display_name"": ""Panpan Li"", ""id"": ""https://openalex.org/A5100384491"", ""orcid"": ""https://orcid.org/0000-0001-8003-1760"", ""author_position"": ""first"", ""is_corresponding"": false}, {""display_name"": ""Ziyong Chen"", ""id"": ""https://openalex.org/A5091047219"", ""orcid"": ""https://orcid.org/0000-0002-7407-0840"", ""author_position"": ""middle"", ""is_corresponding"": false}, {""display_name"": ""Ming‐Yi Leung"", ""id"": ""https://openalex.org/A5047986580"", ""orcid"": ""https://orcid.org/0000-0002-7965-5362"", ""author_position"": ""middle"", ""is_corresponding"": false}, {""display_name"": ""Shiu‐Lun Lai"", ""id"": ""https://openalex.org/A5014163140"", ""orcid"": ""https://orcid.org/0000-0003-1965-9908"", ""author_position"": ""middle"", ""is_corresponding"": false}, {""display_name"": ""Shun‐Cheung Cheng"", ""id"": ""https://openalex.org/A5014813334"", ""orcid"": ""https://orcid.org/0000-0002-7199-452X"", ""author_position"": ""middle"", ""is_corresponding"": false}, {""display_name"": ""Wing‐Kei Kwok"", ""id"": ""https://openalex.org/A5051192495"", ""orcid"": ""https://orcid.org/0000-0001-6871-7508"", ""author_position"": ""middle"", ""is_corresponding"": false}, {""display_name"": ""Chi‐Chiu Ko"", ""id"": ""https://openalex.org/A5040490481"", ""orcid"": ""https://orcid.org/0000-0002-2426-3206"", ""author_position"": ""middle"", ""is_corresponding"": false}, {""display_name"": ""Mei‐Yee Chan"", ""id"": ""https://openalex.org/A5002592323"", ""orcid"": ""https://orcid.org/0000-0001-6849-317X"", ""author_position"": ""middle"", ""is_corresponding"": false}, {""display_name"": ""Vivian Wing‐Wah Yam"", ""id"": ""https://openalex.org/A5043356846"", ""orcid"": ""https://orcid.org/0000-0001-8349-4429"", ""author_position"": ""last"", ""is_corresponding"": true}]"
10.1038/s41377-025-01817-x,Springer Nature,https://www.nature.com/articles/s41377-025-01817-x.pdf,True,Exceptionally high brightness and long lifetime of efficient blue OLEDs for programmable active-matrix display,13,2025,2025-04-09,https://openalex.org/W4409309023,OLED,,2025,,75,openalex_title_and_abstract_cited_by_count_desc,none,0.0,False,False,False,journal,https://openalex.org/W4409309023,https://openalex.org/W4409309023,10.1038/s41377-025-01817-x,Light Science & Applications,https://openalex.org/S2498964232,journal,2047-7538,"[""2047-7538"", ""2095-5545""]",article,0.98306204,20,Chengcheng Wu,Chengcheng Wu; Kai‐Ning Tong; Kefei Shi; Wei He; Manli Huang; Jie Yan; Siqi Li; Zhaoyun Jin; Xin Wang; Sinyeong Jung; Jingrui Ma; Yixi Zhuang; Rong‐Jun Xie; Cunjiang Yu; Hong Meng; Xiao Wei Sun; Chuluo Yang; Yün Chi; Feiyu Kang; Guodan Wei,"[{""display_name"": ""Chengcheng Wu"", ""id"": ""https://openalex.org/A5016180927"", ""orcid"": ""https://orcid.org/0000-0002-8204-9961"", ""author_position"": ""first"", ""is_corresponding"": true}, {""display_name"": ""Kai‐Ning Tong"", ""id"": ""https://openalex.org/A5018721364"", ""orcid"": null, ""author_position"": ""middle"", ""is_corresponding"": false}, {""display_name"": ""Kefei Shi"", ""id"": ""https://openalex.org/A5031768438"", ""orcid"": ""https://orcid.org/0009-0002-1624-9874"", ""author_position"": ""middle"", ""is_corresponding"": false}, {""display_name"": ""Wei He"", ""id"": ""https://openalex.org/A5088509100"", ""orcid"": ""https://orcid.org/0000-0001-7872-4103"", ""author_position"": ""middle"", ""is_corresponding"": false}, {""display_name"": ""Manli Huang"", ""id"": ""https://openalex.org/A5023110076"", ""orcid"": null, ""author_position"": ""middle"", ""is_corresponding"": false}, {""display_name"": ""Jie Yan"", ""id"": ""https://openalex.org/A5030869260"", ""orcid"": ""https://orcid.org/0000-0002-8305-5749"", ""author_position"": ""middle"", ""is_corresponding"": false}, {""display_name"": ""Siqi Li"", ""id"": ""https://openalex.org/A5113333115"", ""orcid"": null, ""author_position"": ""middle"", ""is_corresponding"": false}, {""display_name"": ""Zhaoyun Jin"", ""id"": ""https://openalex.org/A5104195408"", ""orcid"": null, ""author_position"": ""middle"", ""is_corresponding"": false}, {""display_name"": ""Xin Wang"", ""id"": ""https://openalex.org/A5009837437"", ""orcid"": ""https://orcid.org/0000-0003-0862-9631"", ""author_position"": ""middle"", ""is_corresponding"": false}, {""display_name"": ""Sinyeong Jung"", ""id"": ""https://openalex.org/A5036916485"", ""orcid"": null, ""author_position"": ""middle"", ""is_corresponding"": false}, {""display_name"": ""Jingrui Ma"", ""id"": ""https://openalex.org/A5024102200"", ""orcid"": ""https://orcid.org/0000-0002-3227-7835"", ""author_position"": ""middle"", ""is_corresponding"": false}, {""display_name"": ""Yixi Zhuang"", ""id"": ""https://openalex.org/A5087877141"", ""orcid"": ""https://orcid.org/0000-0001-7290-1033"", ""author_position"": ""middle"", ""is_corresponding"": false}, {""display_name"": ""Rong‐Jun Xie"", ""id"": ""https://openalex.org/A5000510254"", ""orcid"": ""https://orcid.org/0000-0002-8387-1316"", ""author_position"": ""middle"", ""is_corresponding"": false}, {""display_name"": ""Cunjiang Yu"", ""id"": ""https://openalex.org/A5100653336"", ""orcid"": ""https://orcid.org/0000-0002-0155-0368"", ""author_position"": ""middle"", ""is_corresponding"": false}, {""display_name"": ""Hong Meng"", ""id"": ""https://openalex.org/A5015726778"", ""orcid"": ""https://orcid.org/0000-0001-5877-359X"", ""author_position"": ""middle"", ""is_corresponding"": false}, {""display_name"": ""Xiao Wei Sun"", ""id"": ""https://openalex.org/A5033342186"", ""orcid"": ""https://orcid.org/0000-0002-2840-1880"", ""author_position"": ""middle"", ""is_corresponding"": false}, {""display_name"": ""Chuluo Yang"", ""id"": ""https://openalex.org/A5089900071"", ""orcid"": ""https://orcid.org/0000-0001-9337-3460"", ""author_position"": ""middle"", ""is_corresponding"": false}, {""display_name"": ""Yün Chi"", ""id"": ""https://openalex.org/A5075969864"", ""orcid"": ""https://orcid.org/0000-0002-8441-3974"", ""author_position"": ""middle"", ""is_corresponding"": false}, {""display_name"": ""Feiyu Kang"", ""id"": ""https://openalex.org/A5050944748"", ""orcid"": ""https://orcid.org/0000-0002-3704-4379"", ""author_position"": ""middle"", ""is_corresponding"": false}, {""display_name"": ""Guodan Wei"", ""id"": ""https://openalex.org/A5086153400"", ""orcid"": ""https://orcid.org/0000-0003-2209-2789"", ""author_position"": ""last"", ""is_corresponding"": false}]"
10.1038/s41467-025-58534-7,Nature Portfolio,https://www.nature.com/articles/s41467-025-58534-7.pdf,True,Interface preassembly oriented growth strategy towards flexible crystalline covalent organic framework films for OLEDs,13,2025,2025-04-08,https://openalex.org/W4409274246,OLED,,2025,,76,openalex_title_and_abstract_cited_by_count_desc,none,0.0,False,False,False,journal,https://openalex.org/W4409274246,https://openalex.org/W4409274246,10.1038/s41467-025-58534-7,Nature Communications,https://openalex.org/S64187185,journal,2041-1723,"[""2041-1723""]",article,0.97628172,12,Xiangchun Li,Xiangchun Li; Hao Sun; Zuqiang Wang; Weijie Yang; Qiaoyu Wang; Chuanrui Wu; Jiajun Chen; Qinchen Jiang; Lingjun He; Qian Xue; Wei Huang; Wen‐Yong Lai,"[{""display_name"": ""Xiangchun Li"", ""id"": ""https://openalex.org/A5102020479"", ""orcid"": ""https://orcid.org/0000-0002-0596-6969"", ""author_position"": ""first"", ""is_corresponding"": true}, {""display_name"": ""Hao Sun"", ""id"": ""https://openalex.org/A5002533168"", ""orcid"": ""https://orcid.org/0000-0003-3670-3739"", ""author_position"": ""middle"", ""is_corresponding"": false}, {""display_name"": ""Zuqiang Wang"", ""id"": ""https://openalex.org/A5057655952"", ""orcid"": ""https://orcid.org/0000-0002-0020-3989"", ""author_position"": ""middle"", ""is_corresponding"": false}, {""display_name"": ""Weijie Yang"", ""id"": ""https://openalex.org/A5070673257"", ""orcid"": ""https://orcid.org/0000-0002-0232-1129"", ""author_position"": ""middle"", ""is_corresponding"": false}, {""display_name"": ""Qiaoyu Wang"", ""id"": ""https://openalex.org/A5068906214"", ""orcid"": null, ""author_position"": ""middle"", ""is_corresponding"": false}, {""display_name"": ""Chuanrui Wu"", ""id"": ""https://openalex.org/A5046569421"", ""orcid"": null, ""author_position"": ""middle"", ""is_corresponding"": false}, {""display_name"": ""Jiajun Chen"", ""id"": ""https://openalex.org/A5100427077"", ""orcid"": ""https://orcid.org/0000-0001-5884-030X"", ""author_position"": ""middle"", ""is_corresponding"": false}, {""display_name"": ""Qinchen Jiang"", ""id"": ""https://openalex.org/A5113110047"", ""orcid"": null, ""author_position"": ""middle"", ""is_corresponding"": false}, {""display_name"": ""Lingjun He"", ""id"": ""https://openalex.org/A5024028766"", ""orcid"": ""https://orcid.org/0000-0003-4918-2792"", ""author_position"": ""middle"", ""is_corresponding"": false}, {""display_name"": ""Qian Xue"", ""id"": ""https://openalex.org/A5102851974"", ""orcid"": ""https://orcid.org/0000-0003-0831-439X"", ""author_position"": ""middle"", ""is_corresponding"": false}, {""display_name"": ""Wei Huang"", ""id"": ""https://openalex.org/A5100352881"", ""orcid"": ""https://orcid.org/0000-0001-7004-6408"", ""author_position"": ""middle"", ""is_corresponding"": false}, {""display_name"": ""Wen‐Yong Lai"", ""id"": ""https://openalex.org/A5085298428"", ""orcid"": ""https://orcid.org/0000-0003-2381-1570"", ""author_position"": ""last"", ""is_corresponding"": false}]"
10.1002/adfm.202422927,Wiley,https://onlinelibrary.wiley.com/doi/pdfdirect/10.1002/adfm.202422927,True,Multi‐π‐Stacked Through‐Space Charge‐Transfer Emitters with Accelerated Radiative Decay for High‐Efficiency Organic Light‐Emitting Diodes with Suppressed Efficiency Roll‐Offs,12,2025,2025-01-07,https://openalex.org/W4406187594,OLED,,2025,,77,openalex_title_and_abstract_cited_by_count_desc,none,0.0,False,False,False,journal,https://openalex.org/W4406187594,https://openalex.org/W4406187594,10.1002/adfm.202422927,Advanced Functional Materials,https://openalex.org/S135204980,journal,1616-301X,"[""1616-301X"", ""1616-3028""]",article,0.97928796,6,Yongjun Song,Yongjun Song; Ke Zhang; Yibo Li; Yan Shu; Xiu Yue; Lei He,"[{""display_name"": ""Yongjun Song"", ""id"": ""https://openalex.org/A5101814974"", ""orcid"": ""https://orcid.org/0000-0002-9277-8113"", ""author_position"": ""first"", ""is_corresponding"": false}, {""display_name"": ""Ke Zhang"", ""id"": ""https://openalex.org/A5100365742"", ""orcid"": ""https://orcid.org/0000-0002-9099-5691"", ""author_position"": ""middle"", ""is_corresponding"": false}, {""display_name"": ""Yibo Li"", ""id"": ""https://openalex.org/A5102696729"", ""orcid"": null, ""author_position"": ""middle"", ""is_corresponding"": false}, {""display_name"": ""Yan Shu"", ""id"": ""https://openalex.org/A5064483056"", ""orcid"": ""https://orcid.org/0000-0002-8272-7662"", ""author_position"": ""middle"", ""is_corresponding"": false}, {""display_name"": ""Xiu Yue"", ""id"": ""https://openalex.org/A5020630428"", ""orcid"": ""https://orcid.org/0000-0002-4112-9535"", ""author_position"": ""middle"", ""is_corresponding"": false}, {""display_name"": ""Lei He"", ""id"": ""https://openalex.org/A5046505357"", ""orcid"": ""https://orcid.org/0000-0003-2106-740X"", ""author_position"": ""last"", ""is_corresponding"": true}]"
10.1002/adma.202418324,Advanced Materials,https://onlinelibrary.wiley.com/doi/pdfdirect/10.1002/adma.202418324,True,Achieving a Record Photoluminescence Quantum Yield in Green Light‐Emitting Carbon‐Centered Radicals with Nanosecond Emission Lifetimes,12,2025,2025-03-20,https://openalex.org/W4408675152,OLED,,2025,,78,openalex_title_and_abstract_cited_by_count_desc,none,0.0,False,False,False,journal,https://openalex.org/W4408675152,https://openalex.org/W4408675152,10.1002/adma.202418324,Advanced Materials,https://openalex.org/S99352657,journal,0935-9648,"[""0935-9648"", ""1521-4095""]",article,0.98013453,3,Man Li,Man Li; Xin Li; Ying‐Feng Han,"[{""display_name"": ""Man Li"", ""id"": ""https://openalex.org/A5100404472"", ""orcid"": ""https://orcid.org/0009-0008-6716-1091"", ""author_position"": ""first"", ""is_corresponding"": false}, {""display_name"": ""Xin Li"", ""id"": ""https://openalex.org/A5100353702"", ""orcid"": ""https://orcid.org/0009-0002-8445-5354"", ""author_position"": ""middle"", ""is_corresponding"": false}, {""display_name"": ""Ying‐Feng Han"", ""id"": ""https://openalex.org/A5003485405"", ""orcid"": ""https://orcid.org/0000-0002-9829-4670"", ""author_position"": ""last"", ""is_corresponding"": true}]"
10.1002/adma.202419217,Advanced Materials,https://onlinelibrary.wiley.com/doi/pdfdirect/10.1002/adma.202419217,True,Hot‐Exciton‐Involved Dual‐Channel Stepwise Energy Transfer Enabling Efficient and Stable Blue OLEDs with Narrow Emission and High Luminance,12,2025,2025-03-27,https://openalex.org/W4408922222,OLED,,2025,,79,openalex_title_and_abstract_cited_by_count_desc,none,0.0,False,False,False,journal,https://openalex.org/W4408922222,https://openalex.org/W4408922222,10.1002/adma.202419217,Advanced Materials,https://openalex.org/S99352657,journal,0935-9648,"[""0935-9648"", ""1521-4095""]",article,0.98037577,16,Han Zhang,Han Zhang; Jingli Lou; Kai Zhang; Xuecheng Guo; Ganggang Li; Baoxi Li; Bingzhu Ma; Chenfa Xiao; Lu Liu; Yi‐Chao Chen; Dezhi Yang; Dongge Ma; Jianwei Sun; Jacky W. Y. Lam; Zhiming Wang; Ben Zhong Tang,"[{""display_name"": ""Han Zhang"", ""id"": ""https://openalex.org/A5100399377"", ""orcid"": ""https://orcid.org/0000-0003-4069-1769"", ""author_position"": ""first"", ""is_corresponding"": false}, {""display_name"": ""Jingli Lou"", ""id"": ""https://openalex.org/A5035736951"", ""orcid"": null, ""author_position"": ""middle"", ""is_corresponding"": false}, {""display_name"": ""Kai Zhang"", ""id"": ""https://openalex.org/A5100323959"", ""orcid"": ""https://orcid.org/0000-0002-3830-9682"", ""author_position"": ""middle"", ""is_corresponding"": false}, {""display_name"": ""Xuecheng Guo"", ""id"": ""https://openalex.org/A5086353747"", ""orcid"": null, ""author_position"": ""middle"", ""is_corresponding"": false}, {""display_name"": ""Ganggang Li"", ""id"": ""https://openalex.org/A5114833643"", ""orcid"": ""https://orcid.org/0000-0002-5670-3499"", ""author_position"": ""middle"", ""is_corresponding"": false}, {""display_name"": ""Baoxi Li"", ""id"": ""https://openalex.org/A5102417003"", ""orcid"": null, ""author_position"": ""middle"", ""is_corresponding"": false}, {""display_name"": ""Bingzhu Ma"", ""id"": ""https://openalex.org/A5109795813"", ""orcid"": null, ""author_position"": ""middle"", ""is_corresponding"": false}, {""display_name"": ""Chenfa Xiao"", ""id"": ""https://openalex.org/A5063679767"", ""orcid"": ""https://orcid.org/0009-0000-6364-5533"", ""author_position"": ""middle"", ""is_corresponding"": false}, {""display_name"": ""Lu Liu"", ""id"": ""https://openalex.org/A5100396445"", ""orcid"": ""https://orcid.org/0000-0001-5101-5067"", ""author_position"": ""middle"", ""is_corresponding"": false}, {""display_name"": ""Yi‐Chao Chen"", ""id"": ""https://openalex.org/A5009913466"", ""orcid"": ""https://orcid.org/0000-0003-0782-4953"", ""author_position"": ""middle"", ""is_corresponding"": false}, {""display_name"": ""Dezhi Yang"", ""id"": ""https://openalex.org/A5051512156"", ""orcid"": ""https://orcid.org/0000-0003-3469-0102"", ""author_position"": ""middle"", ""is_corresponding"": false}, {""display_name"": ""Dongge Ma"", ""id"": ""https://openalex.org/A5073878907"", ""orcid"": ""https://orcid.org/0000-0001-7779-6113"", ""author_position"": ""middle"", ""is_corresponding"": false}, {""display_name"": ""Jianwei Sun"", ""id"": ""https://openalex.org/A5024502174"", ""orcid"": ""https://orcid.org/0000-0002-2470-1077"", ""author_position"": ""middle"", ""is_corresponding"": false}, {""display_name"": ""Jacky W. Y. Lam"", ""id"": ""https://openalex.org/A5056381208"", ""orcid"": null, ""author_position"": ""middle"", ""is_corresponding"": true}, {""display_name"": ""Zhiming Wang"", ""id"": ""https://openalex.org/A5100372799"", ""orcid"": ""https://orcid.org/0000-0002-3047-3285"", ""author_position"": ""middle"", ""is_corresponding"": true}, {""display_name"": ""Ben Zhong Tang"", ""id"": ""https://openalex.org/A5089379373"", ""orcid"": ""https://orcid.org/0000-0002-0293-964X"", ""author_position"": ""last"", ""is_corresponding"": true}]"
10.1002/smm2.1329,Wiley,https://onlinelibrary.wiley.com/doi/pdfdirect/10.1002/smm2.1329,True,Unveiling the Interfacial Properties of Organic Single‐Crystal Hole‐Transporting Layers for High‐Performance Light‐Emitting Devices,12,2025,2025-01-17,https://openalex.org/W4406529810,OLED,,2025,,80,openalex_title_and_abstract_cited_by_count_desc,none,0.0,False,False,False,journal,https://openalex.org/W4406529810,https://openalex.org/W4406529810,10.1002/smm2.1329,SmartMat,https://openalex.org/S4210207049,journal,2688-819X,"[""2688-819X"", ""2766-8525""]",article,0.97950047,17,Gao‐Da Ye,Gao‐Da Ye; Siyaqi Li; Ran Ding; Runda Guo; Hu Zhang; Zhengxi Liu; Fangxu Yang; Lingjie Sun; Yansong Li; Xiaobo Du; Xiaoxu Wang; Lei Wang; Yue‐Feng Liu; Hong‐Hua Fang; Yu Liu; Bin Xu; Jing Feng,"[{""display_name"": ""Gao‐Da Ye"", ""id"": ""https://openalex.org/A5019964307"", ""orcid"": ""https://orcid.org/0009-0008-5367-4347"", ""author_position"": ""first"", ""is_corresponding"": false}, {""display_name"": ""Siyaqi Li"", ""id"": ""https://openalex.org/A5111846461"", ""orcid"": null, ""author_position"": ""middle"", ""is_corresponding"": false}, {""display_name"": ""Ran Ding"", ""id"": ""https://openalex.org/A5006509204"", ""orcid"": ""https://orcid.org/0000-0003-0493-6642"", ""author_position"": ""middle"", ""is_corresponding"": true}, {""display_name"": ""Runda Guo"", ""id"": ""https://openalex.org/A5052225476"", ""orcid"": ""https://orcid.org/0000-0002-6373-9801"", ""author_position"": ""middle"", ""is_corresponding"": false}, {""display_name"": ""Hu Zhang"", ""id"": ""https://openalex.org/A5019857707"", ""orcid"": ""https://orcid.org/0000-0002-3281-4661"", ""author_position"": ""middle"", ""is_corresponding"": false}, {""display_name"": ""Zhengxi Liu"", ""id"": ""https://openalex.org/A5033917478"", ""orcid"": null, ""author_position"": ""middle"", ""is_corresponding"": false}, {""display_name"": ""Fangxu Yang"", ""id"": ""https://openalex.org/A5032242327"", ""orcid"": ""https://orcid.org/0000-0003-0284-2407"", ""author_position"": ""middle"", ""is_corresponding"": false}, {""display_name"": ""Lingjie Sun"", ""id"": ""https://openalex.org/A5101497526"", ""orcid"": ""https://orcid.org/0000-0002-3441-3810"", ""author_position"": ""middle"", ""is_corresponding"": false}, {""display_name"": ""Yansong Li"", ""id"": ""https://openalex.org/A5100762828"", ""orcid"": ""https://orcid.org/0000-0003-3480-5037"", ""author_position"": ""middle"", ""is_corresponding"": false}, {""display_name"": ""Xiaobo Du"", ""id"": ""https://openalex.org/A5011520700"", ""orcid"": ""https://orcid.org/0000-0001-6348-0636"", ""author_position"": ""middle"", ""is_corresponding"": false}, {""display_name"": ""Xiaoxu Wang"", ""id"": ""https://openalex.org/A5101551406"", ""orcid"": ""https://orcid.org/0000-0002-4291-0729"", ""author_position"": ""middle"", ""is_corresponding"": false}, {""display_name"": ""Lei Wang"", ""id"": ""https://openalex.org/A5100435870"", ""orcid"": ""https://orcid.org/0000-0002-2141-3256"", ""author_position"": ""middle"", ""is_corresponding"": false}, {""display_name"": ""Yue‐Feng Liu"", ""id"": ""https://openalex.org/A5101600673"", ""orcid"": ""https://orcid.org/0000-0003-3296-4982"", ""author_position"": ""middle"", ""is_corresponding"": false}, {""display_name"": ""Hong‐Hua Fang"", ""id"": ""https://openalex.org/A5004388310"", ""orcid"": ""https://orcid.org/0000-0003-3636-1011"", ""author_position"": ""middle"", ""is_corresponding"": false}, {""display_name"": ""Yu Liu"", ""id"": ""https://openalex.org/A5100345773"", ""orcid"": ""https://orcid.org/0000-0002-4533-9118"", ""author_position"": ""middle"", ""is_corresponding"": false}, {""display_name"": ""Bin Xu"", ""id"": ""https://openalex.org/A5100676318"", ""orcid"": ""https://orcid.org/0000-0002-0423-925X"", ""author_position"": ""middle"", ""is_corresponding"": false}, {""display_name"": ""Jing Feng"", ""id"": ""https://openalex.org/A5101964445"", ""orcid"": ""https://orcid.org/0000-0002-4814-8907"", ""author_position"": ""last"", ""is_corresponding"": true}]"
10.1021/acs.nanolett.4c04182,American Chemical Society,,False,Surface Charge Redistribution-Induced Electrochemiluminescence Enhancement of Gold Nanoclusters: The Novel Generation of Efficient Illuminants,12,2025,2025-02-03,https://openalex.org/W4407108824,OLED,,2025,,81,openalex_title_and_abstract_cited_by_count_desc,none,0.0,False,False,False,journal,https://openalex.org/W4407108824,https://openalex.org/W4407108824,10.1021/acs.nanolett.4c04182,Nano Letters,https://openalex.org/S143846845,journal,1530-6984,"[""1530-6984"", ""1530-6992""]",article,0.98453172,6,Xiaochun Zhu,Xiaochun Zhu; Xiaoyu Shi; Xiaofeng Wang; Ying Zhou; Yaqin Chai; Ruo Yuan,"[{""display_name"": ""Xiaochun Zhu"", ""id"": ""https://openalex.org/A5006276626"", ""orcid"": ""https://orcid.org/0009-0006-7937-812X"", ""author_position"": ""first"", ""is_corresponding"": false}, {""display_name"": ""Xiaoyu Shi"", ""id"": ""https://openalex.org/A5056158140"", ""orcid"": ""https://orcid.org/0009-0009-4955-5836"", ""author_position"": ""middle"", ""is_corresponding"": false}, {""display_name"": ""Xiaofeng Wang"", ""id"": ""https://openalex.org/A5100333244"", ""orcid"": ""https://orcid.org/0000-0002-5413-4798"", ""author_position"": ""middle"", ""is_corresponding"": false}, {""display_name"": ""Ying Zhou"", ""id"": ""https://openalex.org/A5101807585"", ""orcid"": ""https://orcid.org/0000-0002-1270-9039"", ""author_position"": ""middle"", ""is_corresponding"": true}, {""display_name"": ""Yaqin Chai"", ""id"": ""https://openalex.org/A5057795872"", ""orcid"": ""https://orcid.org/0000-0003-4392-9592"", ""author_position"": ""middle"", ""is_corresponding"": true}, {""display_name"": ""Ruo Yuan"", ""id"": ""https://openalex.org/A5075456604"", ""orcid"": ""https://orcid.org/0000-0003-3664-6236"", ""author_position"": ""last"", ""is_corresponding"": true}]"
10.1038/s41467-025-60172-y,Nature Portfolio,https://www.nature.com/articles/s41467-025-60172-y.pdf,True,Stable narrowband blue OLEDs by modulating frontier molecular orbital levels,12,2025,2025-05-28,https://openalex.org/W4410831169,OLED,,2025,,82,openalex_title_and_abstract_cited_by_count_desc,none,0.0,False,False,False,journal,https://openalex.org/W4410831169,https://openalex.org/W4410831169,10.1038/s41467-025-60172-y,Nature Communications,https://openalex.org/S64187185,journal,2041-1723,"[""2041-1723""]",article,0.98115036,10,Xiao‐Chun Fan,Xiao‐Chun Fan; Xun Tang; Tong-Yuan Zhang; Shintaro Kohata; Jia Yu; Xiankai Chen; Kai Wang; Takuji Hatakeyama; Chihaya Adachi; Xiaohong Zhang,"[{""display_name"": ""Xiao‐Chun Fan"", ""id"": ""https://openalex.org/A5083180289"", ""orcid"": ""https://orcid.org/0000-0002-4628-8228"", ""author_position"": ""first"", ""is_corresponding"": true}, {""display_name"": ""Xun Tang"", ""id"": ""https://openalex.org/A5089892480"", ""orcid"": ""https://orcid.org/0000-0003-3385-1613"", ""author_position"": ""middle"", ""is_corresponding"": false}, {""display_name"": ""Tong-Yuan Zhang"", ""id"": ""https://openalex.org/A5008190564"", ""orcid"": null, ""author_position"": ""middle"", ""is_corresponding"": false}, {""display_name"": ""Shintaro Kohata"", ""id"": ""https://openalex.org/A5069656969"", ""orcid"": null, ""author_position"": ""middle"", ""is_corresponding"": false}, {""display_name"": ""Jia Yu"", ""id"": ""https://openalex.org/A5044370039"", ""orcid"": ""https://orcid.org/0000-0002-0159-060X"", ""author_position"": ""middle"", ""is_corresponding"": false}, {""display_name"": ""Xiankai Chen"", ""id"": ""https://openalex.org/A5028466294"", ""orcid"": ""https://orcid.org/0000-0002-8580-7246"", ""author_position"": ""middle"", ""is_corresponding"": false}, {""display_name"": ""Kai Wang"", ""id"": ""https://openalex.org/A5029999584"", ""orcid"": ""https://orcid.org/0000-0002-9860-2282"", ""author_position"": ""middle"", ""is_corresponding"": false}, {""display_name"": ""Takuji Hatakeyama"", ""id"": ""https://openalex.org/A5067377274"", ""orcid"": ""https://orcid.org/0000-0002-7483-9525"", ""author_position"": ""middle"", ""is_corresponding"": false}, {""display_name"": ""Chihaya Adachi"", ""id"": ""https://openalex.org/A5022077244"", ""orcid"": ""https://orcid.org/0000-0001-6117-9604"", ""author_position"": ""middle"", ""is_corresponding"": false}, {""display_name"": ""Xiaohong Zhang"", ""id"": ""https://openalex.org/A5100330119"", ""orcid"": ""https://orcid.org/0000-0002-6732-2499"", ""author_position"": ""last"", ""is_corresponding"": false}]"
10.1039/d4sc07503j,Royal Society of Chemistry,https://pubs.rsc.org/en/content/articlepdf/2025/sc/d4sc07503j,True,A mesityl-functionalized double-boron–nitrogen–oxygen-embedded multi-resonance framework achieves anti-quenching narrowband deep-blue electroluminescence with EQE over 30% and CIE<sub><i>y</i></sub> of 0.046,12,2025,2025-01-01,https://openalex.org/W4406713164,OLED,,2025,,83,openalex_title_and_abstract_cited_by_count_desc,none,0.0,False,False,False,journal,https://openalex.org/W4406713164,https://openalex.org/W4406713164,10.1039/d4sc07503j,Chemical Science,https://openalex.org/S184645833,journal,2041-6520,"[""2041-6520"", ""2041-6539""]",article,0.97941644,7,Zhuixing Xue,Zhuixing Xue; Zhengqi Xiao; Yang Zou; Zhanxiang Chen; Jiahui Liu; Zhongyan Huang; Chuluo Yang,"[{""display_name"": ""Zhuixing Xue"", ""id"": ""https://openalex.org/A5109760721"", ""orcid"": null, ""author_position"": ""first"", ""is_corresponding"": false}, {""display_name"": ""Zhengqi Xiao"", ""id"": ""https://openalex.org/A5074109444"", ""orcid"": null, ""author_position"": ""middle"", ""is_corresponding"": false}, {""display_name"": ""Yang Zou"", ""id"": ""https://openalex.org/A5074211047"", ""orcid"": ""https://orcid.org/0000-0001-9291-0586"", ""author_position"": ""middle"", ""is_corresponding"": false}, {""display_name"": ""Zhanxiang Chen"", ""id"": ""https://openalex.org/A5089934847"", ""orcid"": ""https://orcid.org/0000-0002-8264-0460"", ""author_position"": ""middle"", ""is_corresponding"": false}, {""display_name"": ""Jiahui Liu"", ""id"": ""https://openalex.org/A5100326006"", ""orcid"": ""https://orcid.org/0000-0002-5726-159X"", ""author_position"": ""middle"", ""is_corresponding"": false}, {""display_name"": ""Zhongyan Huang"", ""id"": ""https://openalex.org/A5010946067"", ""orcid"": ""https://orcid.org/0000-0002-7553-6964"", ""author_position"": ""middle"", ""is_corresponding"": true}, {""display_name"": ""Chuluo Yang"", ""id"": ""https://openalex.org/A5089900071"", ""orcid"": ""https://orcid.org/0000-0001-9337-3460"", ""author_position"": ""last"", ""is_corresponding"": true}]"
10.1039/d5sc01439e,Royal Society of Chemistry,https://pubs.rsc.org/en/content/articlepdf/2025/sc/d5sc01439e,True,Narrowband multi-resonance pure-red emitters <i>via</i> enhanced molecular orbital delocalization for high-performance organic light-emitting diodes,12,2025,2025-01-01,https://openalex.org/W4408580517,OLED,,2025,,84,openalex_title_and_abstract_cited_by_count_desc,none,0.0,False,False,False,journal,https://openalex.org/W4408580517,https://openalex.org/W4408580517,10.1039/d5sc01439e,Chemical Science,https://openalex.org/S184645833,journal,2041-6520,"[""2041-6520"", ""2041-6539""]",article,0.98062848,8,Xiaowei Wang,Xiaowei Wang; Tao Hua; Nengquan Li; Guohao Chen; Zhanxiang Chen; Jingsheng Miao; Xiaosong Cao; Chuluo Yang,"[{""display_name"": ""Xiaowei Wang"", ""id"": ""https://openalex.org/A5100460507"", ""orcid"": ""https://orcid.org/0000-0002-7542-6108"", ""author_position"": ""first"", ""is_corresponding"": false}, {""display_name"": ""Tao Hua"", ""id"": ""https://openalex.org/A5038719116"", ""orcid"": ""https://orcid.org/0009-0008-2786-2926"", ""author_position"": ""middle"", ""is_corresponding"": true}, {""display_name"": ""Nengquan Li"", ""id"": ""https://openalex.org/A5042776026"", ""orcid"": ""https://orcid.org/0000-0001-6894-193X"", ""author_position"": ""middle"", ""is_corresponding"": false}, {""display_name"": ""Guohao Chen"", ""id"": ""https://openalex.org/A5045304391"", ""orcid"": null, ""author_position"": ""middle"", ""is_corresponding"": false}, {""display_name"": ""Zhanxiang Chen"", ""id"": ""https://openalex.org/A5089934847"", ""orcid"": ""https://orcid.org/0000-0002-8264-0460"", ""author_position"": ""middle"", ""is_corresponding"": false}, {""display_name"": ""Jingsheng Miao"", ""id"": ""https://openalex.org/A5068811434"", ""orcid"": ""https://orcid.org/0009-0006-0268-0427"", ""author_position"": ""middle"", ""is_corresponding"": false}, {""display_name"": ""Xiaosong Cao"", ""id"": ""https://openalex.org/A5066418823"", ""orcid"": ""https://orcid.org/0000-0001-9999-8840"", ""author_position"": ""middle"", ""is_corresponding"": false}, {""display_name"": ""Chuluo Yang"", ""id"": ""https://openalex.org/A5089900071"", ""orcid"": ""https://orcid.org/0000-0001-9337-3460"", ""author_position"": ""last"", ""is_corresponding"": true}]"
10.1039/d5sc01958c,Royal Society of Chemistry,https://pubs.rsc.org/en/content/articlepdf/2025/sc/d5sc01958c,True,Spiro-fluorene locked multi-resonance delayed fluorescence helical framework: efficient circularly polarized electroluminescent materials,12,2025,2025-01-01,https://openalex.org/W4410332871,OLED,,2025,,85,openalex_title_and_abstract_cited_by_count_desc,none,0.0,False,False,False,journal,https://openalex.org/W4410332871,https://openalex.org/W4410332871,10.1039/d5sc01958c,Chemical Science,https://openalex.org/S184645833,journal,2041-6520,"[""2041-6520"", ""2041-6539""]",article,0.9809901,6,Xinliang Cai,Xinliang Cai; Jinbei Wei; Zhiqiang Li; Yexuan Pu; Youwei Wu; Yue Wang,"[{""display_name"": ""Xinliang Cai"", ""id"": ""https://openalex.org/A5068137750"", ""orcid"": ""https://orcid.org/0009-0003-9873-4108"", ""author_position"": ""first"", ""is_corresponding"": true}, {""display_name"": ""Jinbei Wei"", ""id"": ""https://openalex.org/A5031833461"", ""orcid"": ""https://orcid.org/0000-0002-5977-5527"", ""author_position"": ""middle"", ""is_corresponding"": false}, {""display_name"": ""Zhiqiang Li"", ""id"": ""https://openalex.org/A5100438044"", ""orcid"": ""https://orcid.org/0000-0001-7939-6543"", ""author_position"": ""middle"", ""is_corresponding"": false}, {""display_name"": ""Yexuan Pu"", ""id"": ""https://openalex.org/A5054926211"", ""orcid"": null, ""author_position"": ""middle"", ""is_corresponding"": false}, {""display_name"": ""Youwei Wu"", ""id"": ""https://openalex.org/A5040557321"", ""orcid"": ""https://orcid.org/0000-0002-5524-0891"", ""author_position"": ""middle"", ""is_corresponding"": false}, {""display_name"": ""Yue Wang"", ""id"": ""https://openalex.org/A5100371961"", ""orcid"": ""https://orcid.org/0000-0001-6936-5081"", ""author_position"": ""last"", ""is_corresponding"": false}]"
10.1002/adfm.202422822,Wiley,,False,Efficient and Multifunctional Electroluminescent Ultra Deep‐Blue Material with Hybrid Localization and Charge Transfer,11,2025,2025-02-09,https://openalex.org/W4407376304,OLED,,2025,,86,openalex_title_and_abstract_cited_by_count_desc,none,0.0,False,False,False,journal,https://openalex.org/W4407376304,https://openalex.org/W4407376304,10.1002/adfm.202422822,Advanced Functional Materials,https://openalex.org/S135204980,journal,1616-301X,"[""1616-301X"", ""1616-3028""]",article,0.97713907,9,Mingliang Xie,Mingliang Xie; Chenglin Ma; Yannan Zhou; Jingru Song; Li Zhang; Shitong Zhang; Qikun Sun; Wenjun Yang; Shanfeng Xue,"[{""display_name"": ""Mingliang Xie"", ""id"": ""https://openalex.org/A5042803943"", ""orcid"": null, ""author_position"": ""first"", ""is_corresponding"": false}, {""display_name"": ""Chenglin Ma"", ""id"": ""https://openalex.org/A5075735596"", ""orcid"": ""https://orcid.org/0009-0008-9571-6007"", ""author_position"": ""middle"", ""is_corresponding"": false}, {""display_name"": ""Yannan Zhou"", ""id"": ""https://openalex.org/A5067707403"", ""orcid"": null, ""author_position"": ""middle"", ""is_corresponding"": false}, {""display_name"": ""Jingru Song"", ""id"": ""https://openalex.org/A5101651061"", ""orcid"": null, ""author_position"": ""middle"", ""is_corresponding"": false}, {""display_name"": ""Li Zhang"", ""id"": ""https://openalex.org/A5100425709"", ""orcid"": ""https://orcid.org/0000-0003-1152-8962"", ""author_position"": ""middle"", ""is_corresponding"": false}, {""display_name"": ""Shitong Zhang"", ""id"": ""https://openalex.org/A5115595680"", ""orcid"": ""https://orcid.org/0000-0003-0177-2929"", ""author_position"": ""middle"", ""is_corresponding"": false}, {""display_name"": ""Qikun Sun"", ""id"": ""https://openalex.org/A5046190491"", ""orcid"": ""https://orcid.org/0000-0002-9579-6050"", ""author_position"": ""middle"", ""is_corresponding"": false}, {""display_name"": ""Wenjun Yang"", ""id"": ""https://openalex.org/A5101602141"", ""orcid"": ""https://orcid.org/0000-0003-0829-5635"", ""author_position"": ""middle"", ""is_corresponding"": false}, {""display_name"": ""Shanfeng Xue"", ""id"": ""https://openalex.org/A5085656244"", ""orcid"": ""https://orcid.org/0000-0003-4934-4982"", ""author_position"": ""last"", ""is_corresponding"": true}]"
10.1002/adma.202417330,Advanced Materials,,False,Quantum‐Dot‐Electrolyte Light‐Emitting Diodes for Displays,11,2025,2025-02-17,https://openalex.org/W4407717716,OLED,,2025,,87,openalex_title_and_abstract_cited_by_count_desc,none,0.0,False,False,False,journal,https://openalex.org/W4407717716,https://openalex.org/W4407717716,10.1002/adma.202417330,Advanced Materials,https://openalex.org/S99352657,journal,0935-9648,"[""0935-9648"", ""1521-4095""]",article,0.96739508,10,Yunfei Ren,Yunfei Ren; Xiaoci Liang; Xiuyuan Lu; Baiquan Liu; Li Zhang; Lingjiao Zhang; Yi Huang; Huajian Zheng; Yizheng Jin; Chuan Liu,"[{""display_name"": ""Yunfei Ren"", ""id"": ""https://openalex.org/A5005418192"", ""orcid"": ""https://orcid.org/0000-0002-7811-4804"", ""author_position"": ""first"", ""is_corresponding"": false}, {""display_name"": ""Xiaoci Liang"", ""id"": ""https://openalex.org/A5018402037"", ""orcid"": ""https://orcid.org/0000-0002-7421-0153"", ""author_position"": ""middle"", ""is_corresponding"": false}, {""display_name"": ""Xiuyuan Lu"", ""id"": ""https://openalex.org/A5005648120"", ""orcid"": ""https://orcid.org/0000-0001-5958-482X"", ""author_position"": ""middle"", ""is_corresponding"": false}, {""display_name"": ""Baiquan Liu"", ""id"": ""https://openalex.org/A5084617578"", ""orcid"": ""https://orcid.org/0000-0001-9375-7683"", ""author_position"": ""middle"", ""is_corresponding"": true}, {""display_name"": ""Li Zhang"", ""id"": ""https://openalex.org/A5100425637"", ""orcid"": ""https://orcid.org/0000-0002-7601-6565"", ""author_position"": ""middle"", ""is_corresponding"": false}, {""display_name"": ""Lingjiao Zhang"", ""id"": ""https://openalex.org/A5101479701"", ""orcid"": ""https://orcid.org/0000-0002-8886-3155"", ""author_position"": ""middle"", ""is_corresponding"": false}, {""display_name"": ""Yi Huang"", ""id"": ""https://openalex.org/A5102808172"", ""orcid"": ""https://orcid.org/0009-0003-3354-5429"", ""author_position"": ""middle"", ""is_corresponding"": false}, {""display_name"": ""Huajian Zheng"", ""id"": ""https://openalex.org/A5114220256"", ""orcid"": null, ""author_position"": ""middle"", ""is_corresponding"": false}, {""display_name"": ""Yizheng Jin"", ""id"": ""https://openalex.org/A5086861120"", ""orcid"": ""https://orcid.org/0000-0002-2485-0064"", ""author_position"": ""middle"", ""is_corresponding"": true}, {""display_name"": ""Chuan Liu"", ""id"": ""https://openalex.org/A5100320813"", ""orcid"": ""https://orcid.org/0000-0002-0695-592X"", ""author_position"": ""last"", ""is_corresponding"": true}]"
10.1002/adom.202500228,Wiley,,False,High‐Efficiency Deep Blue OLEDs With Hot Exciton Materials as Emitters and Hosts,11,2025,2025-05-02,https://openalex.org/W4410036674,OLED,,2025,,88,openalex_title_and_abstract_cited_by_count_desc,none,0.0,False,False,False,journal,https://openalex.org/W4410036674,https://openalex.org/W4410036674,10.1002/adom.202500228,Advanced Optical Materials,https://openalex.org/S108229257,journal,2195-1071,"[""2195-1071""]",article,0.97851356,9,Lveting Zhang,Lveting Zhang; Dehua Hu; Shipan Wang; Yuyu Pan; Wenle Tan; Yue Yu; Mingke Li; Lei Ying; Yuguang Ma,"[{""display_name"": ""Lveting Zhang"", ""id"": ""https://openalex.org/A5111211166"", ""orcid"": null, ""author_position"": ""first"", ""is_corresponding"": false}, {""display_name"": ""Dehua Hu"", ""id"": ""https://openalex.org/A5063391920"", ""orcid"": ""https://orcid.org/0000-0002-0163-0878"", ""author_position"": ""middle"", ""is_corresponding"": true}, {""display_name"": ""Shipan Wang"", ""id"": ""https://openalex.org/A5051035853"", ""orcid"": null, ""author_position"": ""middle"", ""is_corresponding"": false}, {""display_name"": ""Yuyu Pan"", ""id"": ""https://openalex.org/A5073887327"", ""orcid"": ""https://orcid.org/0000-0001-6097-1480"", ""author_position"": ""middle"", ""is_corresponding"": false}, {""display_name"": ""Wenle Tan"", ""id"": ""https://openalex.org/A5062108068"", ""orcid"": null, ""author_position"": ""middle"", ""is_corresponding"": false}, {""display_name"": ""Yue Yu"", ""id"": ""https://openalex.org/A5100397972"", ""orcid"": ""https://orcid.org/0000-0002-4758-8492"", ""author_position"": ""middle"", ""is_corresponding"": false}, {""display_name"": ""Mingke Li"", ""id"": ""https://openalex.org/A5023500308"", ""orcid"": ""https://orcid.org/0000-0001-6310-4964"", ""author_position"": ""middle"", ""is_corresponding"": false}, {""display_name"": ""Lei Ying"", ""id"": ""https://openalex.org/A5041923029"", ""orcid"": ""https://orcid.org/0000-0003-1137-2355"", ""author_position"": ""middle"", ""is_corresponding"": true}, {""display_name"": ""Yuguang Ma"", ""id"": ""https://openalex.org/A5100443244"", ""orcid"": ""https://orcid.org/0000-0003-0373-5873"", ""author_position"": ""last"", ""is_corresponding"": false}]"
10.1002/adom.202500683,Wiley,,False,Recent Progress in Organic TADF Emitters Containing Heavy Atoms,11,2025,2025-06-14,https://openalex.org/W4411298977,OLED,,2025,,89,openalex_title_and_abstract_cited_by_count_desc,none,0.0,False,False,False,journal,https://openalex.org/W4411298977,https://openalex.org/W4411298977,10.1002/adom.202500683,Advanced Optical Materials,https://openalex.org/S108229257,journal,2195-1071,"[""2195-1071""]",article,0.97885814,3,Seja A. Elgadi,Seja A. Elgadi; Sydney Mikulin; Zachary M. Hudson,"[{""display_name"": ""Seja A. Elgadi"", ""id"": ""https://openalex.org/A5073971207"", ""orcid"": ""https://orcid.org/0000-0002-2775-7762"", ""author_position"": ""first"", ""is_corresponding"": false}, {""display_name"": ""Sydney Mikulin"", ""id"": ""https://openalex.org/A5093273956"", ""orcid"": ""https://orcid.org/0009-0003-5192-4561"", ""author_position"": ""middle"", ""is_corresponding"": false}, {""display_name"": ""Zachary M. Hudson"", ""id"": ""https://openalex.org/A5074843525"", ""orcid"": ""https://orcid.org/0000-0002-8033-4136"", ""author_position"": ""last"", ""is_corresponding"": true}]"
10.1002/advs.202410479,Wiley,https://onlinelibrary.wiley.com/doi/pdfdirect/10.1002/advs.202410479,True,Achieving Narrowband and Stable Pure Blue Organic Light‐Emitting Diodes by Employing Molecular Vibration Limited Strategies in the Extended π‐Conjugated Indolocarbazole Skeleton,11,2025,2025-01-13,https://openalex.org/W4406323188,OLED,,2025,,90,openalex_title_and_abstract_cited_by_count_desc,none,0.0,False,False,False,journal,https://openalex.org/W4406323188,https://openalex.org/W4406323188,10.1002/advs.202410479,Advanced Science,https://openalex.org/S2737737698,journal,2198-3844,"[""2198-3844""]",article,0.97652649,8,Zhiheng Wang,Zhiheng Wang; Xuming Hu; Zhi‐Ping Yan; Jie Liang; Xiaoxian Song; Qishen Chen; Hai Bi; Yue Wang,"[{""display_name"": ""Zhiheng Wang"", ""id"": ""https://openalex.org/A5100655745"", ""orcid"": ""https://orcid.org/0000-0002-4369-3914"", ""author_position"": ""first"", ""is_corresponding"": false}, {""display_name"": ""Xuming Hu"", ""id"": ""https://openalex.org/A5109782052"", ""orcid"": null, ""author_position"": ""middle"", ""is_corresponding"": false}, {""display_name"": ""Zhi‐Ping Yan"", ""id"": ""https://openalex.org/A5074960380"", ""orcid"": ""https://orcid.org/0000-0001-5310-9366"", ""author_position"": ""middle"", ""is_corresponding"": true}, {""display_name"": ""Jie Liang"", ""id"": ""https://openalex.org/A5024661681"", ""orcid"": ""https://orcid.org/0000-0002-8592-4952"", ""author_position"": ""middle"", ""is_corresponding"": false}, {""display_name"": ""Xiaoxian Song"", ""id"": ""https://openalex.org/A5002194321"", ""orcid"": ""https://orcid.org/0000-0002-1341-1656"", ""author_position"": ""middle"", ""is_corresponding"": false}, {""display_name"": ""Qishen Chen"", ""id"": ""https://openalex.org/A5052723299"", ""orcid"": ""https://orcid.org/0009-0004-8282-7569"", ""author_position"": ""middle"", ""is_corresponding"": false}, {""display_name"": ""Hai Bi"", ""id"": ""https://openalex.org/A5083479306"", ""orcid"": ""https://orcid.org/0000-0002-2017-3668"", ""author_position"": ""middle"", ""is_corresponding"": true}, {""display_name"": ""Yue Wang"", ""id"": ""https://openalex.org/A5100371961"", ""orcid"": null, ""author_position"": ""last"", ""is_corresponding"": true}]"
10.1002/agt2.70069,Wiley,https://onlinelibrary.wiley.com/doi/pdfdirect/10.1002/agt2.70069,True,Carbon–Nitrogen Axial Chirality as a Novel Chiral Framework Design Strategy for Circularly Polarized Luminescence Materials,11,2025,2025-06-13,https://openalex.org/W4411285355,OLED,,2025,,91,openalex_title_and_abstract_cited_by_count_desc,none,0.0,False,False,False,journal,https://openalex.org/W4411285355,https://openalex.org/W4411285355,10.1002/agt2.70069,Aggregate,https://openalex.org/S4210220553,journal,2692-4560,"[""2692-4560"", ""2766-8541""]",article,0.98648999,14,Lei Zeng,Lei Zeng; Chen‐Hao Guo; Chensen Li; Ziwei Deng; Yi Lü; Lin Lü; Peng Meng; Simei Sun; Zijie Qiu; Meng Li; Yu Xiong; Zheng Zhao; Chuan‐Feng Chen; Wei He,"[{""display_name"": ""Lei Zeng"", ""id"": ""https://openalex.org/A5101586532"", ""orcid"": ""https://orcid.org/0000-0003-0419-4933"", ""author_position"": ""first"", ""is_corresponding"": false}, {""display_name"": ""Chen‐Hao Guo"", ""id"": ""https://openalex.org/A5113307375"", ""orcid"": null, ""author_position"": ""middle"", ""is_corresponding"": false}, {""display_name"": ""Chensen Li"", ""id"": ""https://openalex.org/A5016421197"", ""orcid"": ""https://orcid.org/0009-0009-6810-7086"", ""author_position"": ""middle"", ""is_corresponding"": false}, {""display_name"": ""Ziwei Deng"", ""id"": ""https://openalex.org/A5087127976"", ""orcid"": null, ""author_position"": ""middle"", ""is_corresponding"": false}, {""display_name"": ""Yi Lü"", ""id"": ""https://openalex.org/A5025589399"", ""orcid"": ""https://orcid.org/0000-0002-0701-0733"", ""author_position"": ""middle"", ""is_corresponding"": false}, {""display_name"": ""Lin Lü"", ""id"": ""https://openalex.org/A5001198088"", ""orcid"": ""https://orcid.org/0000-0001-5881-892X"", ""author_position"": ""middle"", ""is_corresponding"": false}, {""display_name"": ""Peng Meng"", ""id"": ""https://openalex.org/A5007239727"", ""orcid"": ""https://orcid.org/0000-0002-4624-2430"", ""author_position"": ""middle"", ""is_corresponding"": false}, {""display_name"": ""Simei Sun"", ""id"": ""https://openalex.org/A5030490239"", ""orcid"": ""https://orcid.org/0000-0002-5028-6276"", ""author_position"": ""middle"", ""is_corresponding"": false}, {""display_name"": ""Zijie Qiu"", ""id"": ""https://openalex.org/A5080348037"", ""orcid"": ""https://orcid.org/0000-0003-0728-1178"", ""author_position"": ""middle"", ""is_corresponding"": true}, {""display_name"": ""Meng Li"", ""id"": ""https://openalex.org/A5100457587"", ""orcid"": ""https://orcid.org/0000-0003-4835-9293"", ""author_position"": ""middle"", ""is_corresponding"": true}, {""display_name"": ""Yu Xiong"", ""id"": ""https://openalex.org/A5007830024"", ""orcid"": ""https://orcid.org/0000-0002-9156-0438"", ""author_position"": ""middle"", ""is_corresponding"": false}, {""display_name"": ""Zheng Zhao"", ""id"": ""https://openalex.org/A5102744838"", ""orcid"": ""https://orcid.org/0000-0003-3978-8686"", ""author_position"": ""middle"", ""is_corresponding"": true}, {""display_name"": ""Chuan‐Feng Chen"", ""id"": ""https://openalex.org/A5054073596"", ""orcid"": ""https://orcid.org/0000-0002-4347-1406"", ""author_position"": ""middle"", ""is_corresponding"": true}, {""display_name"": ""Wei He"", ""id"": ""https://openalex.org/A5102010884"", ""orcid"": ""https://orcid.org/0000-0003-3606-0817"", ""author_position"": ""last"", ""is_corresponding"": true}]"
10.1002/anie.202424918,Wiley,,False,High‐Performance White Circularly Polarized Photoluminescence and Electroluminescence from Multi‐Emission Enantiomers,11,2025,2025-02-10,https://openalex.org/W4407312362,OLED,,2025,,92,openalex_title_and_abstract_cited_by_count_desc,none,0.0,False,False,False,journal,https://openalex.org/W4407312362,https://openalex.org/W4407312362,10.1002/anie.202424918,Angewandte Chemie International Edition,https://openalex.org/S67393510,journal,1433-7851,"[""1433-7851"", ""1521-3773""]",article,0.98785548,4,Pei Zhao,Pei Zhao; Wei‐Chen Guo; Haiyan Lu; Chuan‐Feng Chen,"[{""display_name"": ""Pei Zhao"", ""id"": ""https://openalex.org/A5020265574"", ""orcid"": ""https://orcid.org/0000-0002-8179-1291"", ""author_position"": ""first"", ""is_corresponding"": false}, {""display_name"": ""Wei‐Chen Guo"", ""id"": ""https://openalex.org/A5075911699"", ""orcid"": ""https://orcid.org/0009-0006-9662-1574"", ""author_position"": ""middle"", ""is_corresponding"": false}, {""display_name"": ""Haiyan Lu"", ""id"": ""https://openalex.org/A5100618432"", ""orcid"": ""https://orcid.org/0000-0001-5655-0237"", ""author_position"": ""middle"", ""is_corresponding"": true}, {""display_name"": ""Chuan‐Feng Chen"", ""id"": ""https://openalex.org/A5054073596"", ""orcid"": ""https://orcid.org/0000-0002-4347-1406"", ""author_position"": ""last"", ""is_corresponding"": true}]"
10.1016/j.jmsy.2024.12.016,Elsevier BV,,False,Intelligent path planning algorithm system for printed display manufacturing using graph convolutional neural network and reinforcement learning,11,2025,2025-01-14,https://openalex.org/W4406349844,OLED,,2025,,93,openalex_title_and_abstract_cited_by_count_desc,none,0.0,False,False,False,journal,https://openalex.org/W4406349844,https://openalex.org/W4406349844,10.1016/j.jmsy.2024.12.016,Journal of Manufacturing Systems,https://openalex.org/S201698446,journal,0278-6125,"[""0278-6125"", ""1878-6642""]",article,0.98799991,6,Jiacong Xiong,Jiacong Xiong; Jiankui Chen; Wei Chen; Xiao Yue; Ziwei Zhao; Zhouping Yin,"[{""display_name"": ""Jiacong Xiong"", ""id"": ""https://openalex.org/A5059207484"", ""orcid"": ""https://orcid.org/0000-0002-0303-560X"", ""author_position"": ""first"", ""is_corresponding"": false}, {""display_name"": ""Jiankui Chen"", ""id"": ""https://openalex.org/A5086643063"", ""orcid"": ""https://orcid.org/0000-0003-2732-2221"", ""author_position"": ""middle"", ""is_corresponding"": true}, {""display_name"": ""Wei Chen"", ""id"": ""https://openalex.org/A5100344585"", ""orcid"": ""https://orcid.org/0000-0003-3983-0063"", ""author_position"": ""middle"", ""is_corresponding"": true}, {""display_name"": ""Xiao Yue"", ""id"": ""https://openalex.org/A5004116684"", ""orcid"": ""https://orcid.org/0000-0002-3368-941X"", ""author_position"": ""middle"", ""is_corresponding"": false}, {""display_name"": ""Ziwei Zhao"", ""id"": ""https://openalex.org/A5101746012"", ""orcid"": ""https://orcid.org/0009-0008-4551-348X"", ""author_position"": ""middle"", ""is_corresponding"": false}, {""display_name"": ""Zhouping Yin"", ""id"": ""https://openalex.org/A5053892414"", ""orcid"": ""https://orcid.org/0000-0001-5766-2337"", ""author_position"": ""last"", ""is_corresponding"": false}]"
10.1016/j.jphotochemrev.2025.100700,Elsevier BV,,False,Advances in the design of thermally activated delayed fluorescence materials for high-efficiency OLEDs,11,2025,2025-05-22,https://openalex.org/W4410593970,OLED,,2025,,94,openalex_title_and_abstract_cited_by_count_desc,none,0.0,False,False,False,journal,https://openalex.org/W4410593970,https://openalex.org/W4410593970,10.1016/j.jphotochemrev.2025.100700,Journal of Photochemistry and Photobiology C Photochemistry Reviews,https://openalex.org/S143106029,journal,1389-5567,"[""1389-5567"", ""1873-2739""]",article,0.97856744,13,Ehsan Ullah Mughal,Ehsan Ullah Mughal; Nafeesa Naeem; Syeda Fariha Kainat; Abdulaziz M. Almohyawi; Jihan Qurban; Amina Sadiq; Ahmad Abd‐El‐Aziz; Ning Ma; Alaa S. Abd‐El‐Aziz; A. Timoumi; Ziad Moussa; Sameer S.A. Natto; Saleh A. Ahmed,"[{""display_name"": ""Ehsan Ullah Mughal"", ""id"": ""https://openalex.org/A5064721135"", ""orcid"": ""https://orcid.org/0000-0001-9463-9398"", ""author_position"": ""first"", ""is_corresponding"": true}, {""display_name"": ""Nafeesa Naeem"", ""id"": ""https://openalex.org/A5056541463"", ""orcid"": ""https://orcid.org/0000-0002-6647-9697"", ""author_position"": ""middle"", ""is_corresponding"": false}, {""display_name"": ""Syeda Fariha Kainat"", ""id"": ""https://openalex.org/A5031764716"", ""orcid"": null, ""author_position"": ""middle"", ""is_corresponding"": false}, {""display_name"": ""Abdulaziz M. Almohyawi"", ""id"": ""https://openalex.org/A5093296478"", ""orcid"": ""https://orcid.org/0009-0001-8923-1168"", ""author_position"": ""middle"", ""is_corresponding"": false}, {""display_name"": ""Jihan Qurban"", ""id"": ""https://openalex.org/A5063340743"", ""orcid"": null, ""author_position"": ""middle"", ""is_corresponding"": false}, {""display_name"": ""Amina Sadiq"", ""id"": ""https://openalex.org/A5010981009"", ""orcid"": ""https://orcid.org/0000-0002-3317-7238"", ""author_position"": ""middle"", ""is_corresponding"": false}, {""display_name"": ""Ahmad Abd‐El‐Aziz"", ""id"": ""https://openalex.org/A5083117949"", ""orcid"": ""https://orcid.org/0000-0002-6741-0755"", ""author_position"": ""middle"", ""is_corresponding"": false}, {""display_name"": ""Ning Ma"", ""id"": ""https://openalex.org/A5056361478"", ""orcid"": ""https://orcid.org/0000-0002-3252-5472"", ""author_position"": ""middle"", ""is_corresponding"": false}, {""display_name"": ""Alaa S. Abd‐El‐Aziz"", ""id"": ""https://openalex.org/A5086992858"", ""orcid"": ""https://orcid.org/0000-0002-2808-1151"", ""author_position"": ""middle"", ""is_corresponding"": false}, {""display_name"": ""A. Timoumi"", ""id"": ""https://openalex.org/A5056485301"", ""orcid"": null, ""author_position"": ""middle"", ""is_corresponding"": false}, {""display_name"": ""Ziad Moussa"", ""id"": ""https://openalex.org/A5086877136"", ""orcid"": ""https://orcid.org/0000-0002-3365-0451"", ""author_position"": ""middle"", ""is_corresponding"": false}, {""display_name"": ""Sameer S.A. Natto"", ""id"": ""https://openalex.org/A5113650012"", ""orcid"": null, ""author_position"": ""middle"", ""is_corresponding"": false}, {""display_name"": ""Saleh A. Ahmed"", ""id"": ""https://openalex.org/A5043179374"", ""orcid"": ""https://orcid.org/0000-0002-2364-0380"", ""author_position"": ""last"", ""is_corresponding"": true}]"
10.1039/d5tc01128k,Royal Society of Chemistry,,False,"Balancing the molecular twist and conformational rigidity in imidazo[1,2- <i>a</i> ]pyridines to achieve dual-state emissive (DSE) luminogens for applications in OLEDs and cell-imaging",11,2025,2025-01-01,https://openalex.org/W4409476894,OLED,,2025,,95,openalex_title_and_abstract_cited_by_count_desc,none,0.0,False,False,False,journal,https://openalex.org/W4409476894,https://openalex.org/W4409476894,10.1039/d5tc01128k,Journal of Materials Chemistry C,https://openalex.org/S2500738039,journal,2050-7526,"[""2050-7526"", ""2050-7534""]",article,0.96863557,10,Chinmay Thakkar,Chinmay Thakkar; S. N. Kale; Mohammad Amir Ahemad; Monalisha Debnath; Anjali Tripathi; Saona Seth; Purav M. Badani; Rohit Srivastava; Sangita Bose; Satyajit Saha,"[{""display_name"": ""Chinmay Thakkar"", ""id"": ""https://openalex.org/A5064732794"", ""orcid"": ""https://orcid.org/0000-0002-7176-9883"", ""author_position"": ""first"", ""is_corresponding"": true}, {""display_name"": ""S. N. Kale"", ""id"": ""https://openalex.org/A5075205672"", ""orcid"": ""https://orcid.org/0000-0002-5842-0310"", ""author_position"": ""middle"", ""is_corresponding"": false}, {""display_name"": ""Mohammad Amir Ahemad"", ""id"": ""https://openalex.org/A5117164607"", ""orcid"": null, ""author_position"": ""middle"", ""is_corresponding"": false}, {""display_name"": ""Monalisha Debnath"", ""id"": ""https://openalex.org/A5102977314"", ""orcid"": ""https://orcid.org/0000-0002-9515-8307"", ""author_position"": ""middle"", ""is_corresponding"": false}, {""display_name"": ""Anjali Tripathi"", ""id"": ""https://openalex.org/A5042193248"", ""orcid"": ""https://orcid.org/0000-0001-7722-3390"", ""author_position"": ""middle"", ""is_corresponding"": false}, {""display_name"": ""Saona Seth"", ""id"": ""https://openalex.org/A5071638126"", ""orcid"": ""https://orcid.org/0000-0003-2077-0240"", ""author_position"": ""middle"", ""is_corresponding"": false}, {""display_name"": ""Purav M. Badani"", ""id"": ""https://openalex.org/A5027436061"", ""orcid"": ""https://orcid.org/0000-0002-5270-5227"", ""author_position"": ""middle"", ""is_corresponding"": false}, {""display_name"": ""Rohit Srivastava"", ""id"": ""https://openalex.org/A5037362936"", ""orcid"": ""https://orcid.org/0000-0002-3937-5139"", ""author_position"": ""middle"", ""is_corresponding"": false}, {""display_name"": ""Sangita Bose"", ""id"": ""https://openalex.org/A5054474275"", ""orcid"": ""https://orcid.org/0000-0003-2163-7636"", ""author_position"": ""middle"", ""is_corresponding"": false}, {""display_name"": ""Satyajit Saha"", ""id"": ""https://openalex.org/A5017175293"", ""orcid"": ""https://orcid.org/0000-0003-0407-7251"", ""author_position"": ""last"", ""is_corresponding"": false}]"
10.1093/nsr/nwaf250,Oxford University Press,https://academic.oup.com/nsr/advance-article-pdf/doi/10.1093/nsr/nwaf250/63661173/nwaf250.pdf,True,"Narrowband deep-blue emission from a BN-embedded cyclophane: synthesis, characterization, and OLED application",11,2025,2025-06-19,https://openalex.org/W4412001454,OLED,,2025,,96,openalex_title_and_abstract_cited_by_count_desc,none,0.0,False,False,False,journal,https://openalex.org/W4412001454,https://openalex.org/W4412001454,10.1093/nsr/nwaf250,National Science Review,https://openalex.org/S2734413303,journal,2053-714X,"[""2053-714X"", ""2095-5138""]",article,0.97845647,4,Tianjiao Fan,Tianjiao Fan; Cheng Qu; Lian Duan; Yuewei Zhang,"[{""display_name"": ""Tianjiao Fan"", ""id"": ""https://openalex.org/A5031345587"", ""orcid"": null, ""author_position"": ""first"", ""is_corresponding"": true}, {""display_name"": ""Cheng Qu"", ""id"": ""https://openalex.org/A5107094106"", ""orcid"": ""https://orcid.org/0000-0003-3909-9119"", ""author_position"": ""middle"", ""is_corresponding"": false}, {""display_name"": ""Lian Duan"", ""id"": ""https://openalex.org/A5108959262"", ""orcid"": null, ""author_position"": ""middle"", ""is_corresponding"": false}, {""display_name"": ""Yuewei Zhang"", ""id"": ""https://openalex.org/A5101975971"", ""orcid"": ""https://orcid.org/0000-0002-4192-1442"", ""author_position"": ""last"", ""is_corresponding"": false}]"
10.1002/adma.202513987,Advanced Materials,,False,Increasing Aromaticity in Selenium‐Embedded Hetero Ring Enables Stable Narrowband Multi‐Resonance TADF Emitter for Long‐Lifetime Pure‐Green OLEDs,10,2025,2025-09-24,https://openalex.org/W4414473310,OLED,,2025,,97,openalex_title_and_abstract_cited_by_count_desc,none,0.0,False,False,False,journal,https://openalex.org/W4414473310,https://openalex.org/W4414473310,10.1002/adma.202513987,Advanced Materials,https://openalex.org/S99352657,journal,0935-9648,"[""0935-9648"", ""1521-4095""]",article,0.97624317,6,Jiahui Liu,Jiahui Liu; Jingsheng Miao; Junjie Dong; Zhanxiang Chen; Zhongyan Huang; Chuluo Yang,"[{""display_name"": ""Jiahui Liu"", ""id"": ""https://openalex.org/A5100326006"", ""orcid"": ""https://orcid.org/0000-0002-5726-159X"", ""author_position"": ""first"", ""is_corresponding"": false}, {""display_name"": ""Jingsheng Miao"", ""id"": ""https://openalex.org/A5068811434"", ""orcid"": ""https://orcid.org/0009-0006-0268-0427"", ""author_position"": ""middle"", ""is_corresponding"": false}, {""display_name"": ""Junjie Dong"", ""id"": ""https://openalex.org/A5108940350"", ""orcid"": null, ""author_position"": ""middle"", ""is_corresponding"": false}, {""display_name"": ""Zhanxiang Chen"", ""id"": ""https://openalex.org/A5089934847"", ""orcid"": ""https://orcid.org/0000-0002-8264-0460"", ""author_position"": ""middle"", ""is_corresponding"": false}, {""display_name"": ""Zhongyan Huang"", ""id"": ""https://openalex.org/A5010946067"", ""orcid"": ""https://orcid.org/0000-0002-7553-6964"", ""author_position"": ""middle"", ""is_corresponding"": true}, {""display_name"": ""Chuluo Yang"", ""id"": ""https://openalex.org/A5089900071"", ""orcid"": ""https://orcid.org/0000-0001-9337-3460"", ""author_position"": ""last"", ""is_corresponding"": true}]"
10.1002/adom.202402479,Wiley,,False,Luminescent Organosilane and Organogermane MR‐TADF Emitters for Operationally Stable Blue Organic Light‐Emitting Diodes,10,2025,2025-01-10,https://openalex.org/W4406250045,OLED,,2025,,98,openalex_title_and_abstract_cited_by_count_desc,none,0.0,False,False,False,journal,https://openalex.org/W4406250045,https://openalex.org/W4406250045,10.1002/adom.202402479,Advanced Optical Materials,https://openalex.org/S108229257,journal,2195-1071,"[""2195-1071""]",article,0.9707803,12,Sijie Li,Sijie Li; Xiongkai Tang; Chiu Hwi Ng; Jia Yang Lim; Wai Kit Tang; Wen‐Cheng Chen; Yanping Huo; Maggie Ng; Season S. Chen; Dongdong Zhang; Lian Duan; Man‐Chung Tang,"[{""display_name"": ""Sijie Li"", ""id"": ""https://openalex.org/A5028789471"", ""orcid"": ""https://orcid.org/0000-0002-8329-1186"", ""author_position"": ""first"", ""is_corresponding"": false}, {""display_name"": ""Xiongkai Tang"", ""id"": ""https://openalex.org/A5027197027"", ""orcid"": null, ""author_position"": ""middle"", ""is_corresponding"": false}, {""display_name"": ""Chiu Hwi Ng"", ""id"": ""https://openalex.org/A5114169937"", ""orcid"": null, ""author_position"": ""middle"", ""is_corresponding"": false}, {""display_name"": ""Jia Yang Lim"", ""id"": ""https://openalex.org/A5101368638"", ""orcid"": null, ""author_position"": ""middle"", ""is_corresponding"": false}, {""display_name"": ""Wai Kit Tang"", ""id"": ""https://openalex.org/A5014530420"", ""orcid"": ""https://orcid.org/0000-0001-8649-1805"", ""author_position"": ""middle"", ""is_corresponding"": false}, {""display_name"": ""Wen‐Cheng Chen"", ""id"": ""https://openalex.org/A5020279524"", ""orcid"": ""https://orcid.org/0000-0003-3788-3516"", ""author_position"": ""middle"", ""is_corresponding"": false}, {""display_name"": ""Yanping Huo"", ""id"": ""https://openalex.org/A5028637561"", ""orcid"": ""https://orcid.org/0000-0003-4124-6026"", ""author_position"": ""middle"", ""is_corresponding"": false}, {""display_name"": ""Maggie Ng"", ""id"": ""https://openalex.org/A5034303175"", ""orcid"": ""https://orcid.org/0000-0002-0656-3002"", ""author_position"": ""middle"", ""is_corresponding"": true}, {""display_name"": ""Season S. Chen"", ""id"": ""https://openalex.org/A5055226898"", ""orcid"": ""https://orcid.org/0000-0002-0323-7447"", ""author_position"": ""middle"", ""is_corresponding"": true}, {""display_name"": ""Dongdong Zhang"", ""id"": ""https://openalex.org/A5100416379"", ""orcid"": ""https://orcid.org/0000-0002-8433-6200"", ""author_position"": ""middle"", ""is_corresponding"": false}, {""display_name"": ""Lian Duan"", ""id"": ""https://openalex.org/A5070210507"", ""orcid"": ""https://orcid.org/0000-0003-2750-0972"", ""author_position"": ""middle"", ""is_corresponding"": false}, {""display_name"": ""Man‐Chung Tang"", ""id"": ""https://openalex.org/A5049760663"", ""orcid"": ""https://orcid.org/0000-0001-9334-9348"", ""author_position"": ""last"", ""is_corresponding"": true}]"
10.1002/anie.202505191,Wiley,https://onlinelibrary.wiley.com/doi/pdfdirect/10.1002/anie.202505191,True,Blue‐to‐Green Fine‐Tunable Narrowband Delayed Fluorescence in Peripherally Dendritic Modified Bis‐Indolocarbazoles,10,2025,2025-05-07,https://openalex.org/W4410145612,OLED,,2025,,99,openalex_title_and_abstract_cited_by_count_desc,none,0.0,False,False,False,journal,https://openalex.org/W4410145612,https://openalex.org/W4410145612,10.1002/anie.202505191,Angewandte Chemie International Edition,https://openalex.org/S67393510,journal,1433-7851,"[""1433-7851"", ""1521-3773""]",article,0.97496157,4,Jun Hyeon Lee,Jun Hyeon Lee; T. Watanabe; Lars Hartmann; Takuma Yasuda,"[{""display_name"": ""Jun Hyeon Lee"", ""id"": ""https://openalex.org/A5005059556"", ""orcid"": null, ""author_position"": ""first"", ""is_corresponding"": false}, {""display_name"": ""T. Watanabe"", ""id"": ""https://openalex.org/A5009845987"", ""orcid"": ""https://orcid.org/0000-0003-2432-239X"", ""author_position"": ""middle"", ""is_corresponding"": false}, {""display_name"": ""Lars Hartmann"", ""id"": ""https://openalex.org/A5110080409"", ""orcid"": null, ""author_position"": ""middle"", ""is_corresponding"": false}, {""display_name"": ""Takuma Yasuda"", ""id"": ""https://openalex.org/A5082698861"", ""orcid"": ""https://orcid.org/0000-0003-1586-4701"", ""author_position"": ""last"", ""is_corresponding"": true}]"
10.1016/j.molstruc.2025.141466,Elsevier BV,,True,Structural insights and molecular advancements in fluorene-based electroluminescent materials: A mini-review,10,2025,2025-01-16,https://openalex.org/W4406410760,OLED,,2025,,100,openalex_title_and_abstract_cited_by_count_desc,none,0.0,False,False,False,journal,https://openalex.org/W4406410760,https://openalex.org/W4406410760,10.1016/j.molstruc.2025.141466,Journal of Molecular Structure,https://openalex.org/S203479135,journal,0022-2860,"[""0022-2860"", ""1872-8014""]",article,0.9728012,2,Yunzhuo Qu,Yunzhuo Qu; Yuanzhe Li,"[{""display_name"": ""Yunzhuo Qu"", ""id"": ""https://openalex.org/A5102563711"", ""orcid"": null, ""author_position"": ""first"", ""is_corresponding"": false}, {""display_name"": ""Yuanzhe Li"", ""id"": ""https://openalex.org/A5100699371"", ""orcid"": ""https://orcid.org/0000-0001-7530-8286"", ""author_position"": ""last"", ""is_corresponding"": true}]"
